"context","location","source","target"
"No Sc, msc: SupernovaAlt, no sfx, Next: [O2]","O1","The Solar System. We all know it well. Home to an indescribable number of lifeforms across each planet.","Ai cũng biết Hệ Mặt Trời. Đó là mái nhà chung của hằng hà sa số các hành tinh và những loài sinh vật trên ấy."
"No Sc, msc: SupernovaAlt, no sfx, Next: [O3]","O2","That doesn’t matter much anymore. The Solar System is reaching its end and our Sun is reaching the end of its days. From Mercury to Uranus (Justice for Pluto) people are evacuating to escape the incoming supernova.","Nhưng có biết cũng chẳng để làm gì nữa. Mặt Trời sẽ sớm nổ tung và đưa cả Hệ Mặt Trời về cát bụi. Cư dân vũ trụ, từ Sao Thuỷ đến Sao Thiên Vương (và cả Sao Diêm Vương!), đều đang di tản để tránh vụ nổ siêu tân tinh khổng lồ sắp ập đến."
"No Sc, msc: SupernovaAlt, no sfx, Next: [O4]","O3","and I’m clocking in.","Còn tôi thì đi làm."
"No Sc, msc: SupernovaAlt, no sfx, Next: [O5a]","O4","It's a slow day. Not that it wasn’t expected or anything. A lot of people have evacuated already, or they just want to spend their money elsewhere besides our dingy gas station. ","Một ngày yên ắng. Cũng không có gì lạ. Người ta tháo chạy cả rồi, còn ai có tiền thì cũng chẳng buồn tạt qua cái trạm xăng tồi tàn này. "
"No Sc, msc: SupernovaAlt, sfx: Text_1, Next: [O5b]","O5a","-phone chimes-","[chuông điện thoại reo lên]"
"No Sc, msc: SupernovaAlt, sfx: , Next: [T1]","O5b","Crap.","Chết rồi."
"Sc: Cassiopeia, on phone, msc: SupernovaAlt, sfx: Pocket_Swoosh_1, Next: [TDN1-1,TDP1-1]","T1","Hey, did you finish packing?","Ê, dọn đồ chưa?"
"Sc: Cassiopeia, on phone, msc: SupernovaAlt, sfx: Pocket_Swoosh_1, Next: [TDN1-1,TDP1-1]","T1-Option-1","Yeah. (Lie)","Rồi. (Nói dối)"
"Sc: Cassiopeia, on phone, msc: SupernovaAlt, sfx: Pocket_Swoosh_1, Next: [TDN1-1,TDP1-1]","T1-Option-2","No, I’m at work right now.","Chưa, đang đi làm."
"Sc: Dmi, on phone, msc: SupernovaAlt, no sfx, Next: [TDN1-2]","TDN1-1","Yeah. Just handling some things right now.","Ừ, đang bận xíu."
"Sc: Cassiopeia, on phone, msc: SupernovaAlt, sfx: Text_4_vibrate, Next: [TDN1-3]","TDN1-2","Are you home? I can swing by your place to help.","Có nhà không? Để qua phụ nè."
"Sc: Dmi, on phone, msc: SupernovaAlt, no sfx, Next: [ROD1-1]","TDN1-3","No, its fine. I’m at work. The grind doesn’t stop.","Thôi khỏi, đang đi làm. Sao mà bỏ việc được."
"Sc: Dmi, on phone, msc: SupernovaAlt, no sfx, Next: [TDP1-2]","TDP1-1","I’m on the grind right now. I’ll see about that later.","Đang đi làm. Cái đó tính sau."
"Sc: Cassiopeia, on phone, msc: SupernovaAlt, sfx: Text_4_vibrate, Next: [TDP1-3]","TDP1-2","Dmi the SUN is gonna explode!?!?!?!","MẶT TRỜI sắp nổ tung á Mi!?!?!?"
"Sc: Dmi, on phone, msc: SupernovaAlt, no sfx, Next: [ROD1-1]","TDP1-3","Yeah, and my account is gonna overdraft.","Mặt trời có phát nổ thì mình cũng đâu hết nợ."
"Sc: Rob, msc: SupernovaAlt, sfx: Rob_Short, Next: [D1D-1]","ROD1-1","Dmi!","Mi!"
"No Sc, msc: SupernovaAlt, sfx: PhoneHangUp, Next: [DD1-1]","D1D-1","I jump from my seat and slam my phone onto the side of the counter.","Tôi nhảy dựng khỏi ghế và quăng chiếc điện thoại vào góc bàn."
"Sc: Dmi, msc: SupernovaAlt, no sfx, Next: [D1D-2]","DD1-1","I wasn’t on my phone!","Em đâu có dùng điện thoại!"
"No Sc, msc: SupernovaAlt, sfx: RobHuff2, Next: [ROD1-2]","D1D-2","Rob huffs.","Rob ""hừ"" một tiếng."
"Sc: Rob, msc: SupernovaAlt, sfx: ROB2, Next: [FOD1-1]","ROD1-2","I’m not your mother. I’m heading out, but I’m gonna leave Flubber with you.","Miễn trình bày. Tôi ra ngoài xíu, trông con Múp Míp giùm nhé."
"No Sc, msc: SupernovaAlt, sfx: FLUBBER1, Next: [DD1-2]","FOD1-1","Flubber meows","Múp Míp kêu ""meo""."
"Sc: Dmi, msc: SupernovaAlt, no sfx, Next: [ROD1-3]","DD1-2","Come on, Rob. What am I? A cat-sitter? and on company time?","Nhìn em giống con sen lắm hả, anh Rob? Đang trong giờ làm nữa đấy?"
"Sc: Rob, msc: SupernovaAlt, sfx: ROB3, Next: [DD1-3]","ROD1-3","Well, I’ll dock your pay if you don’t!","Hừ, cằn nhằn là tôi giam lương đấy!"
"Sc: Dmi, msc: SupernovaAlt, no sfx, Next: [ROD1-4]","DD1-3","Don’t you do that already?","Rồi lương tháng trước của em đâu?"
"Sc: Rob, msc: SupernovaAlt, no sfx, Next: [DD1-4]","ROD1-4","...","..."
"Sc: Dmi, msc: SupernovaAlt, no sfx, Next: [ROD1-5]","DD1-4","...","..."
"Sc: Rob, msc: SupernovaAlt, sfx: Rob_Short, Next: [ROD1-6]","ROD1-5","...anyways.","... e hèm."
"Sc: Rob, msc: SupernovaAlt, sfx: ROB3, Next: [ROD1-7]","ROD1-6","I gotta help my mom pack, and Flubber likes to play in boxes.","Tôi phải qua phụ mẹ dọn đồ, Múp Míp thích chơi với mấy cái hộp lắm."
"Sc: Rob, msc: SupernovaAlt, sfx: ROB2, Next: [FD1-1]","ROD1-7","Besides, she likes you anyway!","Nhỏ cũng bám cậu mà!"
"Sc: Flubber, msc: SupernovaAlt, sfx: FLUBBER2, Next: [ROD1-8]","FD1-1","Meow","Meo"
"Sc: Rob, msc: SupernovaAlt, sfx: Rob_Short, Next: [DD1-5]","ROD1-8","See?","Đó!"
"Sc: Dmi, msc: SupernovaAlt, no sfx, Next: [ROD1-9]","DD1-5","Fine...","Ừ, để em..."
"Sc: Rob, msc: SupernovaAlt, sfx: ROB1, Next: [ROD1-10]","ROD1-9","Thanks! Thats why I always tell people we need more Dmis at Cosmic Fuel!","Cảm ơn nhé! Cái chỗ này mà có nhiều người như cậu thì tốt biết mấy!"
"No Sc, msc: SupernovaAlt, sfx: Door_Chime,Door_Close, Next: [D1D-3]","ROD1-10","-door opens and chimes-","[cửa mở, chuông cửa reo lên]"
"No Sc, msc: SupernovaAlt, no sfx, Next: [D1D-4]","D1D-3","Ugh, Rob’s always piling stuff on me like this.","Hừ, ổng cứ gặp mình là nhờ vả."
"No Sc, msc: SupernovaAlt, no sfx, Next: [CalderEnter]","D1D-4","I stare at my phone. I shouldn’t leave Cassie hanging…","Tôi lại nhìn điện thoại. Nên nhắn lại liền chứ để Tiên chờ..."
"No Sc, msc: SupernovaAlt, sfx: Door_Chime,Door_Open, Next: [D1D-5]","CalderEnter","-door opens and chimes-","[cửa mở, chuông cửa reo lên]"
"No Sc, msc: SupernovaAlt, no sfx, Next: [D1D-6]","D1D-5","Cassiopeia’s got to wait.","Tí nữa nhé, Tiên Hậu."
"No Sc, msc: SupernovaAlt, no sfx, Next: [DD1-6]","D1D-6","The customer before me nods her head to the beat coming from her headphones. He sizes up the shelves. Almost looks like he has the intention of cleaning out our stock.","Vị khách trước mặt tôi đung đưa theo điệu nhạc trong tai nghe. Anh/chị ấy nhìn quanh, ngó dọc, như thể muốn hốt sạch những gì còn sót lại."
"Sc: Dmi, msc: SupernovaAlt, no sfx, Next: [CAD-1]","DD1-6","Uh, do you need anything?","Ờm, quý khách cần mua gì?"
"Sc: Calder, msc: SupernovaAlt, sfx: Calder_Short, Next: [D1D-7]","CAD-1","What!?","Hả!?"
"No Sc, msc: SupernovaAlt, no sfx, Next: [DD1-7]","D1D-7","What type of music is that? R&B? Retro R&B?","Nhạc gì vậy nhỉ? R&B? Retro R&B?"
"Sc: Dmi, msc: SupernovaAlt, no sfx, Next: [CAD-2]","DD1-7","DO YOU NEED ANYTHING?","QUÝ KHÁCH MUỐN MUA CÁI GÌ?"
"Sc: Calder, msc: SupernovaAlt, sfx: CALDER2, Next: [DD1-8]","CAD-2","DO I WHAT? I’M NOT GOOD AT READING LIPS!","CÁI GÌ MÀ BUA? KHÔNG HIỂU!"
"Sc: Dmi, msc: SupernovaAlt, no sfx, Next: [CAD-3]","DD1-8","TURN IT DOWN!","TẮT NHẠC GIÚP EM!"
"Sc: Calder, msc: SupernovaAlt, sfx: Calder_Short, Next: [D1D-8]","CAD-3","Oh!","À!"
"No Sc, msc: SupernovaAlt, no sfx, Next: [CAD-4]","D1D-8","She adjusts the volume of her headphones.","Anh/Chị ấy chỉnh âm lượng tai nghe."
"Sc: Calder, msc: SupernovaAlt, sfx: CALDER1, Next: [CAD-5]","CAD-4","Sorry, I sometimes forget to just turn off the music.","Xin lỗi em, lâu lâu cứ quên tắt nhạc."
"Sc: Calder, msc: SupernovaAlt, sfx: CALDER3, Next: [DD1-9a,DD1-11a]","CAD-5","Do you have a Doomsday sale going on?","Em có giảm giá mừng Tận thế không?"
"Sc: Calder, msc: SupernovaAlt, sfx: CALDER3, Next: [DD1-9a,DD1-11a]","CAD-5-Option-1","Doomsday Sale?","Mừng ngày Tận thế?"
"Sc: Calder, msc: SupernovaAlt, sfx: CALDER3, Next: [DD1-9a,DD1-11a]","CAD-5-Option-2","Sure, if you just take it.","Tuỳ anh/chị thôi, giảm bao nhiêu cũng có."
"Sc: Dmi, msc: SupernovaAlt, no sfx, Next: [DD1-9b]","DD1-9a","Doomsday Sale?","Mừng ngày Tận thế?"
"Sc: Dmi, msc: SupernovaAlt, no sfx, Next: [CAD-6]","DD1-9b","We’re supposed to have one?","Vậy thì phải giảm giá sao anh/chị?"
"Sc: Calder, msc: SupernovaAlt, sfx: CALDER2, Next: [D1D-9]","CAD-6","Well, why not? I looked it up on Froogle.","Chứ sao? Anh ""sợt"" mạng thấy ghi vậy."
"No Sc, msc: SupernovaAlt, no sfx, Next: [DD1-10]","D1D-9","I sigh. She’s one of those customers.","Tôi thở dài. Anh ấy là kiểu khách hàng ""đòi"" thân thiết."
"Sc: Dmi, msc: SupernovaAlt, no sfx, Next: [CAD-9]","DD1-10","Sorry, there are no Doomsday promotions going on. If you cash in with your Cosmic membership that’ll take a few luncos off.","Xin lỗi anh, nhưng bên em không có chương trình giảm giá mừng Tận thế. Nếu anh đổi điểm Hoàn Vũ thì sẽ được chiết khấu Nguyệt tệ."
"Sc: Dmi, msc: SupernovaAlt, no sfx, Next: [DD1-11b]","DD1-11a","Sure, if you just take it.","Tuỳ anh/chị thôi, giảm bao nhiêu cũng có."
"Sc: Dmi, msc: SupernovaAlt, no sfx, Next: [D1D-10]","DD1-11b","It’ll be 100% off then.","Giảm 100% cũng được nữa."
"No Sc, msc: SupernovaAlt, no sfx, Next: [CAD-7]","D1D-10","Calder’s eyes widen.","Mắt anh/chị Calder tròn xoe."
"Sc: Calder, msc: SupernovaAlt, sfx: CALDER1, Next: [D1D-11]","CAD-7","Really? I can just take it?","Thiệt hả? Là muốn lấy cái gì cũng được?"
"No Sc, msc: SupernovaAlt, no sfx, Next: [DD1-12]","D1D-11","Excitement spreads across his face.","Vẻ mặt Calder hào hứng hẳn."
"Sc: Dmi, msc: SupernovaAlt, no sfx, Next: [D1D-12]","DD1-12","No.","Cửa hàng..."
"No Sc, msc: SupernovaAlt, no sfx, Next: [CAD-8]","D1D-12","Her smile fades.","Nụ cười trên môi anh/chị tắt dần."
"Sc: Calder, msc: SupernovaAlt, sfx: Calder_Short, Next: [D1D-13]","CAD-8","Aww man.","Chán thế."
"No Sc, msc: SupernovaAlt, sfx: Calder_Grunt3, Next: [CAD-9]","D1D-13","He huffs.","Anh ấy thở mạnh."
"Sc: Calder, msc: SupernovaAlt, sfx: CALDER1, Next: [DD1-13]","CAD-9","Alright then, can I put 400 Luncos on pump 2, and what type of fizzy drinks do you have? You’ve gotta have a 2-for-1 deal here.","OK, vậy anh trả 400 Nguyệt tệ, đổ xăng bơm số 2 nhé, với lại có bán nước ngọt không? Không giảm giá thì cũng phải mua 2 tặng 1 chứ."
"Sc: Dmi, msc: SupernovaAlt, no sfx, Next: [CalderShopChoice]","DD1-13","Hold on, I think I have something in mind.","Anh chờ nhé, em nhớ là có."
"No Sc, msc: SupernovaAlt, no sfx, Next: [TDP2-1,TDN2-1]","CalderShopChoice","Select an item in the shop","Hãy chọn một vật phẩm trong tiệm"
"No Sc, msc: SupernovaAlt, no sfx, Next: [TDP2-1,TDN2-1]","CalderShopChoice-Option-1","","CalderShopChoice-Option-1
"
"No Sc, msc: SupernovaAlt, no sfx, Next: [TDP2-1,TDN2-1]CalderShopChoice-Option-2","CalderShopChoice-Option-2","","CalderShopChoice-Option-2
"
"No Sc, msc: SupernovaAlt, no sfx, Next: [TDP2-2]","TDP2-1","Her eyes light up from the soda in my hand.","Mắt anh/chị ấy sáng rực khi thấy tôi cầm chai nước ngọt."
"Sc: Calder, msc: SupernovaAlt, sfx: CALDER1, Next: [TDP2-3]","TDP2-2","You guys carry Deia Deia Soda!? I have a coupon for those!","Ở đây có nước Deia Deia luôn!? Đợi chút, anh lấy phiếu giảm giá!"
"No Sc, msc: SupernovaAlt, no sfx, Next: [TDP2-4]","TDP2-3","He pulls out a comically large coupon book and flips through the pages. She passes a coupon with a picture of Deia Deia Soda.","Anh ấy lôi ra một tập album phiếu giảm giá rồi lướt qua từng trang, sau đó lấy ra một phiếu giảm giá có hình chai nước ngọt Deia Deia."
"Sc: Dmi, msc: SupernovaAlt, no sfx, Next: [TDP2-5a]","TDP2-4","Huh. I guess you do. I’ll ring you up.","Ờm. Vậy cũng được. Để em giảm giá."
"No Sc, msc: SupernovaAlt, sfx: CashRegister, Next: [TDP2-5]","TDP2-5a","-register chimes-","[tiếng máy tính tiền ting ting]"
"Sc: Calder, msc: SupernovaAlt, sfx: CALDER3, Next: [TDP2-6a]","TDP2-5","Thanks!","Cảm ơn nhá!"
"No Sc, msc: SupernovaAlt, sfx: Door_Chime,Door_Close, Next: [TDP2-6]","TDP2-6a","-door chimes and closes-","[chuông cửa rung lên, cửa đóng]"
"No Sc, msc: SupernovaAlt, no sfx, Next: [D1D-14a]","TDP2-6","The candle-headed alien makes his way out of the gas station. I catch a glimpse of a snazzy-looking ship outside. She’s got good taste.","Vị khách lạ có đầu hình nến đấy bước ra khỏi trạm xăng. Tôi nhìn thoáng qua thì thấy một chiếc tàu bay có bề ngoài khá sành điệu. Anh/Chị ấy rõ là có gu."
"No Sc, msc: SupernovaAlt, sfx: FLUBBER1, Next: [D1D-14]","D1D-14a","Flubber meows","Múp Míp kêu ""meo""."
"Sc: Calder, msc: SupernovaAlt, sfx: CALDER1, Next: [TDN2-2]","TDN2-1","Uh, this isn’t what I was really looking for.","Hả, chị đâu có cần cái này."
"Sc: Calder, msc: SupernovaAlt, sfx: CALDER3, Next: [TDN2-3]","TDN2-2","I’ve gotta go! I almost forgot there is a sale on 5D glasses on Uranus!","Thôi anh đi trước nhé! Xém quên là đang giảm giá kính 5D trên Sao Thiên Vương! "
"No Sc, msc: SupernovaAlt, sfx: Door_Chime,Door_Close, Next: [D1D-14]","TDN2-3","He bolts out of the gas station.","Anh/Chị ấy phóng ra khỏi trạm xăng."
"No Sc, msc: SupernovaAlt, no sfx, Next: [D1D-15]","D1D-14","Flubber stares, unblinking.","Múp Míp nhìn tôi chằm chằm, không chớp mắt."
"No Sc, msc: SupernovaAlt, no sfx, Next: [ZD1a]","D1D-15","She usually does that when she’s happy!","Em ấy hay làm vậy khi thấy vui!"
"No Sc, msc: SupernovaAlt, sfx: Door_Chime,Door_Open, Next: [D1D-16]","ZD1a","-door opens and chimes-","[cửa mở, chuông cửa reo lên]"
"No Sc, msc: SupernovaAlt, no sfx, Next: [ZD1]","D1D-16","The cloudy person who enters the gas station yawns loudly. Her badge twinkles under the industrial lights.","Vị khách đầy mây bước vào trạm xăng, ngáp to. Huy hiệu của chị ấy sáng lấp lánh dưới ánh đèn huỳnh quang."
"Sc: Zerua, msc: SupernovaAlt, sfx: ZERUA_SLEEPY1, Next: [ZD1b]","ZD1","I’m starting a new job outside of the solar system. Do you have Zolkan Coffee perchance?","Tôi vừa nhận việc mới ngoài hệ Mặt Trời. Ở đây mà có Cà phê Zolkan thì hay biết mấy."
"No Sc, msc: SupernovaAlt, sfx: , Next: [TDP3-1,TDN3-1]","ZD1b","Select an item in the shop","Hãy chọn một vật phẩm trong tiệm"
"No Sc, msc: SupernovaAlt, sfx: , Next: [TDP3-1,TDN3-1]","ZD1b-Option-1","","ZD1b-Option-1
"
"No Sc, msc: SupernovaAlt, sfx: , Next: [TDP3-1,TDN3-1]ZD1b-Option-2","ZD1b-Option-2","","ZD1b-Option-2
"
"Sc: Zerua, msc: SupernovaAlt, sfx: ZERUA_SLEEPY2, Next: [TDP3-2]","TDP3-1","Oh, my stars! Thank you!","Thánh thần thiên hà ơi! Cảm ơn nha!"
"No Sc, msc: SupernovaAlt, no sfx, Next: [TDP3-3]","TDP3-2","Before the drink sits for more than a nanosecond, it takes a long sip. I don’t think I’ve ever seen anyone down hot coffee that fast before…","Cốc cà phê mới rót ra khoảng một nano giây mà được vị khách ấy đã tu liền một hơi. Trước giờ tôi chưa thấy ai uống cà phê nóng như húp nước lã như thế..."
"Sc: Zerua, msc: SupernovaAlt, sfx: Zerua_Short, Next: [TDP3-4]","TDP3-3","Ah, that's better.","Ôi chà, đã thật đấy."
"No Sc, msc: SupernovaAlt, no sfx, Next: [TDP3-5]","TDP3-4","I eye their badge and rattle my brain for a topic of conversation.","Tôi để mắt đến chiếc huy hiệu trên người họ và vắt óc tìm chuyện để nói."
"Sc: Dmi, msc: SupernovaAlt, no sfx, Next: [TDP3-6]","TDP3-5","Are you a clouditech? I think I’ve seen a badge like that before.","Quý khách là kỹ sư thời tiết đúng không? Em thấy cái huy hiệu này nhìn quen lắm."
"No Sc, msc: SupernovaAlt, no sfx, Next: [TDP3-7]","TDP3-6","It lets out a big smile. It's as if they’ve been waiting for anyone to ask them all day.","Vị khách ấy cười toe toét, cứ như thể đã chờ người hỏi câu đó cả ngày rồi."
"Sc: Zerua, msc: SupernovaAlt, sfx: ZERUA_AWAKE2, Next: [TDP3-8]","TDP3-7","Yes! I’m starting a new job architecting artificial clouds! I’ve been looking for a job forever.","Chính xác! Chị sắp làm kiến trúc sư tạo mây nhân tạo! Tìm việc mãi mới được đấy."
"No Sc, msc: SupernovaAlt, no sfx, Next: [TDP3-9]","TDP3-8","She waves her finger above her to-go cup. A mini cloud forms above their cup. Bits of snow sprinkle down. She smiles proudly.","Chị ấy ngoe nguẩy ngón tay trên chiếc cốc dùng một lần, tạo ra một đám mây nhỏ. Có vài mảnh tuyết rơi xuống. Chị ấy cười mỉm chi."
"No Sc, msc: SupernovaAlt, no sfx, Next: [TDP3-10]","TDP3-9","I smile too.","Tôi cũng mỉm cười."
"Sc: Dmi, msc: SupernovaAlt, no sfx, Next: [TDP3-11]","TDP3-10","I hope your first day is all you want it to be.","Chúc chị ngày đầu đi làm thuận buồm xuôi gió nhé."
"Sc: Zerua, msc: SupernovaAlt, sfx: ZERUA_AWAKE1,CashRegister, Next: [TDP3-11b]","TDP3-11"," Thank you! Please stay safe leaving the solar system soon! Tallyho!"," Cảm ơn em! Nhớ giữ an toàn, sớm dọn đi nghe! Chị bay đây!"
"No Sc, msc: SupernovaAlt, sfx: Door_Chime,Door_Close, Next: [D1D-17a]","TDP3-11b","-door chimes and closes-","[chuông cửa rung lên, cửa đóng]"
"Sc: Zerua, msc: SupernovaAlt, sfx: ZERUA_SLEEPY1, Next: [TDN3-2]","TDN3-1","This isn’t quite what I’m looking for…","Chị đâu có cần cái này..."
"No Sc, msc: SupernovaAlt, no sfx, Next: [TDN3-3]","TDN3-2","They pull out their phone and notice the time. It seems to wake her up a little, but not much.","Vị khách ấy lấy điện thoại ra xem giờ. Làm vậy dường như khiến chị chợt tỉnh, dù chỉ một chút."
"Sc: Zerua, msc: SupernovaAlt, sfx: ZERUA_AWAKE3, Next: [TDN3-4]","TDN3-3","Oh! Look at the time. I’ll just figure out a way to stay up when I get there! Tallyho, gas station employee!","Ối trời! Em nhìn đồng hồ nè. Buồn ngủ hay gì thì cũng phải ra đó rồi tính! Chị bay nhé, em trạm xăng!"
"Sc: Dmi, msc: SupernovaAlt, no sfx, Next: [TDN3-4b]","TDN3-4"," I have a nametag--"," Em có tên mà—"
"No Sc, msc: SupernovaAlt, sfx: Door_Chime,Door_Close, Next: [D1D-17a]TDN3-4b","TDN3-4b","-door chimes and closes-","[chuông cửa rung lên, cửa đóng]"
"No Sc, msc: SupernovaAlt, sfx: FLUBBER2, Next: [D1D-17]","D1D-17a","Flubber meows","Múp Míp kêu ""meo""."
"No Sc, msc: SupernovaAlt, sfx: Flubber_Burp, Next: [D1D-18]","D1D-17","Flubber floats and burps. I smile and give her a pat on the head.","Múp Míp lơ lửng trên không rồi ợ một cái. Tôi mỉm cười rồi xoa đầu em ấy."
"No Sc, msc: SupernovaAlt, no sfx, Next: [D1D-19]","D1D-18","She looks proud of herself.","Em có vẻ tự mãn."
"No Sc, msc: SupernovaAlt, sfx: Boom_2, Next: [DD1-14]","D1D-19","I jump up from my seat as I hear a boom come from outside.","Tôi nhảy dựng khỏi ghế trước tiếng nổ bên ngoài."
"Sc: Dmi, msc: SupernovaAlt, no sfx, Next: [8D-1a]","DD1-14"," What the hell--!?"," Cái quái gì—!?"
"No Sc, msc: SupernovaAlt, sfx: Door_Chime,Door_Open, Next: [8D-1]","8.0D-1a","-door opens and chimes-","[cửa mở, chuông cửa reo lên]"
"Sc: 8008, msc: SupernovaAlt, sfx: 80008_Short, Next: [DD1-15]","8.0D-1","Sup.","Ây."
"Sc: Dmi, msc: SupernovaAlt, no sfx, Next: [D1D-20]","DD1-15","Uh, sup? What was that?","Ây, dô? Khi nãy có chuyện gì vậy?"
"No Sc, msc: SupernovaAlt, no sfx, Next: [8D-2]","D1D-20","He ignores me and his eyes- er...screen look up.","Cậu ta lờ tôi đi, ánh mắt—à không, màn hình nhìn lên."
"Sc: 8008, msc: SupernovaAlt, sfx: 80008_2, Next: [DD1-16]","8.0D-2","What was what?","Chuyện gì là sao?"
"Sc: Dmi, msc: SupernovaAlt, no sfx, Next: [8D-3]","DD1-16","The boom?","Tiếng nổ hồi nãy ấy?"
"Sc: 8008, msc: SupernovaAlt, sfx: 80008_Short, Next: [DD1-17]","8.0D-3","What boom?","Cái gì nổ?"
"Sc: Dmi, msc: SupernovaAlt, no sfx, Next: [DD1-18]","DD1-17","The-- okay.","Cái— thôi không có gì đâu."
"Sc: Dmi, msc: SupernovaAlt, no sfx, Next: [D1D-21]","DD1-18","Do you need something?","Cậu cần mua gì?"
"No Sc, msc: SupernovaAlt, sfx: 80008_hum2, Next: [8D-4]","D1D-21","A low hum comes from his circuits. He’s thinking.","Có tiếng ""rùm rùm"" nhẹ phát ra từ mạch điện. Cậu ấy đang suy nghĩ."
"Sc: 8008, msc: SupernovaAlt, sfx: 80008_1, Next: [D1D-22]","8.0D-4","You sell any Arinator brand stuff here? That one made by that smoking cyborg from outta the solar system?","Ở đây có bán món gì mang thương hiệu Arinator không? Của cô ca sĩ người máy siêu ""choáy"", siêu nổi ngoài hệ Mặt Trời ấy?"
"No Sc, msc: SupernovaAlt, no sfx, Next: [DD1-19]","D1D-22","I’ve heard of Arinator probably. Cassiopeia’s a big fan of singers. Though something was kind of funny about this guy’s desperation. ","Hình như tôi từng nghe qua cái tên Arinator. Tiên là người rất hâm mộ ca sĩ. Nhưng fan cuồng như cậu này thì rõ là hiếm gặp. "
"Sc: Dmi, msc: SupernovaAlt, no sfx, Next: [8D-5]","DD1-19","I mean, I can check to see what we got.","Ờ thì... để tôi xem thử còn gì không."
"Sc: 8008, msc: SupernovaAlt, sfx: 80008_3, Next: [8D-5b]","8.0D-5","Sweet! I’ll also be putting 700 luncos on pump 2.","OK! Tôi trả 700 Nguyệt tệ, bơm số 2 luôn."
"No Sc, msc: SupernovaAlt, sfx: , Next: [TDP4-1,TDN4-1]","8.0D-5b","Select an item in the shop","Hãy chọn một vật phẩm trong tiệm"
"No Sc, msc: SupernovaAlt, sfx: , Next: [TDP4-1,TDN4-1]","8D-5b-Option-1","","8D-5b-Option-1
"
"No Sc, msc: SupernovaAlt, sfx: , Next: [TDP4-1,TDN4-1]8D-5b-Option-2","8D-5b-Option-2","","8D-5b-Option-2
"
"Sc: 8008, msc: SupernovaAlt, sfx: 80008_1, Next: [TDP4-5]","TDP4-1","Yes! Arinator’s limited edition Mint choco paste? I thought this was sold out everywhere!","Trời quơi! Kem đánh răng vị Socola Bạc hà Phiên bản Giới hạn của Arinator? Hoá ra còn chỗ này có!"
"Sc: Dmi, msc: SupernovaAlt, no sfx, Next: [TDP4-6]","TDP4-5","I mean, it's mint chocolate toothpaste isn’t it?","Thì... cái này là kem đánh răng vị socola bạc hà mà?"
"Sc: Dmi, msc: SupernovaAlt, no sfx, Next: [TDP4-7]","TDP4-6","I don’t think anyone is in a rush to buy that.","Người ta chẳng đổ xô đi mua mấy thứ như vậy đâu."
"Sc: 8008, msc: SupernovaAlt, sfx: 80008_2,CashRegister, Next: [TDP4-7b]","TDP4-7","You just don’t understand the intricacies of something like this! Anything she endorses is a godsend!","Nói vậy là không hiểu thiết kế tinh tế của sản phẩm này rùi! Chị ấy quảng cáo cái gì là cái đó phải xịn!"
"No Sc, msc: SupernovaAlt, sfx: Door_Close,Door_Chime, Next: [TDP4-8]","TDP4-7b","-door chimes and closes-","[chuông cửa rung lên, cửa đóng]"
"No Sc, msc: SupernovaAlt, no sfx, Next: [TDP4-9]","TDP4-8","He wipes his face (screen?). Then blasts off with his bang of Arinator branded toothpaste in hand.","Cậu ấy lau mặt (màn hình?), sau đó phóng đi cùng ống kem đánh răng nhãn hiệu Arinator trong tay."
"No Sc, msc: SupernovaAlt, no sfx, Next: [D1D-24a]","TDP4-9","Glad he found what he wanted.","Thôi thì cũng vui là cậu ta được như ý."
"Sc: 8008, msc: SupernovaAlt, sfx: 80008_Short, Next: [TDN4-2]","TDN4-1","Bro.","Bruh."
"Sc: 8008, msc: SupernovaAlt, sfx: 80008_3, Next: [TDN4-3]","TDN4-2"," This is NOT Arinator. She only has her face on the cover of all her products dude."," Cái này ĐÂU PHẢI của Arinator. Sản phẩm nào của cổ cũng có in hình mặt cổ chứ."
"No Sc, msc: SupernovaAlt, no sfx, Next: [TDN4-4]","TDN4-3","His facial screen switches to a video of a cyborg woman performing a song on stage. Her fans are screaming their lungs out.","Cái mặt màn hình của cậu ấy bắt đầu phát video cô ca sĩ người máy trình diễn trên sân khấu. Khán giả gào thét rất cuồng nhiệt."
"Sc: 8008, msc: SupernovaAlt, sfx: 80008_1, Next: [TDN4-5]","TDN4-4","See? You don’t recognize her?","Đây này? Ai mà chẳng biết cổ?"
"Sc: Dmi, msc: SupernovaAlt, no sfx, Next: [TDN4-6]","TDN4-5","Oh, well...I don’t think I really know her stuff.","Ừ thì... Chắc có tôi đấy?"
"Sc: 8008, msc: SupernovaAlt, sfx: 80008_2, Next: [TDN4-6b]","TDN4-6","Fine...I’ll just get gas.","Vậy thôi... Tôi đổ xăng thôi."
"No Sc, msc: SupernovaAlt, sfx: Door_Chime,Door_Close, Next: [TDN4-7]","TDN4-6b","-door chimes and closes-","[chuông cửa rung lên, cửa đóng]"
"No Sc, msc: SupernovaAlt, no sfx, Next: [TDN4-8]","TDN4-7","I stare out the window and watch as 8008 picks up a gas pump and guzzles it straight from the nozzle. His screen shows a sad face with a tear. He then blasts off into space.","Tôi nhìn ra ngoài cửa sổ thì thấy 8008 cầm cái vòi bơm xăng uống ừng ực. Trên màn hình của cậu ấy là một khuôn mặt buồn, có một giọt nước mắt. Xong việc, cậu ta phóng lên không gian."
"No Sc, msc: SupernovaAlt, no sfx, Next: [D1D-24a]","TDN4-8","Poor guy.","Tội nghiệp."
"No Sc, msc: SupernovaAlt, sfx: Door_Chime,Door_Open, Next: [D1D-24]","D1D-24a","-door opens and chimes-","[cửa mở, chuông cửa reo lên]"
"No Sc, msc: SupernovaAlt, no sfx, Next: [CRD1]","D1D-24","An old man enters the gas station. He seems to have some kind of air of caution around him. The way he whips his head around makes him look like he is expecting an attack at any moment.","Một vị khách đứng tuổi bước vào trạm xăng. Hắn toát ra vẻ đề phòng, xoay đầu từ bên này đến bên kia như thể sẵn sàng đỡ đòn tấn công từ mọi phía, mọi lúc."
"Sc: Crust, msc: SupernovaAlt, sfx: Crust_Short, Next: [DD1-20]","CRD1","Salutations, Martian.","Kính chào, người Hoả tinh."
"Sc: Dmi, msc: SupernovaAlt, no sfx, Next: [CRD2]","DD1-20","Uh, hello? Do you need something, sir?","Ờm... chào anh? Anh cần mua gì?"
"Sc: Crust, msc: SupernovaAlt, sfx: CRUST2, Next: [D1D-25]","CRD2","Yes, I actually have a list here…","Đây, anh có viết ra này..."
"No Sc, msc: SupernovaAlt, no sfx, Next: [CRD3]","D1D-25","He pulls out a tiny holosheet and starts to read off of it.","Hắn mở tờ giấy hologram nhỏ ra và đọc từng chữ."
"Sc: Crust, msc: SupernovaAlt, sfx: CRUST3, Next: [DD1-21]","CRD3","I’m looking for duct tape, five laser blasters, a medkit, a flaming katana--","Anh cần mua 1 cuộn băng keo, 5 khẩu súng laser, 1 bộ sơ cứu, 1 kiếm katana bắt lửa--"
"Sc: Dmi, msc: SupernovaAlt, no sfx, Next: [D1D-26]","DD1-21","Sir, this is a gas station.","Anh ơi, chỗ này là trạm xăng."
"No Sc, msc: SupernovaAlt, no sfx, Next: [CRD4]","D1D-26","He stares blankly at me.","Hắn nhìn tôi như thể không hiểu ý."
"Sc: Crust, msc: SupernovaAlt, sfx: CRUST1, Next: [DD1-22]","CRD4","...Can I at least get the katana?","...Thế có bán kiếm Katana không?"
"Sc: Dmi, msc: SupernovaAlt, no sfx, Next: [D1D-27]","DD1-22"," What do you even need a Katana for?!"," Anh cần mua kiếm Katana làm cái gì?!"
"No Sc, msc: SupernovaAlt, sfx: Crust_Laugh, Next: [CRD5]","D1D-27","The man lets out a hearty laugh. He slaps his rocky chest. Pebbles fall off him.","Hắn cười khằng khặc. Rồi đập mạnh vào bộ ngực bằng đá của mình. Có mấy viên đá rơi xuống."
"Sc: Crust, msc: SupernovaAlt, sfx: CRUST2, Next: [CRD6]","CRD5","Doomsday is in just three days! While you’re in here wasting away working MINIMUM wage!","Còn ba ngày nữa là tận thế rồi! Còn chú mày thì ngồi đây lãng phí thì giờ chỉ để nhận lương BA CỌC BA ĐỒNG!"
"Sc: Crust, msc: SupernovaAlt, sfx: CRUST1, Next: [DD1-23]","CRD6","I, Crust, from Mercury, will look at this burning ball of hell gas, and say…","Ta đây, Thạch Trụ, người Sao Thuỷ, sẽ nhìn thẳng vào quả cầu lửa rực cháy kia, và nói..."
"Sc: Dmi, msc: SupernovaAlt, no sfx, Next: [CRD7]","DD1-23","…","..."
"Sc: Crust, msc: SupernovaAlt, sfx: Crust_Short, Next: [D1D-28]","CRD7","No.","Cửa hàng..."
"No Sc, msc: SupernovaAlt, no sfx, Next: [DD1-24]","D1D-28","He smiles widely.","Hắn cười toe toét."
"Sc: Dmi, msc: SupernovaAlt, no sfx, Next: [CRD8]","DD1-24","Sir, I don’t think you will survive a supernova.","Thưa anh, em thấy anh không chịu nổi vụ nổ siêu tân tinh đâu."
"Sc: Crust, msc: SupernovaAlt, sfx: CRUST2, Next: [CRD9]","CRD8","I will. Born from the crust of Mercury, I can survive anything.","Sao lại không? Da thịt ta là đất Sao Thuỷ, ta chịu được mọi thứ."
"Sc: Crust, msc: SupernovaAlt, sfx: CRUST1, Next: [D1D-29]","CRD9","Besides didn’t you hear? The supernova is a cover-up by the intergalactic association--","Mà nhóc không biết à? Vụ nổ siêu tân tinh là chiêu trò của hiệp hội liên thiên hà nhằm che đậy—"
"No Sc, msc: SupernovaAlt, no sfx, Next: [DD1-25]","D1D-29","Oh, brother. ","Nữa rồi đó. "
"Sc: Dmi, msc: SupernovaAlt, no sfx, Next: [CRD10]","DD1-25","How about this Crust? I can help you get something that can help you out in your…","Anh Thạch Tượng, hay để em lấy cái gì anh dùng được cho..."
"Sc: Crust, msc: SupernovaAlt, sfx: CRUST2, Next: [DD1-26]","CRD10","My supernova bunker.","Hầm trú ẩn vụ nổ siêu tân tinh của anh."
"Sc: Dmi, msc: SupernovaAlt, no sfx, Next: [DD1-27]","DD1-26","Your supernova bunker.","Hầm trú ẩn vụ nổ siêu tân tinh của anh."
"Sc: Dmi, msc: SupernovaAlt, no sfx, Next: [DD1-27b]","DD1-27"," Alright... a nonperishable snack will be good."," Hừm... lấy món nào để lâu được ấy."
"No Sc, msc: SupernovaAlt, no sfx, Next: [TDP5-1,TDN5-1]","DD1-27b","Select an item in the shop","Hãy chọn một vật phẩm trong tiệm"
"No Sc, msc: SupernovaAlt, no sfx, Next: [TDP5-1,TDN5-1]","DD1-27b-Option-1","","DD1-27b-Option-1
"
"No Sc, msc: SupernovaAlt, no sfx, Next: [TDP5-1,TDN5-1]DD1-27b-Option-2","DD1-27b-Option-2","","DD1-27b-Option-2
"
"Sc: Crust, msc: SupernovaAlt, sfx: CRUST3, Next: [TDP5-2]","TDP5-1","Jerky! You’re thinking like a true survivor kid! This is great!","Thịt khô à! Nhóc có tư duy sinh tồn đấy! Quá hay!"
"Sc: Dmi, msc: SupernovaAlt, no sfx, Next: [TDP5-3]","TDP5-2","Heh, thanks. I just remembered it from a TV show called Survivorz.","Hehe, cảm ơn anh. Em có xem chương trình ""Người sống sót"" trên TV nên có biết."
"No Sc, msc: SupernovaAlt, no sfx, Next: [TDP5-4]","TDP5-3","Before you could even ring it up the man opens the bag and starts eating the jerky.","Trước khi tôi kịp tính tiền, hắn đã mở bịch ra ăn rồi."
"Sc: Crust, msc: SupernovaAlt, sfx: CRUST1, Next: [TDP5-5]","TDP5-4","Hm, you got somewhere to go kid? I can formally invite you to my bunker if ya want.","Hừm, có chỗ nào để ở chưa nhóc? Nếu muốn thì qua hầm của anh sống, anh mời thật đấy."
"Sc: Dmi, msc: SupernovaAlt, no sfx, Next: [TDP5-6]","TDP5-5","Oh, nah. I’ll be here.","Thôi, anh. Em ở đây."
"No Sc, msc: SupernovaAlt, no sfx, Next: [TDP5-7]","TDP5-6","Crust chokes on a piece of jerky and coughs. He bumps his chest a few times.","Thạch Tượng mắc nghẹn một miếng thịt khô rồi ho sặc sụa. Hắn đập vào ngực mấy lần."
"Sc: Crust, msc: SupernovaAlt, sfx: CRUST2, Next: [TDP5-8]","TDP5-7","Why? Don’t you got someone special to go home to?","Hả? Không còn ai để về à?"
"Sc: Crust, msc: SupernovaAlt, sfx: CRUST1, Next: [TDP5-9]","TDP5-8","I’d expect you young’uns to hightail it outta here.","Anh tưởng mấy đứa trẻ ranh như tụi mày phải vọt trước chứ."
"No Sc, msc: SupernovaAlt, no sfx, Next: [TDP5-10]","TDP5-9","A familiar face flashes in my mind. My normal bored expression cracks.","Một khuôn mặt thân quen thoáng qua trong trí óc tôi. Khuôn mặt tôi không còn giữ được vẻ thản nhiên."
"Sc: Dmi, msc: SupernovaAlt, no sfx, Next: [TDP5-11]","TDP5-10","She’ll be fine without me. Besides, I like to be kept busy.","Không có em, bạn ấy cũng ổn thôi. Mà em cũng thích làm này làm kia cho bận."
"No Sc, msc: SupernovaAlt, no sfx, Next: [TDP5-11b]","TDP5-11","Crust doesn’t speak. I listen to his chewing. He rummages in his pocket to give me his luncos.","Thạch Tượng không nói gì. Tôi ngồi nghe tiếng nhai của hắn. Hắn lục lọi trong túi mấy đồng Nguyệt tệ để đưa tôi."
"No Sc, msc: SupernovaAlt, sfx: CashRegister, Next: [TDP5-12]","TDP5-11b","-cash register chime-","[tiếng máy tính tiền ting ting]"
"Sc: Crust, msc: SupernovaAlt, sfx: CRUST1, Next: [TDP5-13]","TDP5-12","Don’t be too sure about that kid. Don’t choose for others how important you are to them.","Đừng có quả quyết như vậy. Sao mà biết mình quan trọng đến đâu trong mắt người khác."
"Sc: Crust, msc: SupernovaAlt, sfx: CRUST2, Next: [TDP5-14]","TDP5-13","I’m gonna be fine when things go down, but you won’t. Talk to who you’re thinking bout.","Có phát nổ thì ta cũng đâu hề hấn gì, còn chú mày thì có đấy. Đang nghĩ đến ai thì lo mà đi nói chuyện với họ đi."
"No Sc, msc: SupernovaAlt, no sfx, Next: [TDP5-15]","TDP5-14","I don’t answer. It's a bit surprising I feel I am getting life advice from this apocalyptic junkie of some sort.","Tôi không trả lời. Hơi bất ngờ khi nhận được bài học cuộc sống từ một kẻ cuồng tận thế như vậy."
"No Sc, msc: SupernovaAlt, no sfx, Next: [TDP5-16]","TDP5-15","He smiles and waves at me before leaving. I watch the small bits of rock fall to the ground.","Hắn mỉm cười rồi vẫy tay chào tôi trước khi đi. Tôi nhìn những vệt đá nhỏ rơi xuống nền nhà."
"No Sc, msc: SupernovaAlt, no sfx, Next: [D1D-30a]","TDP5-16","I’ll be cleaning that up.","Tôi sẽ phải dọn cái đống ấy."
"Sc: Crust, msc: SupernovaAlt, sfx: CRUST2, Next: [TDN5-2]","TDN5-1","Sorry kid, but I don’t really think something like this is going to be much use in my bunker.","Thôi khỏi nhé nhóc, anh thấy cái này để trong hầm trú ẩn cũng chẳng có ích gì."
"Sc: Crust, msc: SupernovaAlt, sfx: CRUST1, Next: [TDN5-3]","TDN5-2","You sure you don’t have blasters in the back?","Vậy trong kho còn bộ phản lực nào không?"
"Sc: Dmi, msc: SupernovaAlt, no sfx, Next: [TDN5-4]","TDN5-3","We’re still just a gas station, sir.","Chỗ này là trạm xăng, thưa anh."
"Sc: Crust, msc: SupernovaAlt, sfx: Crust_Short, Next: [TDN5-5]","TDN5-4"," Alright."," Thôi được rồi."
"Sc: Crust, msc: SupernovaAlt, sfx: CRUST2, Next: [D1D-30a]","TDN5-5","Stay safe, kid. I gotta go prep my bunker some more.","Nhớ giữ an toàn đấy nhóc. Anh đi mua đồ cho cái hầm tiếp đây."
"No Sc, msc: SupernovaAlt, sfx: Door_Chime,Door_Close, Next: [D1D-30]","D1D-30a","-door chimes and closes-","[chuông cửa rung lên, cửa đóng]"
"No Sc, msc: SupernovaAlt, no sfx, Next: [D1D-31]","D1D-30","It's almost closing time…","Sắp tới giờ đóng cửa rồi..."
"No Sc, msc: SupernovaAlt, no sfx, Next: [D1D-31b]","D1D-31","Flubber lounges in her usual spot. I smile and scratch under her chin.","Múp Míp an toạ ở chỗ nằm quen thuộc. Tôi mỉm cười, gãi nhẹ dưới cằm em ấy."
"No Sc, msc: SupernovaAlt, sfx: FLUBBER2, Next: [DD1-28]","D1D-31b","Flubber Meows","Múp Míp kêu ""meo""."
"Sc: Dmi, msc: SupernovaAlt, no sfx, Next: [DD1-28b]","DD1-28","We had a good day didn’t we?","Một ngày thành công nhỉ?"
"No Sc, msc: SupernovaAlt, sfx: Text_1, Next: [D1D-32]","DD1-28b","-phone chimes-","[chuông điện thoại reo lên]"
"No Sc, msc: SupernovaAlt, no sfx, Next: [T2]","D1D-32","I facepalm as I remember I never messaged Cassiopeia back.","Tôi đờ người ra khi chợt nhớ tôi vẫn chưa nhắn lại cho Tiên Hậu."
"Sc: Cassiopeia, on phone, msc: SupernovaAlt, sfx: Pocket_Swoosh_1, Next: [T3]","T2","Dmi? Are u ghosting me?","Mi? Đang ghost tớ hả?"
"Sc: Cassiopeia, on phone, msc: SupernovaAlt, sfx: Text_4_vibrate, Next: [TDP6-1,TDN6-1]","T3","Not cool! im worried about u!","Đừng có làm vậy! Tớ lo cho cậu lắm đấy!"
"Sc: Cassiopeia, on phone, msc: SupernovaAlt, sfx: Text_4_vibrate, Next: [TDP6-1,TDN6-1]","T3-Option-1","Sorry, got caught up.","Xin lỗi nha, bận quá."
"Sc: Cassiopeia, on phone, msc: SupernovaAlt, sfx: Text_4_vibrate, Next: [TDP6-1,TDN6-1]","T3-Option-2","You don’t need to keep messaging.","Cậu không cần nhắn tin nhiều vậy đâu."
"Sc: Dmi, on phone, msc: SupernovaAlt, no sfx, Next: [TDP6-2]","TDP6-1","Lot more customers on this route than i thought we would ","Có nhiều khách ghé qua đây hơn tớ nghĩ "
"Sc: Cassiopeia, on phone, msc: SupernovaAlt, sfx: Text_4_vibrate, Next: [TDP6-3]","TDP6-2","its a good time to roadtrip when the solar system is getting wiped ya know??","chứ còn gì nữa, hệ mặt trời sắp bị quét sạch thì người ta chẳng đi mua đồ dự phòng??"
"Sc: Dmi, on phone, msc: SupernovaAlt, no sfx, Next: [TDP6-4]","TDP6-3","More like I met a rock dude named Crust who wanted to buy a katana to defend himself from the imminent supernova. ","Mà biết gì chưa, có ông người đá tên Thạch Tượng đòi mua katana để phòng thân trước vụ nổ sắp tới đó. "
"Sc: Cassiopeia, on phone, msc: SupernovaAlt, sfx: Text_4_vibrate, Next: [TDP6-5]","TDP6-4","What? Stop lying to me. xD Ur job isn’t that interesting","Ê nha, xạo vừa thôi =)) Bán hàng mà có chuyện vui như vậy để kể hả"
"Sc: Dmi, on phone, msc: SupernovaAlt, no sfx, Next: [TDP6-6]","TDP6-5","U know how Mars is, we’re weirdo central.","Độc lạ Sao Hoả mà."
"Sc: Cassiopeia, on phone, msc: SupernovaAlt, sfx: Text_4_vibrate, Next: [D1D-33]","TDP6-6","thats true. U live there","người Sao Hoả nói chuyện có khác"
"No Sc, msc: SupernovaAlt, no sfx, Next: [D1D-34]","D1D-33","I chuckle. That was a good one actually.","Tôi bật cười. Câu đùa ấy hay thật."
"No Sc, msc: SupernovaAlt, no sfx, Next: [T4]","D1D-34","We chat with each other and for a second it feels like the world isn’t coming to an end soon.","Chúng tôi nhắn tin một hồi, và có lúc tôi cảm thấy thế giới này còn lâu mới biến mất."
"Sc: Dmi, on phone, msc: SupernovaAlt, no sfx, Next: [TDN6-2]","TDN6-1","I’ll just get back to u when i get back to u.","Khi nào cần thì tớ sẽ nhắn cho cậu."
"Sc: Cassiopeia, on phone, msc: SupernovaAlt, sfx: Text_4_vibrate, Next: [TDN6-3]","TDN6-2","Ouch, remind me to never be worried about u again :/","Hừ, sau này tớ khỏi chủ động nhắn nhé :/"
"Sc: Dmi, on phone, msc: SupernovaAlt, no sfx, Next: [TDN6-4]","TDN6-3","Nah, I didn’t mean it like that. I’m just busy.","Không, tớ không có ý đó. Tớ bận làm việc ấy."
"Sc: Cassiopeia, on phone, msc: SupernovaAlt, sfx: Text_4_vibrate, Next: [D1D-35]","TDN6-4","Yeah, yeah I get it.","Ừ, ừ, hiểu rồi."
"No Sc, msc: SupernovaAlt, no sfx, Next: [T4]","D1D-35","I could’ve handled that a bit better.","Tớ đáng lẽ nên chọn cách nói khác."
"Sc: Cassiopeia, on phone, msc: SupernovaAlt, sfx: Text_4_vibrate, Next: [T5]","T4","Are u sure ur not calling off tomorrow? I know the money isn’t good enough at Cosmic Fuel where u need to work a day before Doomsday. :/","Bộ ngày mai vẫn đi làm thiệt hả? Lương ở Hoàn Vũ đâu có cao đâu, mà còn phải đi làm đến ngày trước vụ nổ nữa. :/"
"Sc: Dmi, on phone, msc: SupernovaAlt, sfx: Text_4_vibrate, Next: [T6]","T5","Maybe I LIKE working for a megacorp.","Lỡ đâu tớ THÍCH bị tư bản bóc lột thì sao?"
"Sc: Cassiopeia, on phone, msc: SupernovaAlt, sfx: Text_4_vibrate, Next: [T7]","T6","shut up","im đê"
"Sc: Dmi, on phone, msc: SupernovaAlt, no sfx, Next: [D1D-36]","T7","ok ","ok "
"No Sc, msc: SupernovaAlt, no sfx, Next: [D1D-37]","D1D-36","I should clock out for the day","Đến lúc đóng cửa rồi."
"No Sc, msc: SupernovaAlt, no sfx, Next: [D1D-38]","D1D-37","I say goodbye to Flubber. She for some reason is a lot better at closing than I am. I never know what she does when we leave her alone.","Tôi chào Múp Míp. Em ấy có vẻ giỏi chuyện đóng cửa hơn cả tôi. Tôi chẳng đoán được em ấy làm gì khi ở một mình."
"No Sc, msc: SupernovaAlt, no sfx, Next: [D1D-39]","D1D-38","I don’t really know why I’m coming back in tomorrow. I should be packing with Cassie. We may not be able to do anything fancy like a space jump but…","Tôi cũng chẳng biết vì sao mình vẫn đi làm ngày mai. Đáng lẽ tôi phải bắt đầu dọn đồ với Tiên chứ. Dù chúng tôi không có khả năng đi bước nhảy không gian đi nữa thì..."
"No Sc, msc: SupernovaAlt, no sfx, Next: [D1D-40]","D1D-39","…","..."
"No Sc, msc: SupernovaAlt, no sfx, Next: [D1D-40b]","D1D-40","I need some sleep for tomorrow.","Phải ngủ thôi, mai còn đi làm nữa."
"No Sc, msc: SupernovaAlt, sfx: Door_Open,Door_Chime,Door_Close, Next: [Day2Transition]","D1D-40b","-door opens and closes with a chime-","[cửa mở rồi lại đóng, chuông cửa reo lên]"
"No Sc, msc: SupernovaAlt, no sfx, Next: [D2D-1]","Day2Transition","DAY 2","NGÀY THỨ 2"
"No Sc, msc: Supernova, no sfx, Next: [ROD2-1]","D2D-1","I jab my fingers against the screen of my phone the little avatar hops up and down in an effort to dodge the man-eating kale.","Tôi ấn ngón tay vào màn hình điện thoại. Nhân vật ấy nhảy lên rồi lại xuống để không bị cây cải biết đi nuốt chửng."
"Sc: Rob, msc: Supernova, sfx: Rob_Short, Next: [D2D-2]","ROD2-1","Dmi!","Mi!"
"No Sc, msc: Supernova, no sfx, Next: [DD2-1]","D2D-2","I yelp and nearly drop my phone. I catch it just before it slips out of my fingers and glare at the slime man in front of me.","Tôi giựt mình, xém làm rơi điện thoại, nhưng may là kịp giữ lại ngay khi nó vừa rời tay tôi. Tôi lườm vị quản lý đứng trước mặt mình."
"Sc: Dmi, msc: Supernova, no sfx, Next: [D2D-3]","DD2-1","You’ve seriously got to stop doing that!","Anh đừng có làm vậy nữa!"
"No Sc, msc: Supernova, sfx: Rob_Laugh, Next: [ROD2-2]","D2D-3","Rob bursts into laughter.","Rob phá lên cười."
"Sc: Rob, msc: Supernova, sfx: ROB3, Next: [DD2-2]","ROD2-2","It’s just too funny. Look you got goosebumps on your goosebumps! ","Anh không nhịn cười nổi. Da gà nổi lên tới đầu rồi kìa! "
"Sc: Dmi, msc: Supernova, no sfx, Next: [ROD2-3]","DD2-2","whatever how’s packing? ","Thôi đi. Anh dọn đồ chưa? "
"Sc: Rob, msc: Supernova, sfx: ROB2, Next: [D2D-4]","ROD2-3","We’ll be done by tonight. Then we leave tomorrow morning in time for our space jump outta here.","Tối nay là xong. Sáng mai cả nhà anh ra bến thực hiện bước nhảy không gian là kịp."
"No Sc, msc: Supernova, no sfx, Next: [D2D-5]","D2D-4","Ah a space jump. That's everyone’s ticket outta the solar system to go wherever they’re going next. ","Bước nhảy không gian à... Tấm vé thần của tất cả những ai muốn rời khỏi Hệ Mặt Trời. "
"No Sc, msc: Supernova, no sfx, Next: [D2D-6]","D2D-5","They are ways outta here without one but the trip is pretty grueling.","Vẫn còn cách khác nhưng tự đi thì sẽ khổ hơn nhiều."
"No Sc, msc: Supernova, no sfx, Next: [ROD2-4]","D2D-6","Not to mention the luncos to afford a space jump is insane.","Với lại để đi bước nhảy không gian thì phải có rất nhiều tiền."
"Sc: Rob, msc: Supernova, sfx: ROB1, Next: [ROD2-5]","ROD2-4","I’ll come pick up Flubber at the end of the day.","Cuối ngày anh sang đón Flubber."
"Sc: Rob, msc: Supernova, sfx: ROB3, Next: [D2D-7]","ROD2-5","Also smile a little today! Use that slogan of ours to brighten their days. ","Đừng có nhợt nhạt vậy chứ! Khi chào khách nhớ tươi tỉnh lên cho người ta vui. "
"No Sc, msc: Supernova, no sfx, Next: [DD2-3]","D2D-7","Ugh.","Hừ."
"Sc: Dmi, msc: Supernova, no sfx, Next: [ROD2-6]","DD2-3","I’ll try.","Dạ anh."
"Sc: Rob, msc: Supernova, sfx: ROB2, Next: [FD2-1]","ROD2-6","Great! I’ll see you later. Be nice to Flubber!","Thế chứ! Tối anh quay lại nhé. Chăm Múp Míp giúp anh!"
"Sc: Flubber, msc: Supernova, sfx: FLUBBER1, Next: [DD2-4]","FD2-1","Mreoww…","Mreooo..."
"Sc: Dmi, msc: Supernova, no sfx, Next: [DD2-4b]","DD2-4","We’re pals aren’t we Flubber? ","Mình là bạn thân mà, đúng không Múp Míp? "
"No Sc, msc: Supernova, sfx: Door_Chime,Door_Close, Next: [D2D-8]","DD2-4b","-door chimes and closes-","[chuông cửa rung lên, cửa đóng]"
"No Sc, msc: Supernova, no sfx, Next: [D2D-9a]","D2D-8","Flubber gives me a slow blink.","Flubber nheo mắt chầm chậm."
"No Sc, msc: Supernova, sfx: Door_Chime,Door_Open, Next: [D2D-9]","D2D-9a","-door opens and chimes-","[cửa mở, chuông cửa reo lên]"
"No Sc, msc: Supernova, no sfx, Next: [DD2-5]","D2D-9","A two-headed beastman enters. They don’t say a word. I yawn and start spouting the “Cosmic Fuel welcome”.","Một con thú hai đầu bước vào, chẳng nói chẳng rằng. Tôi mở miệng ngáp và hô to ""câu khẩu hiệu""."
"Sc: Dmi, msc: Supernova, no sfx, Next: [D2D-10]","DD2-5","Welcome to Cosmic Fuel. Fill to your heart’s content that’s the Cosmic Fuel way. ","Kính chào quý khách đến Trạm Xăng Hoàn Vũ. Tại đây, chúng tôi phục vụ quý khách bằng một cách mà không nơi nào làm được.  "
"No Sc, msc: Supernova, no sfx, Next: [D2D-11]","D2D-10","The beastmen frantically grab items and stuff them into a bag.","Hai tên người thú vội vàng cầm hàng hóa bỏ vào túi."
"No Sc, msc: Supernova, no sfx, Next: [DD2-6]","D2D-11","Well that’s not at all what I meant. ","Đây đâu phải chỗ tự phục vụ. "
"Sc: Dmi, msc: Supernova, no sfx, Next: [D2D-12]","DD2-6","You guys using cash or credit?","Quý khách trả tiền hay quẹt thẻ?"
"No Sc, msc: Supernova, no sfx, Next: [ROM1]","D2D-12","The more dimwitted looking one whispers to the sharper one and they stalk forward.","Tên ngơ ngác hơn thì thầm gì đó với tên sáng dạ hơn, rồi chúng nhào lên trước."
"Sc: Romulus, msc: Supernova, sfx: ROMULUS1, Next: [D2D-13]","ROM1","This is a stick up! Open the register!","Cướp đây! Đưa hết tiền ra!"
"No Sc, msc: Supernova, no sfx, Next: [REM1]","D2D-13","The dimwitted-looking beast-man pulls out a stick from his pocket and points at me.","Tên người thú ngơ ngác rút một cây gậy từ túi áo rồi chỉa vào tôi."
"Sc: Remus, msc: Supernova, sfx: REMUS1, Next: [ROM2]","REM1","and give us those Saturn dogs behind you!","rồi lấy thêm mấy cây xúc xích ở sau nữa!"
"Sc: Romulus, msc: Supernova, sfx: Romulus_Short, Next: [D2D-14]","ROM2","Yeah! And--","Ừ! Rồi--"
"No Sc, msc: Supernova, no sfx, Next: [REM2]","D2D-14","The sharp-eyed beastman glares at his brother.","Tên người thú sáng dạ hơn lườm tên còn lại."
"Sc: Remus, msc: Supernova, sfx: REMUS2, Next: [ROM3]","REM2","Sorry Romulus stickups make me hungry. ","Xin lỗi anh, nãy giờ em đói quá. "
"Sc: Romulus, msc: Supernova, sfx: ROMULUS3, Next: [REM3]","ROM3","You’re worse than a chihuahua. When I said we’re doing a stickup I didn’t mean to put a literal stickup! ","Vô dụng hơn chó cảnh nữa! Nói lấy một 'cây' là lấy cây súng chứ ai lấy 'cành cây'? "
"Sc: Remus, msc: Supernova, sfx: REMUS2, Next: [ROM4]","REM3","Oh did I mess up again? Are we not getting Saturn dogs? ","Ớ, em lại làm gì sai à? Mình không được ăn xúc xích Sao Thổ nữa hả anh? "
"Sc: Romulus, msc: Supernova, sfx: ROMULUS2, Next: [D2D-15]","ROM4","No you didn’t mess up Remus. Let’s get you that hot dog. No no let’s get you two of them. How about that? ","Không, Remus, không phải lỗi của em. Để anh lấy một cái xúc xích. Thôi, lấy hai cái cho em. Được chưa? "
"No Sc, msc: Supernova, sfx: Remus_Howl, Next: [D2D-15b]","D2D-15","Remus howls with excitement.","Remus rú lên trong vui sướng."
"No Sc, msc: Supernova, no sfx, Next: [TDP7-1,TDN7-1]","D2D-15b","Select an item in the shop","Hãy chọn một vật phẩm trong tiệm"
"No Sc, msc: Supernova, no sfx, Next: [TDP7-1,TDN7-1]","D2D-15b-Option-1","","D2D-15b-Option-1
"
"No Sc, msc: Supernova, no sfx, Next: [TDP7-1,TDN7-1]D2D-15b-Option-2","D2D-15b-Option-2","","D2D-15b-Option-2
"
"No Sc, msc: Supernova, no sfx, Next: [TDP7-2]","TDP7-1","I slide two Saturn dogs to the pair. Remus helps himself and scarfs it down.","Tôi đưa hai chiếc xúc xích sao Thổ cho chúng. Remus ngấu nghiến hết sạch."
"Sc: Romulus, msc: Supernova, sfx: ROMULUS1, Next: [TDP7-3]","TDP7-2","and now the register--","rồi giờ mở cái máy kia ra--"
"Sc: Remus, msc: Supernova, sfx: REMUS1, Next: [TDP7-4]","TDP7-3","Rom… they were so nice and gave us a Saturn dog. Do we have to?","Anh Rom... Người ta là người tốt nên mới cho mình ăn xúc xích. Anh vẫn muốn làm vậy à?"
"Sc: Romulus, msc: Supernova, sfx: ROMULUS3, Next: [TDP7-5]","TDP7-4","Of course! We came all this way just to--","Chứ sao nữa! Đi đến tận đây chỉ để--"
"Sc: Remus, msc: Supernova, sfx: Remus_Short, Next: [TDP7-6]","TDP7-5","To steal?","Để ăn cướp?"
"No Sc, msc: Supernova, no sfx, Next: [TDP7-7]","TDP7-6","Romulus stutters in shock.","Romulus rùng mình vì sốc."
"No Sc, msc: Supernova, no sfx, Next: [TDP7-8]","TDP7-7","Remus doesn’t look too different from a kicked puppy.","Remus trông cứ như một con cún mới ngã lăn ra."
"Sc: Remus, msc: Supernova, sfx: REMUS1, Next: [TDP7-9]","TDP7-8","Mom always told us stealing was bad. We should pay!","Mẹ dạy là không được ăn cướp đó. Mình phải trả tiền chứ!"
"Sc: Dmi, msc: Supernova, no sfx, Next: [TDP7-10]","TDP7-9","I don’t really care either way to be honest… ","Sao cũng được, tôi không quan tâm... "
"No Sc, msc: Supernova, no sfx, Next: [TDP7-11]","TDP7-10","The two ignore me. I can practically hear the galaxy’s smallest violin play for the two.","Bọn hắn lơ tôi. Tôi có thể nghe tiếng vi-ô-lông cảm động cất lên từ nơi xa xăm ngoài vũ trụ."
"Sc: Romulus, msc: Supernova, sfx: ROMULUS2, Next: [TDP7-12]","TDP7-11","You’re right Rem… I can’t do it. I wanted to be the tough guy so bad… everything is going to get blown to smithereens!","Em nói đúng, Rem ơi... Anh đâu làm vậy được. Dù muốn thử làm người xấu lắm... mọi thứ sắp nổ tan tành cả rồi!"
"Sc: Romulus, msc: Supernova, sfx: ROMULUS1, Next: [TDP7-13]","TDP7-12","I just wanted to do something cool!","Anh chỉ muốn làm cái gì hay ho thôi!"
"Sc: Romulus, msc: Supernova, sfx: ROMULUS3, Next: [TDP7-14]","TDP7-13","Will you ever forgive me?","Thứ lỗi cho anh nhé?"
"Sc: Remus, msc: Supernova, sfx: REMUS2, Next: [TDP7-15]","TDP7-14","You’re the best big brother ever! Of course I will! ","Anh là ông anh tuyệt vời nhất mà em từng có! Sao em giận anh được! "
"No Sc, msc: Supernova, no sfx, Next: [TDP7-16]","TDP7-15","The two beastmen burst into tears.","Hai tên người thú bật khóc."
"No Sc, msc: Supernova, no sfx, Next: [TDP7-17]","TDP7-16","I just stand there watching the two go through a whole movie scene together.","Còn tôi đứng đó chờ hai thằng cha này ngừng tạo nét."
"No Sc, msc: Supernova, no sfx, Next: [TDP7-18]","TDP7-17","Romulus sets a pile of luncos on the counter.","Romulus thả một đống Nguyệt tệ lên bàn."
"Sc: Romulus, msc: Supernova, sfx: ROMULUS1, Next: [D2D-16a]","TDP7-18","Keep the change. We’re sorry for bothering you.","Khỏi thối. Xin lỗi đã làm phiền cậu."
"No Sc, msc: Supernova, no sfx, Next: [TDN7-2]","TDN7-1","Romulus grits his teeth.","Romulus nghiến răng."
"Sc: Romulus, msc: Supernova, sfx: ROMULUS1, Next: [TDN7-3]","TDN7-2","Is this some kind of joke? We asked for Saturn dogs!","Giỡn mặt hả? Bọn này muốn ăn xúc xích mà! "
"Sc: Dmi, msc: Supernova, no sfx, Next: [TDN7-4]","TDN7-3","I know.","Tôi biết."
"Sc: Romulus, msc: Supernova, sfx: ROMULUS2, Next: [TDN7-5]","TDN7-4","Why give us this?","Thế sao đưa cái này?"
"Sc: Dmi, msc: Supernova, no sfx, Next: [TDN7-6]","TDN7-5","You’re already helping yourself to the shelves. Why don’t you get them yourself?","Làm tới đây rồi thì sao không tự chồm ra lấy luôn đi?"
"Sc: Romulus, msc: Supernova, sfx: Romulus_Short, Next: [TDN7-7]","TDN7-6","I--","Ta--"
"Sc: Remus, msc: Supernova, sfx: REMUS1, Next: [TDN7-8]","TDN7-7","Aww…I think they’re mad at us Rom. ","Ấy... chắc người ta giận mình ấy anh Rom. "
"Sc: Remus, msc: Supernova, sfx: REMUS2, Next: [TDN7-9]","TDN7-8","I told you we shouldn’t steal.","Em nói rồi, làm gì chứ đừng có đi ăn cướp."
"Sc: Romulus, msc: Supernova, sfx: ROMULUS1, Next: [TDN7-10]","TDN7-9","STOP TAKING ME AS A FOOL REM!","MÀY COI ANH LÀ TRÒ ĐÙA HẢ REM!"
"Sc: Dmi, msc: Supernova, no sfx, Next: [TDN7-11]","TDN7-10","Hey! He’s not taking you as a fool.","Ê này! Anh đâu phải chỉ là trò đùa trong mắt đứa em."
"No Sc, msc: Supernova, no sfx, Next: [TDN7-12]","TDN7-11","Romulus’ eyes shine with a hopeful look.","Ánh mắt Romulus sáng rực, nhìn tôi với vẻ trông chờ."
"Sc: Dmi, msc: Supernova, no sfx, Next: [TDN7-13]","TDN7-12","I’m taking you as a fool too.","Anh còn là trò đùa trong mắt tôi đấy."
"No Sc, msc: Supernova, no sfx, Next: [TDN7-14]","TDN7-13","Romulus drops the bag on the ground. He looks close to tears.","Romulus thả rơi chiếc túi trên sàn, hình như sắp bật khóc."
"Sc: Romulus, msc: Supernova, sfx: ROMULUS2, Next: [D2D-16a]","TDN7-14","Remus…lets just go.","Remus... mình đi thôi. "
"No Sc, msc: Supernova, sfx: Door_Chime,Door_Close, Next: [D2D-16]","D2D-16a","-door chimes and closes-","[chuông cửa rung lên, cửa đóng]"
"No Sc, msc: Supernova, no sfx, Next: [T8]","D2D-16","I reach for my phone. Cassiopeia’s not going to believe this.","Tôi với tay lấy điện thoại. Tiên Hậu chắc chắn sẽ rất bất ngờ."
"Sc: Dmi, on phone, msc: Supernova, sfx: Pocket_Swoosh_2, Next: [T9]","T8","Sorry i didnt get to you yet. I was getting robbed.","Xin lỗi vì nãy giờ chưa nhắn lại nha. Mới bị cướp."
"Sc: Cassiopeia, on phone, msc: Supernova, sfx: Text_4_vibrate, Next: [T10]","T9","WHAT?","HẢ?"
"Sc: Dmi, on phone, msc: Supernova, no sfx, Next: [T11]","T10","chill they didnt take anything. They were two beastmen but they didnt seem to be following their own plan. ","bình tĩnh, không mất gì hết. Có hai ông nhân thú, nhưng mỗi ông một ý, cướp mà chẳng ra cướp. "
"Sc: Dmi, on phone, msc: Supernova, no sfx, Next: [T12]","T11","I didnt care much it's not like it's my gas station. i Think i hurt their feelings.","Cái trạm xăng này cũng đâu phải của tớ. Nhưng bọn hắn chắc cũng hụt hẫng lắm. "
"Sc: Dmi, on phone, msc: Supernova, no sfx, Next: [T13]","T12","u could say they were all bark and no bite.","đúng kiểu ""chó sủa là chó không cắn""."
"Sc: Cassiopeia, on phone, msc: Supernova, sfx: Text_4_vibrate, Next: [T14]","T13","did u just…ugh.","ê, ê nhaaaa."
"Sc: Cassiopeia, on phone, msc: Supernova, sfx: Text_4_vibrate, Next: [T15]","T14","im going to ignore that for my own sanity.","thôi, nghĩ nhiều quá đau đầu."
"Sc: Cassiopeia, on phone, msc: Supernova, sfx: Text_4_vibrate, Next: [D2D-17]","T15","like holy stars im so glad nothing happened. I dont even understand why u have to work there so close to doomsday…","trời ơi, cậu không sao là may rồi. Sắp chết cả rồi mà vẫn còn đi làm là sao..."
"No Sc, msc: Supernova, no sfx, Next: [D2D-18]","D2D-17","I could tell where she was getting at. A day before the supernova and I still had no means of getting any tickets for a space jump.","Tôi biết cậu ấy có ý gì. Còn một ngày nữa là vụ nổ sẽ đến, vậy mà tôi vẫn chưa tìm ra cách mua vé đi bước nhảy không gian."
"No Sc, msc: Supernova, no sfx, Next: [T16]","D2D-18","I drum my fingers on the desk and think of my next reply.","Tôi gõ tay lên bàn, nghĩ câu trả lời."
"Sc: Dmi, on phone, msc: Supernova, no sfx, Next: [T17]","T16","Weird question but what if we just couldn’t talk anymore? ","Tớ hỏi cái này, lỡ có ngày mình không còn nói chuyện với nhau được nữa thì sao? "
"Sc: Cassiopeia, on phone, msc: Supernova, sfx: Text_4_vibrate, Next: [TDP8-1,TDN8-1]","T17","what type of question is that :(","hỏi cái gì kì vậy :("
"Sc: Cassiopeia, on phone, msc: Supernova, sfx: Text_4_vibrate, Next: [TDP8-1,TDN8-1]","T17-Option-1","Just curious…","Tò mò thôi..."
"Sc: Cassiopeia, on phone, msc: Supernova, sfx: Text_4_vibrate, Next: [TDP8-1,TDN8-1]","T17-Option-2","You ask me dumb questions all the time.","Lúc nào cũng hỏi mấy câu nghe chán đời vậy."
"Sc: Dmi, on phone, msc: Supernova, no sfx, Next: [TDP8-2]","TDP8-1","its not every day people leave their planet in droves for the impending death of the sun.","đâu phải ngày nào cũng có hàng ngàn người di tản để trốn mặt trời."
"Sc: Cassiopeia, on phone, msc: Supernova, sfx: Text_4_vibrate, Next: [TDP8-3]","TDP8-2","Well I’d miss the hell out of you. ","Nếu vậy thì tớ nhớ cậu khủng khiếp lắm. "
"Sc: Dmi, on phone, msc: Supernova, no sfx, Next: [TDP8-4]","TDP8-3","…Really?","...Thật không đấy?"
"Sc: Cassiopeia, on phone, msc: Supernova, sfx: Text_4_vibrate, Next: [TDP8-5]","TDP8-4","Duh? What makes you think I check up on you all the time?","Ủa? Chứ tớ nhắn tin hỏi thăm cậu suốt chỉ để cho vui thôi à?"
"Sc: Dmi, on phone, msc: Supernova, no sfx, Next: [TDP8-6]","TDP8-5","…I don’t know.","...Tớ không biết thiệt."
"Sc: Dmi, on phone, msc: Supernova, no sfx, Next: [TDP8-7]","TDP8-6","I kind of feel like I’ve been dragging you down… with me being sad all the time.","Tớ thấy mình kéo tinh thần cậu xuống ấy... lúc nào tớ cũng buồn."
"Sc: Cassiopeia, on phone, msc: Supernova, sfx: Text_4_vibrate, Next: [TDP8-8]","TDP8-7","what? We all get sad. We’re together till the end. Nothing will ever change that.","Có sao đâu? Ai chẳng có lúc buồn. Tụi mình sẽ bên nhau đến cùng. Không một thứ gì có thể thay đổi điều ấy."
"Sc: Dmi, on phone, msc: Supernova, no sfx, Next: [TDP8-9]","TDP8-8","Thank you. For always caring.","Cảm ơn vì đã lo cho tớ."
"Sc: Cassiopeia, on phone, msc: Supernova, sfx: Text_4_vibrate, Next: [TDP8-10a]","TDP8-9","Of course. I have to go :( I’m getting called away but I always have your back! ","Khách sáo quá. Thôi tớ đi nhé :( có chuyện gì thì tớ cũng sẽ nghĩ đến cậu! "
"No Sc, msc: Supernova, sfx: Door_Chime,Door_Open, Next: [TDP8-10]","TDP8-10a","-door opens and chimes-","[cửa mở, chuông cửa reo lên]"
"No Sc, msc: Supernova, no sfx, Next: [TDP8-11]","TDP8-10","I find myself smiling at my phone. I could’ve reread this line a couple hundred times.","Tôi cứ nhìn những dòng tin nhắn mà cười mãi. Bắt tôi đọc câu này cả ngàn lần cũng được."
"No Sc, msc: Supernova, sfx: KKILI1, Next: [DD2-7]","TDP8-11","That must be someone special you’re talking to.","Coi bộ người đó đặc biệt với cậu lắm hả."
"Sc: Cassiopeia, on phone, msc: Supernova, sfx: Text_4_vibrate, Next: [TDN8-2]","TDN8-1","...","..."
"Sc: Cassiopeia, on phone, msc: Supernova, sfx: Text_4_vibrate, Next: [TDN8-3]","TDN8-2","Wow that was harsh…","Nặng lời vậy..."
"No Sc, msc: Supernova, no sfx, Next: [TDN8-4]","TDN8-3","I panic. Crap would it be bad to backtrack? ","Tôi hoảng loạn. Giờ quay đầu còn kịp không trời? "
"Sc: Dmi, on phone, msc: Supernova, no sfx, Next: [TDN8-5]","TDN8-4","Sorry, i didn’t mean that","Xin lỗi vì làm cậu giật mình."
"Sc: Dmi, on phone, msc: Supernova, no sfx, Next: [TDN8-6]","TDN8-5","i don’t think ur questions are stupid.","cậu hỏi vậy có gì bất thường đâu."
"Sc: Cassiopeia, on phone, msc: Supernova, sfx: Text_4_vibrate, Next: [TDN8-7]","TDN8-6",":/ you’re a jerk sometimes. u know that?",":/ không nói được gì tốt đẹp thì có thể giữ im lặng mà, nhỉ?"
"Sc: Dmi, on phone, msc: Supernova, no sfx, Next: [TDN8-8]","TDN8-7","Yeah…I can see that right now. I’m really sorry.","Ừ... tớ biết mình sai rồi. Xin lỗi cậu nhiều."
"Sc: Cassiopeia, on phone, msc: Supernova, sfx: Text_4_vibrate, Next: [TDN8-9]","TDN8-8","Well to answer your question. Even though you’re a grade A jerk sometimes.","Quay lại câu hỏi hồi nãy nhé. Dù có lúc cậu cư xử như tên khốn ấy."
"Sc: Cassiopeia, on phone, msc: Supernova, sfx: Text_4_vibrate, Next: [TDN8-10]","TDN8-9","I’d still miss seeing you.","Cậu mà không còn ở đây nữa, tớ vẫn nhớ cậu lắm."
"Sc: Cassiopeia, on phone, msc: Supernova, sfx: Text_4_vibrate, Next: [TDN8-11]","TDN8-10","I just wish you were a bit more honest with me.","Cậu không thể thật lòng với tớ hơn chút nữa sao?"
"Sc: Dmi, on phone, msc: Supernova, no sfx, Next: [TDN8-12]","TDN8-11","What do you mean honest?","Thật lòng là sao?"
"Sc: Cassiopeia, on phone, msc: Supernova, sfx: Text_4_vibrate, Next: [TDN8-13]","TDN8-12","I know thats not the real reason why you’re asking me that.","Tớ thừa biết cậu hỏi câu đó là có ý đồ gì khác."
"Sc: Cassiopeia, on phone, msc: Supernova, sfx: Text_4_vibrate, Next: [TDN8-14]","TDN8-13","I gotta go. I’ll talk to you later. Just stop acting so weird with me.","Thôi bận rồi. Tí nhắn lại. Cứ hành xử kiểu đó là tớ mệt lắm đấy."
"No Sc, msc: Supernova, no sfx, Next: [TDN8-14a]","TDN8-14","I groan to myself.","Tôi bực chính mình."
"No Sc, msc: Supernova, sfx: Door_Chime,Door_Open, Next: [TDN8-15]","TDN8-14a","-door opens and chimes-","[cửa mở, chuông cửa reo lên]"
"Sc: Dmi, msc: Supernova, no sfx, Next: [TDN8-16]","TDN8-15","Why did I say that? Out of every reason I could have given her?","Tại sao tôi phải nói ra những lời ấy, trong khi còn bao nhiêu cái cớ khác?"
"Sc: Dmi, msc: Supernova, no sfx, Next: [TDN8-17]","TDN8-16","Stupid! Stupid! Stupid!","Đồ ngu! Đồ ngu! Đồ ngu!"
"Sc: K'Kili the Destroyer, msc: Supernova, sfx: KKILI1, Next: [DD2-7]","TDN8-17","It couldn’t be that stupid to be doing all that.","Cậu làm được tất thảy những điều ấy thì có gì đâu mà ngu?"
"Sc: Dmi, msc: Supernova, no sfx, Next: [DD2-8]","DD2-7","Whoa!","Hú hồn!"
"Sc: Dmi, msc: Supernova, no sfx, Next: [D2D-19]","DD2-8","Sorry it’s slow today. So uh I’ve been on my phone a bit more. ","Xin lỗi quý khách. Nay tiệm vắng quá nên tôi cũng không biết làm gì. "
"No Sc, msc: Supernova, no sfx, Next: [D2D-20]","D2D-19","I take in the woman. From the ringlets across her body she seems to be a shapeshifter. ","Nhìn mấy cái vòng tròn trên cơ thể thì tôi đoán có thể cô ấy là Người Biến hình. "
"No Sc, msc: Supernova, no sfx, Next: [D2D-21]","D2D-20","Something feels awfully familiar about her like I’ve seen her somewhere before.","Nhưng mà có gì đó lạ lắm. Cảm giác như tôi đã từng thấy người này ở đâu rồi."
"No Sc, msc: Supernova, no sfx, Next: [KD1]","D2D-21","She doesn’t seem to notice the interest she has a knowing smile as her attention still seems on me and my phone. ","Có vẻ cô ấy không để ý lắm chuyện tôi bấm điện thoại trong giờ làm, mà quan tâm về chuyện giữa tôi và Tiên hơn.  "
"Sc: K'Kili the Destroyer, msc: Supernova, sfx: KKILI2, Next: [DD2-9]","KD1","They must sound important to you. Just relax I’m sure you’re lovely to speak to. ","Chắc người đó quan trọng với cậu lắm. Tôi nghĩ tính cậu dịu dàng nên chắc sẽ ổn thôi. "
"Sc: Dmi, msc: Supernova, no sfx, Next: [D2D-22]","DD2-9","It depends on the day.","Cái đó thì cũng tùy ngày."
"No Sc, msc: Supernova, no sfx, Next: [KD2]","D2D-22","She laughs.","Cô ấy bật cười."
"Sc: K'Kili the Destroyer, msc: Supernova, sfx: KKILI3, Next: [D2D-23]","KD2","Hit me with it. What’s got you stressed?","Nói tôi nghe coi. Vấn đề của cậu là gì?"
"No Sc, msc: Supernova, no sfx, Next: [D2D-24]","D2D-23","I think for a second. Do I actually want to just spill my guts out to this complete stranger?","Tôi suy nghĩ một hồi... Mình có nên tâm sự với một người lạ hoắc lạ huơ không trời?"
"No Sc, msc: Supernova, no sfx, Next: [D2D-25]","D2D-24","…","..."
"No Sc, msc: Supernova, no sfx, Next: [DD2-10]","D2D-25","Actually yeah. I can’t pay for a therapist anyways. Why not. ","Thôi đại đi. Dù sao mình cũng đâu có tiền đi gặp bác sĩ tâm lý. "
"Sc: Dmi, msc: Supernova, no sfx, Next: [D2D-26]","DD2-10","I don’t know how to tell her I don’t qualify for a space jump so I’m going to be stuck here.","Tôi vẫn chưa nói với cô ấy là tôi bị mắc kẹt ở đây vì không đủ điều kiện để nhảy không gian.  "
"No Sc, msc: Supernova, no sfx, Next: [DD2-11]","D2D-26","The not-therapist nods as she listens to me.","Cô ấy gật đầu như hiểu được nỗi lòng của tôi."
"Sc: Dmi, msc: Supernova, no sfx, Next: [KD3]","DD2-11","I’ve been trying to just carry on but I think she knows something is wrong. ","Tôi cứ giả vờ như chẳng có chuyện gì. Nhưng hình như cô ấy bắt đầu để ý rồi. "
"Sc: K'Kili the Destroyer, msc: Supernova, sfx: KKILI2, Next: [D2D-27]","KD3","Well you’re going to traumatize the stars outta her when she finds out you’re gonna be space dust and you never warned her. ","Chà. Nếu cậu không nói cho cô ấy biết thì tới lúc phát hiện ra cậu chỉ còn là cát bụi kiểu gì cô ấy cũng bi sang chấn cho mà coi.  "
"No Sc, msc: Supernova, no sfx, Next: [D2D-28]","D2D-27","I choke. When she puts it that way…","Nghe vậy tôi có chút nghẹn trong lòng."
"No Sc, msc: Supernova, no sfx, Next: [DD2-12]","D2D-28","I try to search for a way to back out despite this being my fault we’re having this very personal conversation at a gas station counter.","Tôi nhanh chóng đổi chủ đề (mặc dù đây hoàn toàn là lỗi của tôi khi đem chuyện cá nhân ra tâm sự với một người lạ không quen không biết)."
"Sc: Dmi, msc: Supernova, no sfx, Next: [KD4]","DD2-12","Is there something in particular you’re looking for or…? ","Quý khách có muốn mua gì không ạ? Hay là... "
"Sc: K'Kili the Destroyer, msc: Supernova, sfx: KKILI1, Next: [D2D-29]","KD4","I see what you’re doing here.","Đang cố đánh trống lãng đó hả."
"No Sc, msc: Supernova, no sfx, Next: [KD5]","D2D-29","She plays along though.","Nhưng cô ấy vẫn bỏ qua."
"Sc: K'Kili the Destroyer, msc: Supernova, sfx: KKILI3, Next: [KD6]","KD5","I’ll put 900 luncos on pump 5.","Cho tôi 900 nguyệt tệ tiền xăng đi."
"Sc: K'Kili the Destroyer, msc: Supernova, sfx: KKILI2, Next: [D2D-30]","KD6","And are any of those behind you good? Looking to get something for my wife back on our ship.","Đống snack sau lưng cậu có loại nào ngon không? Tôi tính mua gì đó cho cô vợ đang ngồi đợi ở trên tàu."
"No Sc, msc: Supernova, no sfx, Next: [DD2-13]","D2D-30","She points to the hot food machines behind me and I shrug.","Cô ấy chỉ thẳng vào chỗ đồ ăn sau quầy, làm tôi có chút giật mình."
"Sc: Dmi, msc: Supernova, no sfx, Next: [DD2-14]","DD2-13","Nothing to write home about but I think they’re pretty good. ","Mấy loại này thì không có gì đặc biệt, nhưng tôi thấy cũng ngon. "
"Sc: Dmi, msc: Supernova, no sfx, Next: [D2D-31]","DD2-14","Especially if you’re hungry.","Đặc biệt nếu cô đang đói."
"No Sc, msc: Supernova, no sfx, Next: [KD7]","D2D-31","She lets out a hearty laugh.","Cô ấy bật cười đến tít cả mắt."
"Sc: K'Kili the Destroyer, msc: Supernova, sfx: KKILI1, Next: [KD8]","KD7","Oh man. I know that feeling when food is good just cuz you haven’t had anything. ","Trời ơi. Nhớ cái cảm giác khi bụng cậu đói meo thì dù cậu có ăn gì cậu cũng thấy ngon. "
"Sc: K'Kili the Destroyer, msc: Supernova, sfx: KKILI3, Next: [KD8b]","KD8","Something with a good crunch to it seems like something my wife would like.","Vậy lấy cho tôi loại nào đó giòn giòn xíu đi. Vợ tôi bả khoái mấy món đó lắm."
"No Sc, msc: Supernova, no sfx, Next: [TDP9-1,TDN9-1]","KD8b","Select an item in the shop","Hãy chọn một vật phẩm trong tiệm"
"No Sc, msc: Supernova, no sfx, Next: [TDP9-1,TDN9-1]","KD8b-Option-1","","KD8b-Option-1
"
"No Sc, msc: Supernova, no sfx, Next: [TDP9-1,TDN9-1]KD8b-Option-2","KD8b-Option-2","","KD8b-Option-2
"
"Sc: K'Kili the Destroyer, msc: Supernova, sfx: KKILI2, Next: [TDP9-2]","TDP9-1","What are these called again? M’Ghooni Nachos?","Quên mất tên cái này rồi. Bánh nachos M’Ghooni hả?"
"Sc: Dmi, msc: Supernova, no sfx, Next: [TDP9-3]","TDP9-2","It's got a little kick to it. If your wife likes spice I’m sure she’d be into it.","Vị của nó hơi nồng. Nhưng nếu vợ cô thích ăn cay thì tôi nghĩ cô ấy sẽ thích."
"Sc: K'Kili the Destroyer, msc: Supernova, sfx: KKILI3, Next: [TDP9-4]","TDP9-3","I’m Martian. I can handle more than a little kick.","Xời, tụi tôi là người Sao Hỏa mà. Ba cái này nhằm nhò gì."
"No Sc, msc: Supernova, no sfx, Next: [TDP9-5]","TDP9-4","The alleged shapeshifter lifts up a chip and chomps down on it.","Cô ấy bóc một miếng bim bim bỏ vào trong miệng và nhai nhồm nhoàm."
"Sc: K'Kili the Destroyer, msc: Supernova, sfx: KKILI2, Next: [TDP9-6]","TDP9-5","Oh! That's a pretty solid nacho.","Trời. Nhai cũng đã miệng đó ha."
"Sc: Dmi, msc: Supernova, no sfx, Next: [TDP9-7]","TDP9-6","Yeah my friend would usually call me to bring some back with me back when we were roommates. ","Ừa, hồi còn ở chung phòng bạn tôi hay nhờ tôi lén gom mấy bịch về để ăn cho đỡ buồn miệng. "
"Sc: K'Kili the Destroyer, msc: Supernova, sfx: KKILI1, Next: [TDP9-8]","TDP9-7","They’ve got good taste. Can you get one for me too?","Vị này cũng ngon đó. Lấy cho tôi thêm bịch nữa được không?"
"No Sc, msc: Supernova, no sfx, Next: [D2D-32]","TDP9-8","I nod as I go over to the machine and get out a second batch of M’Ghooni Nachos.","Tôi gật đầu và bước lại máy đựng thức ăn để lấy thêm một bịch nachos M’Ghooni."
"No Sc, msc: Supernova, no sfx, Next: [TDN9-2]","TDN9-1","K’Kili inspects the food presented to her.","K'Kili ngắm nghía đống đồ ăn tôi mới đưa cho cổ."
"Sc: K'Kili the Destroyer, msc: Supernova, sfx: KKILI1, Next: [TDN9-3]","TDN9-2","Hmm I don’t mean to be rude kid but I don’t think she’s going to like this. ","Hừmm. Không có ý gì đâu, nhưng mà chắc là vợ tôi sẽ không thích thứ này. "
"Sc: K'Kili the Destroyer, msc: Supernova, sfx: KKILI2, Next: [TDN9-4]","TDN9-3","I wouldn’t really call this crunchy either.","Với lại nhìn nó cũng có vẻ không giòn lắm."
"Sc: Dmi, msc: Supernova, no sfx, Next: [TDN9-5]","TDN9-4","You sure she might not like this better?","Cô có chắc là cổ không thích món này chứ?"
"Sc: K'Kili the Destroyer, msc: Supernova, sfx: KKILI3, Next: [TDN9-6]","TDN9-5","Pretty sure I’d know what she likes best.","Xời. Chẳng ai trên đời hiểu cô ấy hơn tôi đâu."
"No Sc, msc: Supernova, no sfx, Next: [TDN9-7]","TDN9-6","I sigh. Seems my gas station munchies intuition failed me today.","Tôi bèn thở dài. Trực giác chọn món của tôi hôm nay có vấn đề gì rồi."
"Sc: Dmi, msc: Supernova, no sfx, Next: [TDN9-8]","TDN9-7","Sorry bout that.","Xin lỗi nhiều nha."
"Sc: K'Kili the Destroyer, msc: Supernova, sfx: KKILI1, Next: [D2D-32]","TDN9-8","It's fine. I’ll take the gas at least.","Không sao. Vậy đổ xăng thôi cũng được."
"No Sc, msc: Supernova, no sfx, Next: [KD9]","D2D-32","The woman grabs her wallet in her pocket.","K'Kili móc cái ví từ trong túi của cô ấy ra."
"Sc: K'Kili the Destroyer, msc: Supernova, sfx: KKILI2, Next: [DD2-15]","KD9","You take cards don’t you? Or did that stop for Doomsday?","Vẫn quẹt thẻ được chứ hả? Hay là do sắp tận thế nên dẹp rồi?"
"Sc: Dmi, msc: Supernova, no sfx, Next: [D2D-33]","DD2-15","Nothing stops at Cosmic Fuel for Doomsday.","Vậy chứ sắp tận thế mà tôi cũng có nghỉ làm đâu."
"No Sc, msc: Supernova, no sfx, Next: [D2D-34]","D2D-33","The woman cooly passes a card to me. I grab for it and freeze as I realize she passed me an ID.","Sau khi cầm lấy chiếc thẻ mà cô ấy đưa, tôi đột nhiên khựng lại khi nhận ra đó là thẻ công dân."
"No Sc, msc: Supernova, no sfx, Next: [D2D-35]","D2D-34","The name is one I remember very well as it was all over the Martian news. ","Trước mắt tôi là cái tên từng làm rúng động một thời trên đài truyền hình Sao Hỏa. "
"No Sc, msc: Supernova, no sfx, Next: [KD10]","D2D-35","Holy crap. This woman is like… an urban legend on Mars.","Thánh thần ơi! Người này là kiểu truyền thuyết đô thị luôn đó."
"Sc: K'Kili the Destroyer, msc: Supernova, sfx: KKili_Short, Next: [D2D-36]","KD10","Did my card decline?","Thẻ bị từ chối hay sao?"
"No Sc, msc: Supernova, no sfx, Next: [KD11]","D2D-36","All six of her eyes widen as she realizes her debit card isn’t in my hand and she snatches it.","Sáu con mắt của cô ấy liền hoảng hốt khi cổ nhận ra thứ tôi cầm trên tay không phải là thẻ tín dụng."
"Sc: K'Kili the Destroyer, msc: Supernova, sfx: KKili_Short, Next: [D2D-37]","KD11","Wrong card! Wrong card!","Chết! Lộn thẻ! Lộn thẻ!"
"No Sc, msc: Supernova, no sfx, Next: [D2D-38]","D2D-37","K’Kili passes me the right card.","Cô ấy giật lấy rồi đưa tôi cái thẻ khác."
"No Sc, msc: Supernova, no sfx, Next: [KD12]","D2D-38","We sit in awkward silence.","Sau đó thì sượng khỏi nói."
"Sc: K'Kili the Destroyer, msc: Supernova, sfx: KKILI1, Next: [KD12b]","KD12","Are you going to ring me up or…?","Cậu có tính báo cảnh sát không hay là..."
"No Sc, msc: Supernova, sfx: CashRegister, Next: [DD2-16]","KD12b","-cash register noise-","[tiếng máy thu ngân]"
"Sc: Dmi, msc: Supernova, no sfx, Next: [DD2-17]","DD2-16","Eh I work at a gas station. I’m sure I’ve probably served someone with jaded pasts tons of times before. ","À... Tôi làm việc ở trạm xăng nên chắc cũng vô tình gặp những vị khách có quá khứ không mấy tốt đẹp trước đây rồi. "
"Sc: Dmi, msc: Supernova, no sfx, Next: [D2D-39]","DD2-17","You’re not going to throw me in the nearest black hole and take my place aren’t you?","Vậy chứ cô không tính ném tôi vào cái hố đen nào đó gần đây để bịt miệng tôi hả?"
"No Sc, msc: Supernova, no sfx, Next: [KD13]","D2D-39","K’Kili laughs.","Cô ấy bật cười."
"Sc: K'Kili the Destroyer, msc: Supernova, sfx: KKILI3, Next: [DD2-18]","KD13","Not at all. I didn’t really use my powers like that. I can’t really shapeshift anymore anyways.","Làm gì có. Tôi không có dùng sức mạnh để làm mấy chuyện đó đâu, mà có muốn cũng không được."
"Sc: Dmi, msc: Supernova, no sfx, Next: [D2D-40]","DD2-18","Oh?","Hả?"
"No Sc, msc: Supernova, no sfx, Next: [KD14]","D2D-40","She points to her antenna.","Cô ấy chỉ vào ăng-ten trên đầu."
"Sc: K'Kili the Destroyer, msc: Supernova, sfx: KKILI2, Next: [KD15]","KD14","My antenna is a little bent. So I can’t really do that anymore. ","Ăng-ten của tôi bị hư từ lâu rồi nên không biến hình được nữa. "
"Sc: K'Kili the Destroyer, msc: Supernova, sfx: KKILI1, Next: [D2D-41]","KD15","I felt like my world was falling apart when it first happened but my wife has been so supportive. I mean I got injured trying to help her in the first place. ","Lúc chuyện mới xảy ra thì tôi cũng suy sụp dữ lắm. Cũng may mà có vợ tôi ở đó giúp tôi vượt qua cú sốc, mặc dù ngay từ đầu tôi bị thương là do giúp đỡ cô ấy.  "
"No Sc, msc: Supernova, no sfx, Next: [KD16]","D2D-41","K’Kili lifts up her hand to show her ring. I can see the admiration and pride coming from her.","K'Kili giơ bàn tay lên để cho tôi thấy cái nhẫn cưới. Tôi có thể cảm nhận rõ niềm tự hào của cô ấy."
"Sc: K'Kili the Destroyer, msc: Supernova, sfx: KKILI3, Next: [DD2-19]","KD16","My wife means everything to me. A part of me is happy we can get away and start new somewhere else.","Vợ tôi là tất cả những gì mà tôi có. Tôi thấy rất biết ơn vì chúng tôi có thể chạy trốn và bắt đầu một cuộc sống mới."
"Sc: Dmi, msc: Supernova, no sfx, Next: [KD17]","DD2-19","Wow…she sounds so lucky to have you.","Wow. Chắc cô ấy may mắn lắm mới có được cô."
"Sc: K'Kili the Destroyer, msc: Supernova, sfx: KKili_Short, Next: [D2D-42]","KD17","I’m the lucky one.","Phải là tôi mới đúng."
"No Sc, msc: Supernova, no sfx, Next: [KD18]","D2D-42","K’Kili reaches over and places a hand on my shoulder. She has a strong grip. She probably could pull me over the counter like this.","K'Kili bỗng nhiên đặt tay lên vai tôi. Lực nắm của cô ấy mạnh thiệt. Nhiều khi cô ấy nắm đầu tôi rồi quay mòng mòng còn được ấy chứ."
"Sc: K'Kili the Destroyer, msc: Supernova, sfx: KKILI1, Next: [KD19]","KD18","Listen kid. You don’t know me and I don’t know you too well but I feel like I should tell you… ","Nghe nè, cái người chưa trải sự đời. Dù chúng ta không hề biết nhau, nhưng tôi nghĩ cậu cần nên biết. "
"Sc: K'Kili the Destroyer, msc: Supernova, sfx: KKILI2, Next: [KD20]","KD19","I don’t really know what your baggage is with whoever you’re talking to but be honest. I can tell they mean a lot to you. ","Tôi không biết cậu đang có chuyện gì với cái người mà cậu nhắn tin khi nãy, nhưng tôi dám cá là người đó quan trọng với cậu lắm. "
"Sc: K'Kili the Destroyer, msc: Supernova, sfx: KKILI3, Next: [DD2-20]","KD20","I need you to really think about what they mean to you. Don’t you want to see them?","Tôi muốn cậu suy nghĩ thật kỹ về tương lai. Bộ cậu không muốn gặp người ấy lần nữa sao?"
"Sc: Dmi, msc: Supernova, no sfx, Next: [D2D-43]","DD2-20","I…can’t anyways… It's too late.","Tôi... không thể... Đã quá trễ rồi."
"No Sc, msc: Supernova, no sfx, Next: [KD21]","D2D-43","K’Kili lets go of my shoulder.","K'Kili buông tay khỏi người tôi."
"Sc: K'Kili the Destroyer, msc: Supernova, sfx: KKILI1, Next: [DD2-21]","KD21","I know… Just talk to them.","Chỉ là... nói chuyện với cậu ấy đi."
"Sc: Dmi, msc: Supernova, no sfx, Next: [KD22]","DD2-21","…I’ll try.","Em sẽ cố..."
"Sc: K'Kili the Destroyer, msc: Supernova, sfx: KKILI3, Next: [D2D-44]","KD22","It's all you can do right?","Tôi tin là cậu sẽ làm được."
"No Sc, msc: Supernova, no sfx, Next: [KD23]","D2D-44","She squints at my name tag.","Cô ấy nhìn vào bảng tên của tôi."
"Sc: K'Kili the Destroyer, msc: Supernova, sfx: KKILI2, Next: [D2D-45]","KD23","You seem like a good kid. I’ll leave a nice review for you on Welp.","Trông cậu có vẻ là người tốt đó. Tôi sẽ đánh giá cậu 5 sao trên Welp."
"No Sc, msc: Supernova, no sfx, Next: [D2D-45b]","D2D-45","The woman offers me a smile and walks out of the Cosmic Fuel with nachos in hand.","Người phụ nữ mỉm cười lần cuối rồi bước ra khỏi trạm xăng cùng với bịch nachos trong tay."
"No Sc, msc: Supernova, sfx: Door_Chime,Door_Close, Next: [D2D-46]","D2D-45b","-door chimes and closes-","[chuông cửa rung lên, cửa đóng]"
"No Sc, msc: Supernova, no sfx, Next: [D2D-47]","D2D-46","I don’t move. Never in my life did I think I would be getting a pep talk about relationships with a customer who just wanted to buy snacks.","Tôi sững sờ như một bức tượng. Chưa bao giờ tôi nghĩ mình sẽ được tư vấn tình cảm bởi một người lạ mà chỉ tới đây để mua snack."
"No Sc, msc: Supernova, no sfx, Next: [D2D-48]","D2D-47","I should be on my way out of here. Maybe catching a ride outta here on a new planet but here I am. ","Đáng lẽ tôi nên tìm cách thoát khỏi đây, di tản đến một hành tinh mới hay gì đó. Vậy mà giờ tôi vẫn còn ở lại.  "
"No Sc, msc: Supernova, no sfx, Next: [D2D-49]","D2D-48","Doomed.","Chết thật."
"No Sc, msc: Supernova, no sfx, Next: [D2D-50]","D2D-49","…","..."
"No Sc, msc: Supernova, no sfx, Next: [D2D-51]","D2D-50","Some time passes. I don’t get any more customers and I try to busy myself with the monotony of cleaning.","Từ đó về sau, không còn vị khách nào đặt chân đến trạm xăng nữa. Tôi thì ráng giữ cho mình bận rộn bằng việc dọn dẹp."
"No Sc, msc: Supernova, no sfx, Next: [D2D-52]","D2D-51","I think Flubber notices something is wrong cuz I find her wanting to brush up against me more as she tries to move off of her usual lounging spot.","Tôi để ý Flubber cũng bắt đầu nhận ra có chuyện gì đó bất ổn rồi tại nó cứ đòi quấn lấy tôi thay vì nằm yên ở chỗ có chăn ấm nệm êm như thường ngày."
"No Sc, msc: Supernova, no sfx, Next: [D2D-53]","D2D-52","Rob eventually comes by. His usual cheery disposition fades as he picks up Flubber.","Cuối cùng Rob cũng ghé qua đón Flubber. Nhìn ông ấy không còn vui vẻ như thường ngày nữa."
"No Sc, msc: Supernova, no sfx, Next: [D2D-54]","D2D-53","I think it finally hit him about what was going to happen.","Chắc là ông ấy cũng nhận ra mức độ nghiêm trọng của mọi chuyện."
"No Sc, msc: Supernova, no sfx, Next: [D2D-55]","D2D-54","…","..."
"No Sc, msc: Supernova, no sfx, Next: [D2D-55b]","D2D-55","I need to rest before tomorrow.","Nghỉ ngơi thôi, mai còn đi làm nữa."
"No Sc, msc: Supernova, sfx: Door_Open,Door_Chime,Door_Close, Next: [Day3Transition]","D2D-55b","-door opens and closes with a chime-","[cửa mở rồi lại đóng, chuông cửa reo lên]"
"No Sc, msc: Supernova, no sfx, Next: [D3D-1]","Day3Transition","DAY 3","NGÀY THỨ 3"
"No Sc, msc: Supernova, no sfx, Next: [D3D-2]","D3D-1","Doomsday.","Ngày ấy đã tới."
"No Sc, msc: Supernova, no sfx, Next: [D3D-3]","D3D-2","Feels a lot quieter than how I’d imagined it.","Trông mọi thứ có vẻ im ắng hơn mình nghĩ."
"No Sc, msc: Supernova, no sfx, Next: [D3D-4]","D3D-3","Well most people evacuated… it makes sense it's this quiet. ","Cũng phải thôi. Tất cả mọi người đều đã rời đi hết rồi. "
"No Sc, msc: Supernova, no sfx, Next: [D3D-4b]","D3D-4","There’s no Flubber no Rob just me. ","Chẳng còn Rob hay Múp Míp nữa... "
"No Sc, msc: Supernova, sfx: Text_1, Next: [T18]","D3D-4b","-phone chimes-","[chuông điện thoại reo lên]"
"Sc: Cassiopeia, on phone, msc: Supernova, sfx: Pocket_Swoosh_2, Next: [T19]","T18","Dmi did you get my message about where to meet me at the Space Port? You haven’t been answering me since last night. ","Ê! Tớ tính hẹn gặp cậu ở Trạm Vũ Trụ mà không thấy cậu nói năng gì hết! Từ tối qua tới giờ cậu không thèm đọc tin nhắn của tớ hả? "
"Sc: Dmi, on phone, msc: Supernova, no sfx, Next: [T20]","T19"," Sorry just been so busy. You know how it is. "," Xin lỗi cậu nhiều nha, bữa giờ mình hơi bận... "
"Sc: Cassiopeia, on phone, msc: Supernova, sfx: Text_4_vibrate, Next: [D3D-5]","T20","What’s wrong with you? I would think this is a pretty big time to answer your messages! I mean we got the last space jumps of the day! ","Cậu bị khùng rồi hả? Sắp tận thế tới nơi rồi mà còn đùa giỡn nữa! Họ còn có một đợt nhảy không gian cuối cùng nữa thôi đó! "
"No Sc, msc: Supernova, no sfx, Next: [D3D-6]","D3D-5","For once I feel tears threaten to fall from my face as I stare at my phone.","Những giọt nước mắt dần len ra khỏi khóe mi và lăn dài trên khuôn mặt méo mó của tôi. "
"No Sc, msc: Supernova, no sfx, Next: [T21]","D3D-6","I wipe my face. Why am I such a loser? I don’t wanna weigh her down. I’m doing her a favor by not telling her!","Tôi vội lau đi nước mắt, rồi tự hỏi tại sao mình lại thất bại như vậy? Tôi chỉ không muốn trở thành gánh nặng cho cậu ấy thôi mà."
"Sc: Cassiopeia, on phone, msc: Supernova, no sfx, Next: [DD3-1a]","T21"," Dmi?"," Mi ơi?"
"No Sc, msc: Supernova, sfx: Smoke_Detector_Beep_2, Next: [DD3-1]","DD3-1a","-smoke alarm chirps-","[chuông báo cháy vang lên]"
"Sc: Dmi, msc: Supernova, no sfx, Next: [D3D-7]","DD3-1"," Really? Today of all days?"," Thiệt hả trời? Ngay lúc này mới chịu? "
"No Sc, msc: Supernova, no sfx, Next: [D3D-8]","D3D-7","You’d think after all this time smoke alarms wouldn’t work the same way as they did hundreds of years ago.","Ai mà ngờ rằng cái chuông báo cháy cũ xì từ cả ngàn năm trước tới giờ vẫn còn hoạt động đâu."
"No Sc, msc: Supernova, no sfx, Next: [AD1a]","D3D-8","I tune it out as I busy myself with my normal routine. Cleaning waiting more cleaning and more waiting. ","Tôi quyết định làm ngơ và quay trở lại với công việc thường ngày. Lau chùi, quét dọn, rồi lại chờ đợi trong vô vọng. "
"No Sc, msc: Supernova, sfx: Door_Chime,Door_Open, Next: [AD1]","AD1a","-door opens and chimes-","[cửa mở, chuông cửa reo lên]"
"Sc: Aiyana, msc: Supernova, sfx: ALYANA1, Next: [D3D-9]","AD1","Oh wow. You’re actually open. ","Ui chao. Không ngờ chỗ này còn mở. "
"No Sc, msc: Supernova, no sfx, Next: [D3D-10]","D3D-9","My head whips up from where I was brooming from the already pristine floors.","Tôi dựng đầu dậy khỏi cái sàn nhà sạch tinh tươm mà nãy giờ tôi quét đi quét lại."
"No Sc, msc: Supernova, no sfx, Next: [DD3-2]","D3D-10","Xey holds a phone in xeir hand.","Người đó cầm trong tay một chiếc điện thoại."
"Sc: Dmi, msc: Supernova, no sfx, Next: [D3D-11]","DD3-2"," Oh hey. Uh what are you doing here? "," Xin chào. Quý khách đến đây có chuyện gì vậy ạ? "
"No Sc, msc: Supernova, no sfx, Next: [D3D-12]","D3D-11","The person walks towards the counter. I walk behind it just as I usually would.","Vị khách bước đến chỗ quầy thu ngân. Sau đó tôi cũng nhanh chóng trở lại quầy."
"No Sc, msc: Supernova, sfx: Smoke_Detector_Beep_2, Next: [AD2]","D3D-12","Xey pause as xey look up at the chirping smoke alarm. I watch the gears turn as xey decide to ignore it.","Vị khách nhìn lên chỗ chuông báo cháy đang kêu inh ỏi, nhưng cũng mặc kệ rồi quay mặt về phía tôi."
"Sc: Aiyana, msc: Supernova, sfx: ALYANA2, Next: [DD3-3]","AD2"," I wanted to see if I can get a snack or something. My phone said this place was open. I wanted to grab something before going back home to Earth. "," Tôi tìm trên mạng thấy có mỗi chỗ này là còn mở cửa, nên tính ghé qua mua đại cái gì đó trước khi về lại Trái Đất. "
"Sc: Dmi, msc: Supernova, no sfx, Next: [D3D-13]","DD3-3"," Earth?"," Trái Đất ấy ạ?"
"No Sc, msc: Supernova, no sfx, Next: [AD3]","D3D-13","Earth isn’t a planet you hear too often when it came to human inhabitants. Despite the supernova, Earth has already been deemed unfavorable for living compared to anywhere else.","Đó giờ tôi thấy ít có ai nhắc đến Trái Đất lắm. Hành tinh đó đã không còn đủ điều kiện an toàn để cho loài người sinh sống từ lâu lắm rồi."
"Sc: Aiyana, msc: Supernova, sfx: ALYANA3, Next: [AD4]","AD3"," Yeah some people actually still live there. "," Ừ thì vẫn còn một vài người sống ở đó. "
"Sc: Aiyana, msc: Supernova, sfx: ALYANA1, Next: [D3D-14]","AD4"," and by some people I mean me."," Và tôi là một trong số ""họ""."
"No Sc, msc: Supernova, no sfx, Next: [DD3-4]","D3D-14","I chuckle.","Tôi lỡ cười nhẹ."
"Sc: Dmi, msc: Supernova, no sfx, Next: [AD5]","DD3-4"," Well what are you looking for? I can help you pick out something. "," Vậy quý khách có muốn mua gì hay cần tôi hỗ trợ gì không ạ?  "
"Sc: Aiyana, msc: Supernova, sfx: ALYANA3, Next: [AD6]","AD5","Well to be honest…I don’t really care. What do you think is good? ","Thú thật thì... tôi cũng chả biết nữa. Cậu lựa giùm tôi được không? "
"Sc: Aiyana, msc: Supernova, sfx: Alyana_Short, Next: [AD6b]","AD6","I’ll take anything.","Lấy đại cái gì cũng được."
"No Sc, msc: Supernova, no sfx, Next: [TDP10-1]","AD6b","Select an item in the shop","Hãy chọn một vật phẩm trong tiệm"
"No Sc, msc: Supernova, no sfx, Next: [TDP10-1]","AD6b-Option-1","","AD6b-Option-1
"
"No Sc, msc: Supernova, no sfx, Next: [TDP10-1]AD6b-Option-2","AD6b-Option-2","","AD6b-Option-2
"
"Sc: Aiyana, msc: Supernova, sfx: ALYANA1, Next: [TDP10-2]","TDP10-1","Hmm don’t think I’ve tried this before. ","Hình như tôi chưa thử qua món này bao giờ. "
"Sc: Aiyana, msc: Supernova, sfx: Alyana_Short, Next: [TDP10-3]","TDP10-2"," How many luncos is it?"," Cái này bao nhiêu tiền vậy?"
"Sc: Dmi, msc: Supernova, no sfx, Next: [TDP10-4]","TDP10-3","I’d be crazy to make this company richer by charging you.","Có điên tôi mới đi làm giàu cho tụi tư bản ngay cả khi sắp chết."
"Sc: Aiyana, msc: Supernova, sfx: Alyana_Short, Next: [TDP10-4a]","TDP10-4"," Just checking."," Để tôi kiểm tra đã nhé."
"Sc: Aiyana, msc: Supernova, sfx: ALYANA1, Next: [TDP10-5]","TDP10-4a"," So what possessed you to clock in when you could be at home or better yet at the Space Port on your way out of here? "," Tôi hơi tò mò. Điều gì đã cho cậu động lực đi làm thay vì ở nhà lánh nạn hay đến Trạm Vũ Trụ để tìm đường thoát khỏi đây vậy? "
"Sc: Dmi, msc: Supernova, no sfx, Next: [TDP10-6]","TDP10-5"," Just a coward who thinks working at a gas station is more comfortable than confronting my problems head-on."," À... tôi chỉ là một kẻ yếu đuối đang chạy trốn khỏi cuộc đời bằng cách vùi đầu vào công việc ở một trạm xăng thôi ạ."
"Sc: Dmi, msc: Supernova, no sfx, Next: [TDP10-7]","TDP10-6"," What about you?"," Còn quý khách thì sao?"
"No Sc, msc: Supernova, no sfx, Next: [TDP10-8]","TDP10-7","Xey let out a bitter laugh.","Vị khách ngậm ngùi mỉm cười."
"Sc: Aiyana, msc: Supernova, sfx: Alyana_Short, Next: [TDP10-9]","TDP10-8"," I stayed behind."," Tôi đã chọn ở lại."
"Sc: Aiyana, msc: Supernova, sfx: ALYANA2, Next: [TDP10-10]","TDP10-9"," You might think it's stupid but I want to stay with the Earth in its final moments. "," Chắc cậu sẽ không tin, nhưng tôi muốn được ở bên Trái Đất vào những giây phút cuối cùng. "
"Sc: Aiyana, msc: Supernova, sfx: ALYANA1, Next: [TDP10-11]","TDP10-10","Everyone left it behind and I just don’t want to do the same. I did too much for that floating rock in space. I tried my best. ","Ai muốn đi thì đi, nhưng tôi đã dành trọn cả cuộc đời mình để bảo vệ hành tinh ấy. Tôi không thể bỏ mặc nó như vậy được.  "
"Sc: Dmi, msc: Supernova, no sfx, Next: [TDP10-12]","TDP10-11","You’re just going to get sent to hell with it?","Dù cho có phải hy sinh mạng sống của mình ạ?"
"Sc: Aiyana, msc: Supernova, sfx: ALYANA2, Next: [TDP10-13]","TDP10-12"," That does make it sound cooler when you say it like that."," Tự nhiên cậu nói vậy làm tôi thấy mình giống kẻ tử đạo ghê."
"Sc: Dmi, msc: Supernova, no sfx, Next: [TDP10-14]","TDP10-13","I don’t really think it's stupid.","Tôi thấy ra đi như vậy ngầu lắm ạ."
"Sc: Dmi, msc: Supernova, no sfx, Next: [TDP10-15]","TDP10-14","What's your name? Might as well ask while we’re here.","Nhân tiện cho tôi hỏi tên của quý khách là gì vậy ạ?"
"Sc: Aiyana, msc: Supernova, sfx: ALYANA3, Next: [TDP10-16]","TDP10-15"," It's Aiyana. Nothing special to it."," Tên tôi ấy hả? Đơn giản thôi, Aiyana."
"No Sc, msc: Supernova, no sfx, Next: [TDP10-17]","TDP10-16","Xey look at my name tag. I see as xeir eyes look back down to double check.","Vị khách sau đó hướng mắt vào bảng tên của tôi, rồi lại liếc nhìn một lần nữa."
"Sc: Aiyana, msc: Supernova, sfx: Alyana_Short, Next: [TDP10-18]","TDP10-17"," Thanks for the free stuff Dmi. "," Cảm ơn cậu nhiều nhé, Diễm Mi. "
"Sc: Dmi, msc: Supernova, no sfx, Next: [TDP10-19]","TDP10-18"," It's no problem. Just enjoy it. Thanks for being my last customer."," Không có gì đâu ạ. Cảm ơn vì đã làm khách hàng cuối cùng của tôi."
"Sc: Aiyana, msc: Supernova, sfx: ALYANA1, Next: [TDP10-20]","TDP10-19","For what it's worth I think they deserve to know. There isn’t much time left. ","Nói nghe nè, tôi nghĩ cậu nên cho người ấy biết. Không còn nhiều thời gian đâu. "
"Sc: Aiyana, msc: Supernova, sfx: ALYANA3, Next: [TDP10-21]","TDP10-20","I don’t think anyone should go out with regrets.","Không ai muốn phải ra đi trong nuối tiếc cả."
"No Sc, msc: Supernova, no sfx, Next: [TDP10-22]","TDP10-21","Xey go over to the door.","Vị khách dần bước ra khỏi tiệm."
"Sc: Aiyana, msc: Supernova, sfx: ALYANA2, Next: [TDP10-22b]","TDP10-22","Also take out the batteries in that smoke alarm. You don’t have to be in hell already jeez. ","Cậu cũng nên tháo mấy cục pin ra đi. Nãy giờ tôi cứ tưởng mình xuống địa ngục rồi không đó. "
"No Sc, msc: Supernova, sfx: Door_Chime,Door_Close, Next: [D3D-15a]","TDP10-22b","-door opens and closes with a chime-","[cửa mở rồi lại đóng, chuông cửa reo lên]"
"No Sc, msc: Supernova, no sfx, Next: [D3D-15]","D3D-15a","I grab my broom and give the smoke alarm a solid SMACK.","Tôi tóm lấy cây chổi và đập thật mạnh vào cái chuông báo cháy."
"No Sc, msc: Supernova, no sfx, Next: [D3D-16]","D3D-15","The thing falls to the ground. Aiyana was right about how annoying the noise is when you’re not ignoring it.","Cái chuông rớt xuống sàn xong vỡ tan nát. Nhờ Aiyana nói tôi mới để ý cái tiếng nó phát ra đinh tai nhức óc thiệt chứ."
"No Sc, msc: Supernova, no sfx, Next: [D3D-16b]","D3D-16","Time passes.","Thời gian trôi lặng thinh."
"No Sc, msc: Supernova, sfx: Text_1, Next: [PON-1,POP-1]","D3D-16b","-phone chimes-","[chuông điện thoại reo lên]"
"No Sc, msc: Supernova, sfx: Text_1, Next: [PON-1,POP-1]","D3D-16b-Option-1","","DD1-27b-Option-1
"
"No Sc, msc: Supernova, sfx: Text_1, Next: [PON-1,POP-1]D3D-16b-Option-2","D3D-16b-Option-2","","D3D-16b-Option-2
"
"No Sc, msc: BracingForImpact, no sfx, Next: [PON-2]","PON-1","It's Cassiopeia.","Lại là cậu ấy."
"No Sc, msc: BracingForImpact, no sfx, Next: [PON-3]","PON-2","I pick up my phone but put it back down.","Tôi nhấc điện thoại lên nhưng rồi lại úp xuống."
"Sc: Dmi, msc: BracingForImpact, no sfx, Next: [PON-4]","PON-3"," Sorry Cassie. Just focus on getting out of here."," Xin lỗi nhiều nha Tiên, nhưng cậu hãy quên mình đi."
"No Sc, msc: BracingForImpact, no sfx, Next: [PON-5]","PON-4","A sinking feeling forms in my stomach as I realize she stopped because its time for her to make her space jump.","Tim tôi như hẫng đi một nhịp khi nhận ra cậu ấy đã ngừng nhắn tin từ lúc nào. Vì đã tới đợt nhảy không gian cuối cùng rồi."
"No Sc, msc: BracingForImpact, no sfx, Next: [PON-6]","PON-5","She gave up.","Cậu ấy đi thật rồi."
"No Sc, msc: BracingForImpact, no sfx, Next: [PON-7]","PON-6","I thought I could handle this.","Tôi cứ tưởng mình sẽ không sao."
"No Sc, msc: BracingForImpact, no sfx, Next: [PON-8]","PON-7","I thought I would be fine.","Tôi cứ nghĩ mình sẽ ổn thôi."
"No Sc, msc: BracingForImpact, no sfx, Next: [PON-9]","PON-8","Maybe it would have been better to just tell her. She must have cared if she wanted to speak to me so badly.","Lỡ như cậu ấy thực sự quan tâm tới mình nên mới nằng nặc đòi đi chung thì sao? Đáng lẽ mình nên nói cho cậu ấy biết."
"No Sc, msc: BracingForImpact, no sfx, Next: [PON-10]","PON-9","I pull up a chair next to the window and take a seat.","Tôi lấy ghế ra và ngồi đưa mắt nhìn qua khung cửa sổ."
"No Sc, msc: Supernova, no sfx, Next: [PON-11]","PON-10","Cosmic Fuel the place to fill to your heart’s content… ","""Trạm Xăng Hoàn Vũ - nơi con tim được đong đầy"" "
"No Sc, msc: Supernova, no sfx, Next: [PON-12]","PON-11","Now it is the place where my heart feels the most empty. ","Trớ trêu thay đây lại là nơi mà tôi cảm thấy cô đơn nhất. "
"No Sc, msc: BracingForImpact, no sfx","PON-12","I’m an idiot.","Đúng dở hơi mà."
"No Sc, msc: Supernova, no sfx, Next: [POP-2]","POP-1","It's time to stop beating around the bush.","Đến lúc phải nói cho cậu ấy biết sự thật rồi."
"Sc: Cassiopeia, on phone, msc: Supernova, sfx: Text_4_vibrate, Next: [POP-3]","POP-2","Dmi you’re actually scaring me. Why aren’t you answering? ","Mi ơi, sao tự nhiên cậu im lặng vậy? Đừng làm tớ sợ mà. "
"Sc: Dmi, on phone, msc: Supernova, no sfx, Next: [POP-4]","POP-3","I can’t go to the Space Port.","Mình không đủ điều kiện..."
"No Sc, msc: Supernova, no sfx, Next: [POP-5]","POP-4","Silence.","[im lặng]"
"Sc: Cassiopeia, on phone, msc: Supernova, sfx: Text_4_vibrate, Next: [POP-6]","POP-5"," Are u at home?"," Cậu đang ở đâu?"
"Sc: Dmi, on phone, msc: Supernova, no sfx, Next: [POP-7]","POP-6"," No."," Cửa hàng..."
"No Sc, msc: Supernova, no sfx, Next: [POP-8]","POP-7","Silence.","[im lặng]"
"Sc: Cassiopeia, on phone, msc: Supernova, sfx: Text_4_vibrate, Next: [POP-9]","POP-8"," Give me a few minutes."," Đợi tớ một xíu."
"Sc: Dmi, on phone, msc: Supernova, no sfx, Next: [POP-10]","POP-9"," What"," Hả??"
"No Sc, msc: Supernova, no sfx, Next: [POP-11]","POP-10","Cassiopeia stops replying.","Sau đó Tiên không nhắn gì nữa."
"No Sc, msc: Supernova, no sfx, Next: [POP-12]","POP-11","I stare at my phone before typing a few more replies.","Tôi đờ người ra một lúc rồi mới nhắn thêm vài câu."
"No Sc, msc: Supernova, no sfx, Next: [POP-13]","POP-12","Nothing.","Vẫn vậy."
"No Sc, msc: Supernova, no sfx, Next: [POP-14]","POP-13","Is she mad at me? I know this has gotta take the prize for one of the worst things to ever tell someone.","Chắc cậu ấy giận mình rồi. Nghĩ sao tin sốc như vậy mà gần tới lúc mọi thứ sắp nổ tung mình mới chịu nói."
"No Sc, msc: Supernova, no sfx, Next: [POP-15]","POP-14","Crap.","Chết rồi."
"No Sc, msc: Supernova, no sfx, Next: [POP-16]","POP-15","I should have just come clean earlier. Of course she’s not going to take this well. WHO WOULD? ","Lẽ ra mình phải thú tội sớm hơn. Làm sao cậu ấy có thể chịu được một cú sốc như vậy chứ? "
"No Sc, msc: Supernova, no sfx, Next: [POP-16b]","POP-16","I place my face in my hands and groan. For some reason the entire universe has been shooting me signs to just come clean and here I am a few hours from Doomsday and I just-- ","Lúc này tôi chỉ biết vò đầu bứt tóc. Vũ trụ đã gửi tín hiệu cho tôi mấy lần là nên nói cho cậu ấy biết sớm hơn, vậy mà bây giờ, tới lúc gần sắp chết, tôi mới chịu mở miệng.  "
"No Sc, msc: Supernova, sfx: Door_Chime,Door_Open, Next: [POP-17]","POP-16b","-door opens and chimes-","[cửa mở, chuông cửa reo lên]"
"Sc: Dmi, msc: Supernova, no sfx, Next: [POP-18]","POP-17"," Huh?"," Ai đó?"
"No Sc, msc: BracingForImpact, no sfx, Next: [POP-19]","POP-18","Every atom in my body freezes as I look at the panting figure standing in the doorway.","Tôi há hốc mồm khi bỗng nhiên bắt gặp một dáng vẻ quen thuộc từ đâu xuất hiện ở ngay lối vào."
"Sc: Dmi, msc: BracingForImpact, no sfx, Next: [POP-20]","POP-19","C-Cassiopeia…?","Là T-Tiên đó hả?"
"Sc: Cassiopeia, msc: BracingForImpact, sfx: CASS1, Next: [POP-21]","POP-20","You don’t know how hard it was for me to get here in the time I had left.","Không còn nhiều thời gian nên tớ phải phóng dữ lắm mới kịp tới đây đó."
"No Sc, msc: BracingForImpact, no sfx, Next: [POP-22]","POP-21","She punches me immediately.","Cậu ấy thụi cho tôi một cú."
"Sc: Dmi, msc: BracingForImpact, no sfx, Next: [POP-23]","POP-22"," Ow! Cassie!"," Ê đau đó nha!"
"No Sc, msc: BracingForImpact, no sfx, Next: [POP-24]","POP-23","She punches me again.","Cậu ấy thụi tôi lần nữa."
"Sc: Cassiopeia, msc: BracingForImpact, sfx: CASS2, Next: [POP-25]","POP-24","Don’t “Ow” me! YOU WOULD PICK NOW OUT OF ALL TIMES TO TELL ME YOU WEREN’T ABLE TO GET CLEARED FOR A SPACE JUMP?","Đừng có mà nói câu đó với tớ! ĐỢI TỚI LÚC NÀY CẬU MỚI CHỊU NÓI LÀ CẬU KHÔNG ĐỦ ĐIỀU KIỆN ĐỂ NHẢY KHÔNG GIAN HẢ?"
"No Sc, msc: BracingForImpact, no sfx, Next: [POP-26]","POP-25","She’s fuming understandably so. ","Ừ cậu ấy nổi điên cũng phải thôi. "
"Sc: Dmi, msc: BracingForImpact, no sfx, Next: [POP-27]","POP-26","I’m sorry! I didn’t want you to worry about me!","Mình xin lỗi! Tại mình sợ sẽ gây phiền phức cho cậu!"
"Sc: Dmi, msc: BracingForImpact, no sfx, Next: [POP-28]","POP-27","Also things just weren’t the best. I…didn’t see how things would get better even if I found a way to go. ","Với lại... dù có thoát khỏi đây đi chăng nữa thì cuộc đời mình cũng sẽ y như vậy, chẳng có gì thay đổi.. "
"No Sc, msc: BracingForImpact, no sfx, Next: [POP-29]","POP-28","Cassiopeia relaxes.","Tiên hít một hơi thật dài."
"Sc: Cassiopeia, msc: BracingForImpact, sfx: Cassie_Short, Next: [POP-30]","POP-29"," Is anyone else here?"," Còn ai nữa hông?"
"Sc: Dmi, msc: BracingForImpact, no sfx, Next: [POP-31]","POP-30"," It's just me."," Có mỗi mình à."
"Sc: Cassiopeia, msc: BracingForImpact, sfx: CASS4, Next: [POP-32]","POP-31"," Do you guys sell Chai here?"," Ở đây có trà Masala Chai hông?"
"No Sc, msc: BracingForImpact, no sfx, Next: [POP-33a]","POP-32","Chai has always been Cassiopeia’s choice for an end-of-the-world drink. We’ve had too many late-night “What-if?” conversations for me to not remember.","Chúng tôi hay có những đêm nằm tâm sự với nhau về hai chữ ""nếu như"" và lần nào cậu ấy cũng muốn được uống thử trà Masala Chai trước khi tận thế."
"Sc: Dmi, msc: BracingForImpact, sfx: , Next: [POP-33]","POP-33a","I’ll get that for you.","Để mình pha cho."
"Sc: Cassiopeia, msc: BracingForImpact, sfx: Cassie_Short, Next: [POP-34]","POP-33"," Thanks Dmi."," Cảm ơn cậu."
"No Sc, msc: BracingForImpact, no sfx, Next: [POP-35]","POP-34","I change the settings of the hot drink machine to Chai and watch as the warm drink pours into the cup.","Tôi bấm nút pha trà và nhìn dòng nước thơm phức đổ vào bên trong ly như một con thác nóng hổi."
"No Sc, msc: BracingForImpact, no sfx, Next: [POP-36]","POP-35","I place the cup down on the counter in front of me and push it toward her.","Như một thói quen, tôi đặt cái ly trên quầy rồi đẩy nhẹ về phía cậu ấy."
"Sc: Cassiopeia, msc: BracingForImpact, sfx: Cassie_Short, Next: [POP-37]","POP-36"," Dmi come. "," Lại đây đi. "
"No Sc, msc: BracingForImpact, no sfx, Next: [POP-38]","POP-37","She moves over to the window with her Chai in hand. I grab my chair and an extra from behind the counter and drag them over to her.","Cậu ấy cầm lấy ly trà rồi bước về phía cửa sổ. Tôi cũng nhanh trí kéo hai cái ghế dưới quầy ra và để kế bên chỗ cậu ấy đang đứng."
"No Sc, msc: BracingForImpact, no sfx, Next: [POP-38b]","POP-38","She takes a long sip of her drink before sitting down.","Cậu ấy đứng đó một hồi lâu rồi mới chịu ngồi xuống."
"No Sc, msc: BracingForImpact, sfx: Smoke_Detector_Beep_2, Next: [POP-39]","POP-38b","-smoke alarm chirps-","[chuông báo cháy vang lên]"
"No Sc, msc: BracingForImpact, no sfx, Next: [POP-40]","POP-39","Cassiopeia searches for the sound. I grab a nearby broom.","Trong lúc Tiên còn đang ngơ ngác thì tôi liền chộp lấy cây chổi."
"Sc: Dmi, msc: BracingForImpact, no sfx, Next: [POP-41]","POP-40"," Give me a second."," Để mình ra tay."
"No Sc, msc: BracingForImpact, no sfx, Next: [POP-42]","POP-41","I land a solid SMACK at the smoke alarm and watch as it falls to pieces.","Tôi vút thật mạnh vào cái chuông báo cháy rồi nhìn nó vỡ thành từng mảnh."
"No Sc, msc: BracingForImpact, no sfx, Next: [POP-43]","POP-42","Cassiopeia doesn’t say a word as I bring myself next to her.","Tôi ngồi xuống bên cạnh Tiên, nhưng cậu ấy không nói một lời."
"Sc: Cassiopeia, msc: BracingForImpact, sfx: Cassie_Short, Next: [POP-44]","POP-43","As I was saying…","Cậu có bao giờ nghĩ..."
"Sc: Cassiopeia, msc: BracingForImpact, sfx: CASS4, Next: [POP-45]","POP-44"," Did you ever think about what happens after the supernova if you never told me?"," Chuyện gì sẽ xảy ra nếu như cậu không chịu nói cho tớ biết sự thật không?"
"Sc: Dmi, msc: BracingForImpact, no sfx, Next: [POP-46]","POP-45","You’d carry on without me. Probably. Cassie you’re not even going to make it back in time! ","Thì chắc cậu sẽ... sống tiếp mà không có mình. Nhưng nếu cậu cứ ngồi đây thì sẽ trễ giờ đó! "
"No Sc, msc: BracingForImpact, no sfx, Next: [POP-47]","POP-46","Cassiopeia doesn’t answer. She takes another sip of her cheap gas station Chai.","Tiên không nói gì. Cậu ấy húp một ngụm trà Masala Chai giá rẻ được pha ở trạm xăng."
"Sc: Cassiopeia, msc: BracingForImpact, sfx: CASS3, Next: [POP-48]","POP-47","Nice try. Dmi you’re one of the most important people to me. ","Sai rồi. Cậu là người quan trọng nhất trong cuộc đời tớ đó Mi. "
"Sc: Cassiopeia, msc: BracingForImpact, sfx: CASS1, Next: [POP-49]","POP-48","I’m here because I want to be here with you!","Tớ còn ở đây là bởi vì tớ muốn được ở bên cậu!"
"Sc: Dmi, msc: BracingForImpact, no sfx, Next: [POP-50]","POP-49"," Cass--"," Tiên--"
"Sc: Cassiopeia, msc: BracingForImpact, sfx: CASS2, Next: [POP-51]","POP-50"," You have been giving me the slip for days and I knew something was up!"," Bữa giờ cậu cứ làm ngơ tin nhắn của tớ nên tớ đã nghi có chuyện gì rồi."
"No Sc, msc: BracingForImpact, no sfx, Next: [POP-52]","POP-51","Tears well up in my eyes. I can’t help it.","Đôi mắt tôi khi này đã sưng húp và ướt đẫm."
"Sc: Cassiopeia, msc: BracingForImpact, sfx: Cassie_Short, Next: [POP-53]","POP-52","Dmi? Come on…","Thôi đừng khóc mà..."
"No Sc, msc: BracingForImpact, no sfx, Next: [POP-54]","POP-53","She takes me into her arms before she wipes at my tears. She holds my face in her hands. I can’t pinpoint the emotion I see in her face.","Cậu ấy ôm tôi vào lòng rồi lau đi những giọt nước mắt đang lăn dài trên đôi gò má. Không biết cậu ấy nghĩ gì khi thấy bộ dạng xấu xí này của tôi."
"No Sc, msc: BracingForImpact, no sfx, Next: [POP-55]","POP-54","Was it pity?","Buồn hay vui?"
"Sc: Cassiopeia, msc: BracingForImpact, sfx: CASS1, Next: [POP-56]","POP-55","I want to be here with you. Don’t cry.","Tớ quay lại đây là vì cậu, nên đừng khóc."
"No Sc, msc: BracingForImpact, no sfx, Next: [POP-57]","POP-56","…love? Was that it?","Đây là... tình yêu sao?"
"Sc: Dmi, msc: BracingForImpact, no sfx, Next: [POP-58]","POP-57"," I wish we had more time. I wish we could have done more things together or had a chance to just live in another galaxy. Or at least you should be able to leave-- "," Ước gì chúng tôi được sinh ra ở một vũ trụ khác. Ước gì chúng tôi có thêm thời gian để làm nhiều thứ cùng nhau hơn. Ước gì cậu ấy đã không quay lại đây bởi vì tôi... "
"No Sc, msc: BracingForImpact, no sfx, Next: [POP-59]","POP-58","Cassiopeia wipes at my tears some more. I see her own tears threaten to fall.","Trong lúc Tiên ra sức an ủi tôi, có vẻ như chính cậu ấy cũng muốn bật khóc."
"Sc: Cassiopeia, msc: BracingForImpact, sfx: CASS3, Next: [POP-60]","POP-59","I don’t want to leave without you.","Tớ không muốn bỏ cậu lại một mình."
"No Sc, msc: BracingForImpact, no sfx, Next: [POP-60b]","POP-60","I wipe at my own tears.","Sau đó tôi lấy lại bình tĩnh."
"No Sc, msc: BracingForImpact, sfx: Text_1, Next: [TPOP-1]","POP-60b","-phone chimes-","[chuông điện thoại reo lên]"
"No Sc, on phone, msc: BracingForImpact, no sfx, Next: [POP-61]","TPOP-1","SUPERNOVA IMMINENT. EVACUATE IMMEDIATELY.","MẶT TRỜI SẮP PHÁT NỔ. VUI LÒNG DI TẢN NGAY LẬP TỨC."
" ""added missing string""","TPOP-2","!!! DEIMOS MOON WARNING !!!","!!! CẢNH BÁO TỪ TRĂNG DEIMOS !!!"
"Sc: Dmi, msc: BracingForImpact, no sfx, Next: [POP-62]","POP-61","A little late for that isn’t it?","Giờ này thông báo hơi trễ ha?"
"No Sc, msc: BracingForImpact, no sfx, Next: [POP-63]","POP-62","I scoot my chair closer to Cassiopeia. She’s a beacon in this time where I thought I would be alone.","Tôi nhích cái ghế lại gần Tiên. Cậu ấy như ngôi sao trong bầu trời đêm, thắp sáng cuộc đời lẻ loi của tôi."
"No Sc, msc: BracingForImpact, no sfx, Next: [POP-64]","POP-63","I didn’t think I would be ready for this. I still don’t think I am.","Mặc dù biết trước kết cục rồi nhưng mà vẫn sợ thiệt nha."
"No Sc, msc: BracingForImpact, no sfx, Next: [POP-65]","POP-64","Cassiopeia takes my hand and smiles as she gives it a squeeze.","Tiên mỉm cười và nắm chặt lấy tay tôi."
"No Sc, msc: BracingForImpact, no sfx, Next: [POP-66]","POP-65","Okay…","Đây rồi..."
"No Sc, msc: BracingForImpact, no sfx, Next: [POP-67]","POP-66","Alright…","Tới rồi..."
"Sc: Dmi, msc: BracingForImpact, no sfx, Next: [POP-68]","POP-67","Thank you Cassie. ","Cảm ơn cậu nha Tiên. "
"No Sc, msc: BracingForImpact, no sfx, Next: [POP-69]","POP-68","She chuckles somehow she’s still smug even now. ","Cậu ấy cười khúc khích như hiểu được ý tôi muốn nói. "
"Sc: Cassiopeia, msc: BracingForImpact, sfx: Cassie_Short, Next: [POP-70]","POP-69"," I love you too Dmi. "," Tớ cũng yêu cậu, Mi à. "
"No Sc, msc: BracingForImpact, no sfx, Next: [POP-71]","POP-70","I return her laugh as our world goes white.","Vũ trụ nở một nụ cười trắng xóa và tôi nhận ra..."
"No Sc, msc: BracingForImpact, no sfx","POP-71","I was never really alone.","Mình chưa bao giờ cô đơn cả."
