"location","context","source","target"
"O1","No Sc, msc: SupernovaAlt, no sfx, Next: [O2]","The Solar System. We all know it well. Home to an indescribable number of lifeforms across each planet.","Το Ηλιακό Σύστημα. Όλοι το ξέρουμε και το αγαπάμε. Εδώ ζουν αμέτρητες μορφές ζωής σε κάθε πλανήτη."
"O2","No Sc, msc: SupernovaAlt, no sfx, Next: [O3]","That doesn’t matter much anymore. The Solar System is reaching its end and our Sun is reaching the end of its days. From Mercury to Uranus (Justice for Pluto) people are evacuating to escape the incoming supernova.","Βέβαια δεν έχει και τόση σημασία πια, καθώς το Ηλιακό μας Σύστημα και ο Ήλιος φτάνουν στο τέλος τους. Από τον Ερμή ως τον Ουρανό (δικαιοσύνη για τον Πλούτωνα), οι άνθρωποι εγκαταλείπουν τα πάντα για να σωθούν από την επικείμενη σουπερνόβα."
"O3","No Sc, msc: SupernovaAlt, no sfx, Next: [O4]","and I’m clocking in.","...και εγώ ετοιμάζομαι για δουλειά."
"O4","No Sc, msc: SupernovaAlt, no sfx, Next: [O5a]","It's a slow day. Not that it wasn’t expected or anything. A lot of people have evacuated already, or they just want to spend their money elsewhere besides our dingy gas station. ","Η μέρα κυλάει αργά. Όχι πως δεν το περίμενα. Πολλοί έχουν ήδη εγκαταλείψει τον πλανήτη, άλλοι πάλι προτιμούν να ξοδέψουν τα λεφτά τους αλλού, παρά στο μίζερο βενζινάδικό μας. "
"O5a","No Sc, msc: SupernovaAlt, sfx: Text_1, Next: [O5b]","-phone chimes-","-κουδουνίζει το τηλέφωνο-"
"O5b","No Sc, msc: SupernovaAlt, sfx: , Next: [T1]","Crap.","Σκατά."
"T1","Sc: Cassiopeia, on phone, msc: SupernovaAlt, sfx: Pocket_Swoosh_1, Next: [TDN1-1,TDP1-1]","Hey, did you finish packing?","Τι λέει; Ετοίμασες τα πράγματά σου;"
"T1-Option-1","Sc: Cassiopeia, on phone, msc: SupernovaAlt, sfx: Pocket_Swoosh_1, Next: [TDN1-1,TDP1-1]","Yeah. (Lie)","Ναι. (Ψέματα)"
"T1-Option-2","Sc: Cassiopeia, on phone, msc: SupernovaAlt, sfx: Pocket_Swoosh_1, Next: [TDN1-1,TDP1-1]","No, I’m at work right now.","Όχι, είμαι στη δουλειά τώρα."
"TDN1-1","Sc: Dmi, on phone, msc: SupernovaAlt, no sfx, Next: [TDN1-2]","Yeah. Just handling some things right now.","Ναι. Τώρα κάνω κάτι τελευταίες δουλίτσες."
"TDN1-2","Sc: Cassiopeia, on phone, msc: SupernovaAlt, sfx: Text_4_vibrate, Next: [TDN1-3]","Are you home? I can swing by your place to help.","Είσαι σπίτι; Μπορώ να περάσω από εκεί να σε βοηθήσω."
"TDN1-3","Sc: Dmi, on phone, msc: SupernovaAlt, no sfx, Next: [ROD1-1]","No, its fine. I’m at work. The grind doesn’t stop.","Όχι, δεν χρειάζεται. Δεν έχω σχολάσει ακόμη. Η δουλειά δεν σταματάει ποτέ."
"TDP1-1","Sc: Dmi, on phone, msc: SupernovaAlt, no sfx, Next: [TDP1-2]","I’m on the grind right now. I’ll see about that later.","Έχω πολλή δουλειά αυτή τη στιγμή. Θα ασχοληθώ με αυτό αργότερα."
"TDP1-2","Sc: Cassiopeia, on phone, msc: SupernovaAlt, sfx: Text_4_vibrate, Next: [TDP1-3]","Dmi the SUN is gonna explode!?!?!?!","Ντμι, θα εκραγεί Ο ΗΛΙΟΣ!!!"
"TDP1-3","Sc: Dmi, on phone, msc: SupernovaAlt, no sfx, Next: [ROD1-1]","Yeah, and my account is gonna overdraft.","Ναι, και ο τραπεζικός μου λογαριασμός θα πάει άπατος."
"ROD1-1","Sc: Rob, msc: SupernovaAlt, sfx: Rob_Short, Next: [D1D-1]","Dmi!","Ντμι!"
"D1D-1","No Sc, msc: SupernovaAlt, sfx: PhoneHangUp, Next: [DD1-1]","I jump from my seat and slam my phone onto the side of the counter.","Πετάγομαι από τη θέση μου και χτυπάω το κινητό μου πάνω στον πάγκο."
"DD1-1","Sc: Dmi, msc: SupernovaAlt, no sfx, Next: [D1D-2]","I wasn’t on my phone!","Δεν ήμουν στο κινητό!"
"D1D-2","No Sc, msc: SupernovaAlt, sfx: RobHuff2, Next: [ROD1-2]","Rob huffs.","Ο Ρομπ ξεφυσάει εκνευρισμένα."
"ROD1-2","Sc: Rob, msc: SupernovaAlt, sfx: ROB2, Next: [FOD1-1]","I’m not your mother. I’m heading out, but I’m gonna leave Flubber with you.","Δεν είμαι η μάνα σου. Φεύγω, αλλά θα αφήσω τη Φλάμπερ μαζί σου."
"FOD1-1","No Sc, msc: SupernovaAlt, sfx: FLUBBER1, Next: [DD1-2]","Flubber meows","Η Φλάμπερ νιαουρίζει"
"DD1-2","Sc: Dmi, msc: SupernovaAlt, no sfx, Next: [ROD1-3]","Come on, Rob. What am I? A cat-sitter? and on company time?","Έλα τώρα, Ρομπ. Τι; Θα σου νταντεύω τη γάτα; Και εν ώρα εργασίας;"
"ROD1-3","Sc: Rob, msc: SupernovaAlt, sfx: ROB3, Next: [DD1-3]","Well, I’ll dock your pay if you don’t!","Θα σου μειώσω τον μισθό αν δεν το κάνεις!"
"DD1-3","Sc: Dmi, msc: SupernovaAlt, no sfx, Next: [ROD1-4]","Don’t you do that already?","Δεν μου τον έχεις μειώσει ήδη;"
"ROD1-4","Sc: Rob, msc: SupernovaAlt, no sfx, Next: [DD1-4]","...","..."
"DD1-4","Sc: Dmi, msc: SupernovaAlt, no sfx, Next: [ROD1-5]","...","..."
"ROD1-5","Sc: Rob, msc: SupernovaAlt, sfx: Rob_Short, Next: [ROD1-6]","...anyways.","...τέλος πάντων."
"ROD1-6","Sc: Rob, msc: SupernovaAlt, sfx: ROB3, Next: [ROD1-7]","I gotta help my mom pack, and Flubber likes to play in boxes.","Πρέπει να βοηθήσω τη μαμά με το πακετάρισμα και η Φλάμπερ όλο παίζει με τις κούτες."
"ROD1-7","Sc: Rob, msc: SupernovaAlt, sfx: ROB2, Next: [FD1-1]","Besides, she likes you anyway!","Εξάλλου, σε συμπαθεί!"
"FD1-1","Sc: Flubber, msc: SupernovaAlt, sfx: FLUBBER2, Next: [ROD1-8]","Meow","Μιάου"
"ROD1-8","Sc: Rob, msc: SupernovaAlt, sfx: Rob_Short, Next: [DD1-5]","See?","Βλέπεις;"
"DD1-5","Sc: Dmi, msc: SupernovaAlt, no sfx, Next: [ROD1-9]","Fine...","Καλά..."
"ROD1-9","Sc: Rob, msc: SupernovaAlt, sfx: ROB1, Next: [ROD1-10]","Thanks! Thats why I always tell people we need more Dmis at Cosmic Fuel!","Ευχαριστώ! Γι' αυτό λέω στον κόσμο πως χρειαζόμαστε κι άλλους σαν εσένα στο Cosmic Fuel!"
"ROD1-10","No Sc, msc: SupernovaAlt, sfx: Door_Chime,Door_Close, Next: [D1D-3]","-door opens and chimes-","-η πόρτα ανοίγει και κουδουνίζει- "
"D1D-3","No Sc, msc: SupernovaAlt, no sfx, Next: [D1D-4]","Ugh, Rob’s always piling stuff on me like this.","Πω, πάντα μου φορτώνει παραπάνω δουλειά."
"D1D-4","No Sc, msc: SupernovaAlt, no sfx, Next: [CalderEnter]","I stare at my phone. I shouldn’t leave Cassie hanging…","Κοιτάω την οθόνη του κινητού μου. Καλύτερα να μην αφήσω την Κάσι στο ""διαβάστηκε""..."
"CalderEnter","No Sc, msc: SupernovaAlt, sfx: Door_Chime,Door_Open, Next: [D1D-5]","-door opens and chimes-","-η πόρτα ανοίγει και κουδουνίζει- "
"D1D-5","No Sc, msc: SupernovaAlt, no sfx, Next: [D1D-6]","Cassiopeia’s got to wait.","Η Κασσιόπη θα πρέπει να περιμένει."
"D1D-6","No Sc, msc: SupernovaAlt, no sfx, Next: [DD1-6]","The customer before me nods her head to the beat coming from her headphones. He sizes up the shelves. Almost looks like he has the intention of cleaning out our stock.","Η πελάτισσα μπροστά μου κουνά το κεφάλι της στον ρυθμό της μουσικής από τα ακουστικά της. Κοιτάει τα ράφια λες και σκοπεύει να τα αδειάσει όλα."
"DD1-6","Sc: Dmi, msc: SupernovaAlt, no sfx, Next: [CAD-1]","Uh, do you need anything?","Εμ, χρειάζεσαι βοήθεια;"
"CAD-1","Sc: Calder, msc: SupernovaAlt, sfx: Calder_Short, Next: [D1D-7]","What!?","Τι είπες;;"
"D1D-7","No Sc, msc: SupernovaAlt, no sfx, Next: [DD1-7]","What type of music is that? R&B? Retro R&B?","Τι μουσική είναι αυτή; R&B; Ρέτρο R&B;"
"DD1-7","Sc: Dmi, msc: SupernovaAlt, no sfx, Next: [CAD-2]","DO YOU NEED ANYTHING?","ΧΡΕΙΑΖΕΣΑΙ ΤΙΠΟΤΑ;"
"CAD-2","Sc: Calder, msc: SupernovaAlt, sfx: CALDER2, Next: [DD1-8]","DO I WHAT? I’M NOT GOOD AT READING LIPS!","ΤΙ ΠΡΑΓΜΑ; ΔΕΝ ΕΙΜΑΙ ΚΑΛΗ ΣΤΟ ΝΑ ΔΙΑΒΑΖΩ ΧΕΙΛΗ!"
"DD1-8","Sc: Dmi, msc: SupernovaAlt, no sfx, Next: [CAD-3]","TURN IT DOWN!","ΧΑΜΗΛΩΣΕ ΤΗ ΜΟΥΣΙΚΗ!"
"CAD-3","Sc: Calder, msc: SupernovaAlt, sfx: Calder_Short, Next: [D1D-8]","Oh!","Ω!"
"D1D-8","No Sc, msc: SupernovaAlt, no sfx, Next: [CAD-4]","She adjusts the volume of her headphones.","Χαμηλώνει την ένταση των ακουστικών της."
"CAD-4","Sc: Calder, msc: SupernovaAlt, sfx: CALDER1, Next: [CAD-5]","Sorry, I sometimes forget to just turn off the music.","Συγγνώμη, μερικές φορές ξεχνάω πως ακούω μουσική."
"CAD-5","Sc: Calder, msc: SupernovaAlt, sfx: CALDER3, Next: [DD1-9a,DD1-11a]","Do you have a Doomsday sale going on?","Έχετε τίποτα εκπτώσεις για το τέλος του κόσμου;"
"CAD-5-Option-1","Sc: Calder, msc: SupernovaAlt, sfx: CALDER3, Next: [DD1-9a,DD1-11a]","Doomsday Sale?","Τι εκπτώσεις;"
"CAD-5-Option-2","Sc: Calder, msc: SupernovaAlt, sfx: CALDER3, Next: [DD1-9a,DD1-11a]","Sure, if you just take it.","Φυσικά, αν απλώς τα πάρεις και φύγεις."
"DD1-9a","Sc: Dmi, msc: SupernovaAlt, no sfx, Next: [DD1-9b]","Doomsday Sale?","Τι εκπτώσεις;"
"DD1-9b","Sc: Dmi, msc: SupernovaAlt, no sfx, Next: [CAD-6]","We’re supposed to have one?","Θα 'πρεπε να έχουμε;"
"CAD-6","Sc: Calder, msc: SupernovaAlt, sfx: CALDER2, Next: [D1D-9]","Well, why not? I looked it up on Froogle.","Γιατί όχι; Το είδα στο Froogle."
"D1D-9","No Sc, msc: SupernovaAlt, no sfx, Next: [DD1-10]","I sigh. She’s one of those customers.","Αναστενάζω. Είναι από ''αυτές'' τις πελάτισσες."
"DD1-10","Sc: Dmi, msc: SupernovaAlt, no sfx, Next: [CAD-9]","Sorry, there are no Doomsday promotions going on. If you cash in with your Cosmic membership that’ll take a few luncos off.","Λυπάμαι, δεν έχουμε εκπτώσεις για το τέλος του κόσμου. Αν, όμως, εξαργυρώσεις τους πόντους της Cosmic συνδρομής σου, μπορεί να γλυτώσεις μερικά λούνκο."
"DD1-11a","Sc: Dmi, msc: SupernovaAlt, no sfx, Next: [DD1-11b]","Sure, if you just take it.","Φυσικά, αν απλώς τα πάρεις και φύγεις."
"DD1-11b","Sc: Dmi, msc: SupernovaAlt, no sfx, Next: [D1D-10]","It’ll be 100% off then.","Τότε θα έχεις έκπτωση 100%."
"D1D-10","No Sc, msc: SupernovaAlt, no sfx, Next: [CAD-7]","Calder’s eyes widen.","Τα μάτια της Κάλντερ γουρλώνουν."
"CAD-7","Sc: Calder, msc: SupernovaAlt, sfx: CALDER1, Next: [D1D-11]","Really? I can just take it?","Αλήθεια; Μπορώ απλώς να τα πάρω;"
"D1D-11","No Sc, msc: SupernovaAlt, no sfx, Next: [DD1-12]","Excitement spreads across his face.","Ενθουσιασμός απλώνεται στο πρόσωπό της."
"DD1-12","Sc: Dmi, msc: SupernovaAlt, no sfx, Next: [D1D-12]","No.","Όχι."
"D1D-12","No Sc, msc: SupernovaAlt, no sfx, Next: [CAD-8]","Her smile fades.","Το χαμόγελό της σβήνει."
"CAD-8","Sc: Calder, msc: SupernovaAlt, sfx: Calder_Short, Next: [D1D-13]","Aww man.","Πωωω, φίλε."
"D1D-13","No Sc, msc: SupernovaAlt, sfx: Calder_Grunt3, Next: [CAD-9]","He huffs.","Αναστενάζει εκνευρισμένα."
"CAD-9","Sc: Calder, msc: SupernovaAlt, sfx: CALDER1, Next: [DD1-13]","Alright then, can I put 400 Luncos on pump 2, and what type of fizzy drinks do you have? You’ve gotta have a 2-for-1 deal here.","Εντάξει λοιπόν, μπορείς να βάλεις 400 λούνκο στην αντλία 2; Και... τι αναψυκτικά έχετε; Σίγουρα θα έχετε κάποια προσφορά 2 στην τιμή που 1."
"DD1-13","Sc: Dmi, msc: SupernovaAlt, no sfx, Next: [CalderShopChoice]","Hold on, I think I have something in mind.","Μισό λεπτό, νομίζω πως έχω μία ιδέα."
"CalderShopChoice","No Sc, msc: SupernovaAlt, no sfx, Next: [TDP2-1,TDN2-1]","Select an item in the shop","Διάλεξε κάτι από το κατάστημα"
"CalderShopChoice-Option-1","No Sc, msc: SupernovaAlt, no sfx, Next: [TDP2-1,TDN2-1]","",""
"CalderShopChoice-Option-2","No Sc, msc: SupernovaAlt, no sfx, Next: [TDP2-1,TDN2-1]CalderShopChoice-Option-2","",""
"TDP2-1","No Sc, msc: SupernovaAlt, no sfx, Next: [TDP2-2]","Her eyes light up from the soda in my hand.","Της αρέσει το αναψυκτικό που κρατάω, τα μάτια της λάμπουν."
"TDP2-2","Sc: Calder, msc: SupernovaAlt, sfx: CALDER1, Next: [TDP2-3]","You guys carry Deia Deia Soda!? I have a coupon for those!","Έχετε αναψυκτικό Ντέια Ντέια;! Έχω ένα κουπόνι για το συγκεκριμένο!"
"TDP2-3","No Sc, msc: SupernovaAlt, no sfx, Next: [TDP2-4]","He pulls out a comically large coupon book and flips through the pages. She passes a coupon with a picture of Deia Deia Soda.","Βγάζει ένα γελοία τεράστιο βιβλίο με εκπτωτικά κουπόνια και αρχίζει να το ξεφυλλίζει. Μου δίνει ένα κουπόνι με τη φωτογραφία του αναψυκτικού Ντέια Ντέια."
"TDP2-4","Sc: Dmi, msc: SupernovaAlt, no sfx, Next: [TDP2-5a]","Huh. I guess you do. I’ll ring you up.","Α, όντως έχεις. Θα το περάσω στο ταμείο."
"TDP2-5a","No Sc, msc: SupernovaAlt, sfx: CashRegister, Next: [TDP2-5]","-register chimes-","-η ταμειακή κουδουνίζει-"
"TDP2-5","Sc: Calder, msc: SupernovaAlt, sfx: CALDER3, Next: [TDP2-6a]","Thanks!","Ευχαριστώ!"
"TDP2-6a","No Sc, msc: SupernovaAlt, sfx: Door_Chime,Door_Close, Next: [TDP2-6]","-door chimes and closes-","-η πόρτα κουδουνίζει και κλείνει-"
"TDP2-6","No Sc, msc: SupernovaAlt, no sfx, Next: [D1D-14a]","The candle-headed alien makes his way out of the gas station. I catch a glimpse of a snazzy-looking ship outside. She’s got good taste.","Ο εξωγήινος με το κεφάλι σαν κερί βγαίνει από το βενζινάδικο. Το μάτι μου πιάνει το στιλάτο σκάφος της απ' έξω. Έχει καλό γούστο."
"D1D-14a","No Sc, msc: SupernovaAlt, sfx: FLUBBER1, Next: [D1D-14]","Flubber meows","Η Φλάμπερ νιαουρίζει"
"TDN2-1","Sc: Calder, msc: SupernovaAlt, sfx: CALDER1, Next: [TDN2-2]","Uh, this isn’t what I was really looking for.","Ε, δεν είχα αυτό στο μυαλό μου."
"TDN2-2","Sc: Calder, msc: SupernovaAlt, sfx: CALDER3, Next: [TDN2-3]","I’ve gotta go! I almost forgot there is a sale on 5D glasses on Uranus!","Πρέπει να φύγω! Μόλις θυμήθηκα πως έχει προσφορά σε 5D γυαλιά στον Ουρανό!"
"TDN2-3","No Sc, msc: SupernovaAlt, sfx: Door_Chime,Door_Close, Next: [D1D-14]","He bolts out of the gas station.","Φεύγει τρέχοντας απ' το βενζινάδικο."
"D1D-14","No Sc, msc: SupernovaAlt, no sfx, Next: [D1D-15]","Flubber stares, unblinking.","Η Φλάμπερ κοιτάζει παγωμένη."
"D1D-15","No Sc, msc: SupernovaAlt, no sfx, Next: [ZD1a]","She usually does that when she’s happy!","Συνήθως το κάνει αυτό όταν είναι χαρούμενη!"
"ZD1a","No Sc, msc: SupernovaAlt, sfx: Door_Chime,Door_Open, Next: [D1D-16]","-door opens and chimes-","-η πόρτα ανοίγει και κουδουνίζει- "
"D1D-16","No Sc, msc: SupernovaAlt, no sfx, Next: [ZD1]","The cloudy person who enters the gas station yawns loudly. Her badge twinkles under the industrial lights.","Το συννεφάτο άτομο που μπαίνει στο βενζινάδικο χασμουριέται δυνατά. Το σήμα της λαμπυρίζει κάτω απ' τα ψυχρά φώτα."
"ZD1","Sc: Zerua, msc: SupernovaAlt, sfx: ZERUA_SLEEPY1, Next: [ZD1b]","I’m starting a new job outside of the solar system. Do you have Zolkan Coffee perchance?","Ξεκινάω μια καινούρια δουλειά έξω απ' το ηλιακό σύστημα. Μήπως έχετε καφέ Ζόλκαν;"
"ZD1b","No Sc, msc: SupernovaAlt, sfx: , Next: [TDP3-1,TDN3-1]","Select an item in the shop","Διάλεξε κάτι από το κατάστημα"
"ZD1b-Option-1","No Sc, msc: SupernovaAlt, sfx: , Next: [TDP3-1,TDN3-1]","",""
"ZD1b-Option-2","No Sc, msc: SupernovaAlt, sfx: , Next: [TDP3-1,TDN3-1]ZD1b-Option-2","",""
"TDP3-1","Sc: Zerua, msc: SupernovaAlt, sfx: ZERUA_SLEEPY2, Next: [TDP3-2]","Oh, my stars! Thank you!","Μα τ' αστέρια μου! Ευχαριστώ!"
"TDP3-2","No Sc, msc: SupernovaAlt, no sfx, Next: [TDP3-3]","Before the drink sits for more than a nanosecond, it takes a long sip. I don’t think I’ve ever seen anyone down hot coffee that fast before…","Αφήνω τον καφέ της και σε ένα νανοδευτερόλεπτο πίνει μια τεράστια γουλιά. Δεν νομίζω ότι έχω ξαναδεί να καταπίνουν ζεστό καφέ τόσο γρήγορα..."
"TDP3-3","Sc: Zerua, msc: SupernovaAlt, sfx: Zerua_Short, Next: [TDP3-4]","Ah, that's better.","Αχ, αυτό είναι καφές."
"TDP3-4","No Sc, msc: SupernovaAlt, no sfx, Next: [TDP3-5]","I eye their badge and rattle my brain for a topic of conversation.","Ρίχνω μια ματιά στο σήμα που φοράει και προσπαθώ να σκεφτώ τι να πω."
"TDP3-5","Sc: Dmi, msc: SupernovaAlt, no sfx, Next: [TDP3-6]","Are you a clouditech? I think I’ve seen a badge like that before.","Είσαι τεχνικός σύννεφων; Νομίζω πως έχω ξαναδεί αυτό το σήμα."
"TDP3-6","No Sc, msc: SupernovaAlt, no sfx, Next: [TDP3-7]","It lets out a big smile. It's as if they’ve been waiting for anyone to ask them all day.","Χαμογελάει πλατιά. Σαν να περίμενε όλη μέρα αυτήν την ερώτηση."
"TDP3-7","Sc: Zerua, msc: SupernovaAlt, sfx: ZERUA_AWAKE2, Next: [TDP3-8]","Yes! I’m starting a new job architecting artificial clouds! I’ve been looking for a job forever.","Ναι! Στη νέα μου δουλειά θα σχεδιάζω τεχνητά σύννεφα! Έψαχνα δουλειά πολύ καιρό τώρα."
"TDP3-8","No Sc, msc: SupernovaAlt, no sfx, Next: [TDP3-9]","She waves her finger above her to-go cup. A mini cloud forms above their cup. Bits of snow sprinkle down. She smiles proudly.","Κουνά το δάχτυλό της και ένα μικρό συννεφάκι αιωρείται πάνω απ'το ποτήρι της. Μερικές νιφάδες χιονιού αρχίζουν και πέφτουν απαλά. Χαμογελάει περήφανα."
"TDP3-9","No Sc, msc: SupernovaAlt, no sfx, Next: [TDP3-10]","I smile too.","Χαμογελάω κι εγώ."
"TDP3-10","Sc: Dmi, msc: SupernovaAlt, no sfx, Next: [TDP3-11]","I hope your first day is all you want it to be.","Ελπίζω η πρώτη σου μέρα να πάει όπως ακριβώς τη φαντάζεσαι."
"TDP3-11","Sc: Zerua, msc: SupernovaAlt, sfx: ZERUA_AWAKE1,CashRegister, Next: [TDP3-11b]"," Thank you! Please stay safe leaving the solar system soon! Tallyho!"," Σ' ευχαριστώ! Να προσέχεις όπως φεύγεις απ' το ηλιακό σύστημα! Χουχου!"
"TDP3-11b","No Sc, msc: SupernovaAlt, sfx: Door_Chime,Door_Close, Next: [D1D-17a]","-door chimes and closes-","-η πόρτα κουδουνίζει και κλείνει-"
"TDN3-1","Sc: Zerua, msc: SupernovaAlt, sfx: ZERUA_SLEEPY1, Next: [TDN3-2]","This isn’t quite what I’m looking for…","Κάτι άλλο είχα στο μυαλό μου..."
"TDN3-2","No Sc, msc: SupernovaAlt, no sfx, Next: [TDN3-3]","They pull out their phone and notice the time. It seems to wake her up a little, but not much.","Βγάζει το κινητό και κοιτάει την ώρα. Φαίνεται πως την ξύπνησε αυτό, αλλά όχι αρκετά."
"TDN3-3","Sc: Zerua, msc: SupernovaAlt, sfx: ZERUA_AWAKE3, Next: [TDN3-4]","Oh! Look at the time. I’ll just figure out a way to stay up when I get there! Tallyho, gas station employee!","Ωχ! Κοίτα την ώρα. Θα βρω έναν τρόπο να μείνω ξύπνια μόλις φτάσω εκεί! Χουχου, υπάλληλε του βενζινάδικου!"
"TDN3-4","Sc: Dmi, msc: SupernovaAlt, no sfx, Next: [TDN3-4b]"," I have a nametag--"," Φοράω ταμπελάκι με το όνομά μου..."
"TDN3-4b","No Sc, msc: SupernovaAlt, sfx: Door_Chime,Door_Close, Next: [D1D-17a]TDN3-4b","-door chimes and closes-","-η πόρτα κουδουνίζει και κλείνει-"
"D1D-17a","No Sc, msc: SupernovaAlt, sfx: FLUBBER2, Next: [D1D-17]","Flubber meows","Η Φλάμπερ νιαουρίζει"
"D1D-17","No Sc, msc: SupernovaAlt, sfx: Flubber_Burp, Next: [D1D-18]","Flubber floats and burps. I smile and give her a pat on the head.","Η Φλάμπερ αιωρείται και ρεύεται. Χαμογελάω και της χαϊδεύω το κεφάλι."
"D1D-18","No Sc, msc: SupernovaAlt, no sfx, Next: [D1D-19]","She looks proud of herself.","Δείχνει περήφανη."
"D1D-19","No Sc, msc: SupernovaAlt, sfx: Boom_2, Next: [DD1-14]","I jump up from my seat as I hear a boom come from outside.","Ένας δυνατός κρότος με κάνει να πεταχτώ απότομα απ' τη θέση μου."
"DD1-14","Sc: Dmi, msc: SupernovaAlt, no sfx, Next: [8D-1a]"," What the hell--!?"," Τι στον διά...!;"
"8D-1a","No Sc, msc: SupernovaAlt, sfx: Door_Chime,Door_Open, Next: [8D-1]","-door opens and chimes-","-η πόρτα ανοίγει και κουδουνίζει- "
"8D-1","Sc: 8008, msc: SupernovaAlt, sfx: 80008_Short, Next: [DD1-15]","Sup.","Γεια."
"DD1-15","Sc: Dmi, msc: SupernovaAlt, no sfx, Next: [D1D-20]","Uh, sup? What was that?","Ε, γεια; Τι ήταν αυτός ο θόρυβος;"
"D1D-20","No Sc, msc: SupernovaAlt, no sfx, Next: [8D-2]","He ignores me and his eyes- er...screen look up.","Με αγνοεί και τα μάτια... ε... η οθόνη του κοιτά πάνω."
"8D-2","Sc: 8008, msc: SupernovaAlt, sfx: 80008_2, Next: [DD1-16]","What was what?","Τι θόρυβος;"
"DD1-16","Sc: Dmi, msc: SupernovaAlt, no sfx, Next: [8D-3]","The boom?","Η έκρηξη έξω;"
"8D-3","Sc: 8008, msc: SupernovaAlt, sfx: 80008_Short, Next: [DD1-17]","What boom?","Ποια έκρηξη;"
"DD1-17","Sc: Dmi, msc: SupernovaAlt, no sfx, Next: [DD1-18]","The-- okay.","Η... Καλά."
"DD1-18","Sc: Dmi, msc: SupernovaAlt, no sfx, Next: [D1D-21]","Do you need something?","Χρειάζεσαι τίποτα;"
"D1D-21","No Sc, msc: SupernovaAlt, sfx: 80008_hum2, Next: [8D-4]","A low hum comes from his circuits. He’s thinking.","Το ηλεκτρικό του κύκλωμα παράγει ένα σιγανό βουητό. Αρχίζει και σκέφτεται."
"8D-4","Sc: 8008, msc: SupernovaAlt, sfx: 80008_1, Next: [D1D-22]","You sell any Arinator brand stuff here? That one made by that smoking cyborg from outta the solar system?","Έχετε τίποτα από τη μάρκα Arinator εδώ; Αυτή που έφτιαξε εκέινο το καυτό cyborg έξω απ' το ηλιακό σύστημα;"
"D1D-22","No Sc, msc: SupernovaAlt, no sfx, Next: [DD1-19]","I’ve heard of Arinator probably. Cassiopeia’s a big fan of singers. Though something was kind of funny about this guy’s desperation. ","Κάπόυ έχω ξανακούσει αυτήν τη μάρκα. Η Κασσιόπη είναι μεγάλη θαυμάστρια διάφορων τραγουδιστών. Αν και ήταν κάπως αστεία η απελπισία αυτού του τυπά. "
"DD1-19","Sc: Dmi, msc: SupernovaAlt, no sfx, Next: [8D-5]","I mean, I can check to see what we got.","Μπορώ να τσεκάρω τι έχουμε."
"8D-5","Sc: 8008, msc: SupernovaAlt, sfx: 80008_3, Next: [8D-5b]","Sweet! I’ll also be putting 700 luncos on pump 2.","Τέλεια! Θα βάλω, επίσης, 700 λούνκο στην αντλία 2."
"8D-5b","No Sc, msc: SupernovaAlt, sfx: , Next: [TDP4-1,TDN4-1]","Select an item in the shop","Διάλεξε κάτι από το κατάστημα"
"8D-5b-Option-1","No Sc, msc: SupernovaAlt, sfx: , Next: [TDP4-1,TDN4-1]","",""
"8D-5b-Option-2","No Sc, msc: SupernovaAlt, sfx: , Next: [TDP4-1,TDN4-1]8D-5b-Option-2","",""
"TDP4-1","Sc: 8008, msc: SupernovaAlt, sfx: 80008_1, Next: [TDP4-5]","Yes! Arinator’s limited edition Mint choco paste? I thought this was sold out everywhere!","Ναι! Η συλλεκτική οδοντόκρεμα της Arinator με μέντα-σοκολάτα! Νόμιζα πως είχε εξαντληθεί παντού."
"TDP4-5","Sc: Dmi, msc: SupernovaAlt, no sfx, Next: [TDP4-6]","I mean, it's mint chocolate toothpaste isn’t it?","Είναι οδοντόκρεμα με γεύση σοκολάτας και μέντας, σωστά;"
"TDP4-6","Sc: Dmi, msc: SupernovaAlt, no sfx, Next: [TDP4-7]","I don’t think anyone is in a rush to buy that.","Αμφιβάλλω ότι ο κόσμος κάνει ουρά να την αγοράσει."
"TDP4-7","Sc: 8008, msc: SupernovaAlt, sfx: 80008_2,CashRegister, Next: [TDP4-7b]","You just don’t understand the intricacies of something like this! Anything she endorses is a godsend!","Απλώς δεν καταλαβαίνεις τη μαγεία πίσω από κάτι τέτοιο! Οτιδήποτε εγκρίνει αυτή, είναι θείο δώρο!"
"TDP4-7b","No Sc, msc: SupernovaAlt, sfx: Door_Close,Door_Chime, Next: [TDP4-8]","-door chimes and closes-","-η πόρτα κουδουνίζει και κλείνει-"
"TDP4-8","No Sc, msc: SupernovaAlt, no sfx, Next: [TDP4-9]","He wipes his face (screen?). Then blasts off with his bang of Arinator branded toothpaste in hand.","Σκουπίζει το πρόσωπο (την οθόνη;) του και ορμάει έξω κρατώντας σφιχτά τη σακούλα με την οδοντόκρεμα Arinator."
"TDP4-9","No Sc, msc: SupernovaAlt, no sfx, Next: [D1D-24a]","Glad he found what he wanted.","Χαίρομαι που βρήκε αυτό που ήθελε."
"TDN4-1","Sc: 8008, msc: SupernovaAlt, sfx: 80008_Short, Next: [TDN4-2]","Bro.","Αδερφέ."
"TDN4-2","Sc: 8008, msc: SupernovaAlt, sfx: 80008_3, Next: [TDN4-3]"," This is NOT Arinator. She only has her face on the cover of all her products dude."," Ρε, αυτό δεν είναι της Arinator. Όλα της τα προϊόντα έχουν μόνο το πρόσωπό της πάνω."
"TDN4-3","No Sc, msc: SupernovaAlt, no sfx, Next: [TDN4-4]","His facial screen switches to a video of a cyborg woman performing a song on stage. Her fans are screaming their lungs out.","Στην οθόνη-πρόσωπό του εμφανίζεται ένα βίντεο μιας γυναίκας cyborg που τραγουδάει πάνω στη σκηνή. Οι φαν της ουρλιάζουν από ενθουσιασμό."
"TDN4-4","Sc: 8008, msc: SupernovaAlt, sfx: 80008_1, Next: [TDN4-5]","See? You don’t recognize her?","Βλέπεις; Δεν την αναγνωρίζεις;"
"TDN4-5","Sc: Dmi, msc: SupernovaAlt, no sfx, Next: [TDN4-6]","Oh, well...I don’t think I really know her stuff.","Α, βασικά...Δεν νομίζω να έχω ακούσει τη μουσική της."
"TDN4-6","Sc: 8008, msc: SupernovaAlt, sfx: 80008_2, Next: [TDN4-6b]","Fine...I’ll just get gas.","Καλά... Βάλε μόνο βενζίνη, τότε."
"TDN4-6b","No Sc, msc: SupernovaAlt, sfx: Door_Chime,Door_Close, Next: [TDN4-7]","-door chimes and closes-","-η πόρτα κουδουνίζει και κλείνει-"
"TDN4-7","No Sc, msc: SupernovaAlt, no sfx, Next: [TDN4-8]","I stare out the window and watch as 8008 picks up a gas pump and guzzles it straight from the nozzle. His screen shows a sad face with a tear. He then blasts off into space.","Κοιτάζω έξω απ' το παράθυρο και βλέπω τον 8008 να σηκώνει την αντλία και να ρουφάει όλη τη βενζίνη  κατευθείαν απ' το στόμιο. Στην οθόνη του εμφανίζεται ένα θλημμένο πρόσωπο με ένα δάκρυ. Απογειώνεται και χάνεται στο διάστημα."
"TDN4-8","No Sc, msc: SupernovaAlt, no sfx, Next: [D1D-24a]","Poor guy.","Το καημένο."
"D1D-24a","No Sc, msc: SupernovaAlt, sfx: Door_Chime,Door_Open, Next: [D1D-24]","-door opens and chimes-","-η πόρτα ανοίγει και κουδουνίζει- "
"D1D-24","No Sc, msc: SupernovaAlt, no sfx, Next: [CRD1]","An old man enters the gas station. He seems to have some kind of air of caution around him. The way he whips his head around makes him look like he is expecting an attack at any moment.","Ένας ηλικιωμένος άντρας μπαίνει στο βενζινάδικο. Κινείται προσεκτικά, σαν να φοβάται πως κάτι θα του επιτεθεί από στιγμή σε στιγμή. Ο τρόπος που στρέφει το κεφάλι του δεξιά-αριστερά φανερώνει την ανησυχία του."
"CRD1","Sc: Crust, msc: SupernovaAlt, sfx: Crust_Short, Next: [DD1-20]","Salutations, Martian.","Χαίρε, Αρειανέ."
"DD1-20","Sc: Dmi, msc: SupernovaAlt, no sfx, Next: [CRD2]","Uh, hello? Do you need something, sir?","Εμ, γεια σας; Χρειάζεστε τίποτα, κύριε;"
"CRD2","Sc: Crust, msc: SupernovaAlt, sfx: CRUST2, Next: [D1D-25]","Yes, I actually have a list here…","Ναι, βασικά έχω ετοιμάσει μια λίστα εδώ..."
"D1D-25","No Sc, msc: SupernovaAlt, no sfx, Next: [CRD3]","He pulls out a tiny holosheet and starts to read off of it.","Βγάζει ένα μικροσκοπικό χαρτί και αρχίζει να διαβάζει."
"CRD3","Sc: Crust, msc: SupernovaAlt, sfx: CRUST3, Next: [DD1-21]","I’m looking for duct tape, five laser blasters, a medkit, a flaming katana--","Ψάχνω μονωτική ταινία, πέντε τουφέκια-λέιζερ, ένα κιτ πρώτων βοηθειών, ένα φλεγόμενο σπαθί κατάνα..."
"DD1-21","Sc: Dmi, msc: SupernovaAlt, no sfx, Next: [D1D-26]","Sir, this is a gas station.","Κύριε... βενζινάδικο είμαστε."
"D1D-26","No Sc, msc: SupernovaAlt, no sfx, Next: [CRD4]","He stares blankly at me.","Με κοιτάζει με ένα κενό βλέμμα."
"CRD4","Sc: Crust, msc: SupernovaAlt, sfx: CRUST1, Next: [DD1-22]","...Can I at least get the katana?","...Μπορώ να έχω έστω ένα κατάνα;"
"DD1-22","Sc: Dmi, msc: SupernovaAlt, no sfx, Next: [D1D-27]"," What do you even need a Katana for?!"," Γιατί, τι το χρειάζεστε το κατάνα;!"
"D1D-27","No Sc, msc: SupernovaAlt, sfx: Crust_Laugh, Next: [CRD5]","The man lets out a hearty laugh. He slaps his rocky chest. Pebbles fall off him.","Ο άντρας αρχίζει και γελάει δυνατά. Χτυπά το πετρώδες στέρνο του κι αρχίζουν να πέφτουν από πάνω του χαλίκια."
"CRD5","Sc: Crust, msc: SupernovaAlt, sfx: CRUST2, Next: [CRD6]","Doomsday is in just three days! While you’re in here wasting away working MINIMUM wage!","Το τέλος του κόσμου είναι σε τρεις μέρες! Κι εσύ κάθεσαι και δουλεύεις εδώ για ΨΙΧΟΥΛΑ!"
"CRD6","Sc: Crust, msc: SupernovaAlt, sfx: CRUST1, Next: [DD1-23]","I, Crust, from Mercury, will look at this burning ball of hell gas, and say…","Εγώ, ο Κραστ απ' τον Ερμή, θα κοιτάζω εκείνη την πύρηνη σφαίρα αερίου και θα πω..."
"DD1-23","Sc: Dmi, msc: SupernovaAlt, no sfx, Next: [CRD7]","…","…"
"CRD7","Sc: Crust, msc: SupernovaAlt, sfx: Crust_Short, Next: [D1D-28]","No.","Όχι."
"D1D-28","No Sc, msc: SupernovaAlt, no sfx, Next: [DD1-24]","He smiles widely.","Χαμογελάει πλατιά."
"DD1-24","Sc: Dmi, msc: SupernovaAlt, no sfx, Next: [CRD8]","Sir, I don’t think you will survive a supernova.","Κύριε, δεν νομίζω πως μπορείτε να επιβιώσετε από έναν σουπερνόβα."
"CRD8","Sc: Crust, msc: SupernovaAlt, sfx: CRUST2, Next: [CRD9]","I will. Born from the crust of Mercury, I can survive anything.","Κι όμως, θα μπορέσω. Γεννήθηκα από τον φλοιό του Ερμή, μπορώ να αντέξω τα πάντα."
"CRD9","Sc: Crust, msc: SupernovaAlt, sfx: CRUST1, Next: [D1D-29]","Besides didn’t you hear? The supernova is a cover-up by the intergalactic association--","Εξάλλου, δεν το άκουσες; Ο σουπερνόβα είναι μια απάτη από την Διαγαλαξιακή Ομοσπονδία..."
"D1D-29","No Sc, msc: SupernovaAlt, no sfx, Next: [DD1-25]","Oh, brother. ","Πω, φίλε. "
"DD1-25","Sc: Dmi, msc: SupernovaAlt, no sfx, Next: [CRD10]","How about this Crust? I can help you get something that can help you out in your…","Άκου να δεις, Κραστ. Μπορώ να σε βοηθήσω να βρεις κάτι που θα σου είναι χρήσιμο για το..."
"CRD10","Sc: Crust, msc: SupernovaAlt, sfx: CRUST2, Next: [DD1-26]","My supernova bunker.","Για το ιδιωτικό μου καταφύγιο σουπερνόβα."
"DD1-26","Sc: Dmi, msc: SupernovaAlt, no sfx, Next: [DD1-27]","Your supernova bunker.","Ναι, ακριβώς."
"DD1-27","Sc: Dmi, msc: SupernovaAlt, no sfx, Next: [DD1-27b]"," Alright... a nonperishable snack will be good."," Ωραία... Ένα μη αλλοιώσιμο σνακ είναι ό,τι πρέπει."
"DD1-27b","No Sc, msc: SupernovaAlt, no sfx, Next: [TDP5-1,TDN5-1]","Select an item in the shop","Διάλεξε κάτι από το κατάστημα"
"DD1-27b-Option-1","No Sc, msc: SupernovaAlt, no sfx, Next: [TDP5-1,TDN5-1]","",""
"DD1-27b-Option-2","No Sc, msc: SupernovaAlt, no sfx, Next: [TDP5-1,TDN5-1]DD1-27b-Option-2","",""
"TDP5-1","Sc: Crust, msc: SupernovaAlt, sfx: CRUST3, Next: [TDP5-2]","Jerky! You’re thinking like a true survivor kid! This is great!","Αποξηραμένο κρέας! Σκέφτεσαι σαν αληθινός επιζών, μικρό! Αυτό είναι τέλειο!"
"TDP5-2","Sc: Dmi, msc: SupernovaAlt, no sfx, Next: [TDP5-3]","Heh, thanks. I just remembered it from a TV show called Survivorz.","Χεχ, ευχαριστώ. Το θυμήθηκα από μια παλιά τηλεοπτική σειρά που λεγόταν Survivorz."
"TDP5-3","No Sc, msc: SupernovaAlt, no sfx, Next: [TDP5-4]","Before you could even ring it up the man opens the bag and starts eating the jerky.","Πριν καν προλάβεις να το χτυπήσεις στο ταμείο, ο άντρας ανοίγει το σακουλάκι και ξεκινάει να τρώει το κρέας."
"TDP5-4","Sc: Crust, msc: SupernovaAlt, sfx: CRUST1, Next: [TDP5-5]","Hm, you got somewhere to go kid? I can formally invite you to my bunker if ya want.","Χμ, έχεις πού να πας, μικρό; Μπορώ να σε καλέσω στο καταφύγιό μου, αν θες."
"TDP5-5","Sc: Dmi, msc: SupernovaAlt, no sfx, Next: [TDP5-6]","Oh, nah. I’ll be here.","Όχι, ένταξει. Θα μείνω εδώ."
"TDP5-6","No Sc, msc: SupernovaAlt, no sfx, Next: [TDP5-7]","Crust chokes on a piece of jerky and coughs. He bumps his chest a few times.","Ο Κραστ πνίγεται από ένα κομματάκι κρέας και βήχει δυνατά. Χτυπά το στέρνο του δυο-τρεις φορές."
"TDP5-7","Sc: Crust, msc: SupernovaAlt, sfx: CRUST2, Next: [TDP5-8]","Why? Don’t you got someone special to go home to?","Γιατί; Δεν έχεις κανέναν να σε περιμένει σπίτι;"
"TDP5-8","Sc: Crust, msc: SupernovaAlt, sfx: CRUST1, Next: [TDP5-9]","I’d expect you young’uns to hightail it outta here.","Περίμενα πως εσείς οι νέοι θα την είχατε κοπανήσει μέχρι τώρα."
"TDP5-9","No Sc, msc: SupernovaAlt, no sfx, Next: [TDP5-10]","A familiar face flashes in my mind. My normal bored expression cracks.","Ένα γνώριμο πρόσωπο περνά απ' το μυαλό μου. Η αδιάφορη έκφρασή μου φεύγει απ' το πρόσωπό μου."
"TDP5-10","Sc: Dmi, msc: SupernovaAlt, no sfx, Next: [TDP5-11]","She’ll be fine without me. Besides, I like to be kept busy.","Θα' ναι καλά χωρίς εμένα. Εξάλλου, μου αρέσει να δουλεύω."
"TDP5-11","No Sc, msc: SupernovaAlt, no sfx, Next: [TDP5-11b]","Crust doesn’t speak. I listen to his chewing. He rummages in his pocket to give me his luncos.","Ο Κραστ δεν λέει τίποτα άλλο. Ακούω το μασούλημά του. Ψαχουλεύει την τσέπη του και μου δίνει τα λούνκο του."
"TDP5-11b","No Sc, msc: SupernovaAlt, sfx: CashRegister, Next: [TDP5-12]","-cash register chime-","-η ταμειακή κουδουνίζει-"
"TDP5-12","Sc: Crust, msc: SupernovaAlt, sfx: CRUST1, Next: [TDP5-13]","Don’t be too sure about that kid. Don’t choose for others how important you are to them.","Δεν θα ήμουν τόσο σίγουρος στη θέση σου. Δεν επιλέγεις εσύ πόσο σημαντικό άτομο είσαι στην ζωή των άλλων."
"TDP5-13","Sc: Crust, msc: SupernovaAlt, sfx: CRUST2, Next: [TDP5-14]","I’m gonna be fine when things go down, but you won’t. Talk to who you’re thinking bout.","Εγώ θα τη βγάλω καθαρή όταν έρθει η ώρα. Εσύ, όμως, όχι. Για αυτό μίλα στο άτομο που σκέφτηκες."
"TDP5-14","No Sc, msc: SupernovaAlt, no sfx, Next: [TDP5-15]","I don’t answer. It's a bit surprising I feel I am getting life advice from this apocalyptic junkie of some sort.","Δεν απαντάω. Είναι κάπως περίεργο το ότι δέχομαι συμβουλές ζωής από έναν άντρα που θυμίζει μεταποκαλυπτικό πρεζάκι."
"TDP5-15","No Sc, msc: SupernovaAlt, no sfx, Next: [TDP5-16]","He smiles and waves at me before leaving. I watch the small bits of rock fall to the ground.","Χαμογελάει και με χαιρετάει πριν φύγει. Παρακολουθώ τα χαλίκια του να πέφτουν στο πάτωμα."
"TDP5-16","No Sc, msc: SupernovaAlt, no sfx, Next: [D1D-30a]","I’ll be cleaning that up.","Πρέπει να τα καθαρίσω αυτά."
"TDN5-1","Sc: Crust, msc: SupernovaAlt, sfx: CRUST2, Next: [TDN5-2]","Sorry kid, but I don’t really think something like this is going to be much use in my bunker.","Συγγνώμη μικρέ, αλλά δεν νομίζω ότι θα το χρειαστώ αυτό καταφύγιό μου."
"TDN5-2","Sc: Crust, msc: SupernovaAlt, sfx: CRUST1, Next: [TDN5-3]","You sure you don’t have blasters in the back?","Σίγουρα δεν έχετε λέιζερ στην αποθήκη;"
"TDN5-3","Sc: Dmi, msc: SupernovaAlt, no sfx, Next: [TDN5-4]","We’re still just a gas station, sir.","Θα το ξαναπώ, είμαστε βενζινάδικο, κύριε."
"TDN5-4","Sc: Crust, msc: SupernovaAlt, sfx: Crust_Short, Next: [TDN5-5]"," Alright."," Καλώς."
"TDN5-5","Sc: Crust, msc: SupernovaAlt, sfx: CRUST2, Next: [D1D-30a]","Stay safe, kid. I gotta go prep my bunker some more.","Να προσέχεις, μικράκι. Πάω να ετοιμάσω μερικά πράγματα ακόμα στο καταφύγιό μου."
"D1D-30a","No Sc, msc: SupernovaAlt, sfx: Door_Chime,Door_Close, Next: [D1D-30]","-door chimes and closes-","-η πόρτα κουδουνίζει και κλείνει-"
"D1D-30","No Sc, msc: SupernovaAlt, no sfx, Next: [D1D-31]","It's almost closing time…","Σε λίγο κλείνουμε..."
"D1D-31","No Sc, msc: SupernovaAlt, no sfx, Next: [D1D-31b]","Flubber lounges in her usual spot. I smile and scratch under her chin.","Η Φλάμπερ χαλαρώνει στη γνωστή της γωνιά. Χαμογελάω και της ξύνω χαϊδευτικά το πιγούνι."
"D1D-31b","No Sc, msc: SupernovaAlt, sfx: FLUBBER2, Next: [DD1-28]","Flubber Meows","Η Φλάμπερ νιαουρίζει"
"DD1-28","Sc: Dmi, msc: SupernovaAlt, no sfx, Next: [DD1-28b]","We had a good day didn’t we?","Ήταν ωραία μέρα σήμερα, δε συμφωνείς;"
"DD1-28b","No Sc, msc: SupernovaAlt, sfx: Text_1, Next: [D1D-32]","-phone chimes-","-κουδουνίζει το τηλέφωνο-"
"D1D-32","No Sc, msc: SupernovaAlt, no sfx, Next: [T2]","I facepalm as I remember I never messaged Cassiopeia back.","Αυτομουτζώνομαι. Θυμάμαι πως δεν απάντησα ποτέ στο μήνυμα της Κασσιόπης."
"T2","Sc: Cassiopeia, on phone, msc: SupernovaAlt, sfx: Pocket_Swoosh_1, Next: [T3]","Dmi? Are u ghosting me?","Ντμι; Με αγνοείς;"
"T3","Sc: Cassiopeia, on phone, msc: SupernovaAlt, sfx: Text_4_vibrate, Next: [TDP6-1,TDN6-1]","Not cool! im worried about u!","Δεν είναι ωραίο αυτό! Ανησυχώ για εσένα!"
"T3-Option-1","Sc: Cassiopeia, on phone, msc: SupernovaAlt, sfx: Text_4_vibrate, Next: [TDP6-1,TDN6-1]","Sorry, got caught up.","Σόρι, είχα πολλή δουλειά."
"T3-Option-2","Sc: Cassiopeia, on phone, msc: SupernovaAlt, sfx: Text_4_vibrate, Next: [TDP6-1,TDN6-1]","You don’t need to keep messaging.","Δεν χρειάζεται να μου στέλνεις συνέχεια."
"TDP6-1","Sc: Dmi, on phone, msc: SupernovaAlt, no sfx, Next: [TDP6-2]","Lot more customers on this route than i thought we would ","Δεν περίμενα να έχει τόσους πελάτες εδώ πέρα. "
"TDP6-2","Sc: Cassiopeia, on phone, msc: SupernovaAlt, sfx: Text_4_vibrate, Next: [TDP6-3]","its a good time to roadtrip when the solar system is getting wiped ya know??","Είναι η ιδανική περίοδος για εκδρομές τώρα που καταστρέφεται το ηλιακό σύστημα, ξέρεις."
"TDP6-3","Sc: Dmi, on phone, msc: SupernovaAlt, no sfx, Next: [TDP6-4]","More like I met a rock dude named Crust who wanted to buy a katana to defend himself from the imminent supernova. ","Εγώ γνώρισα έναν πέτρινο τύπο με το όνομα Κράστ, που ήθελε να αγοράσει ένα κατάνα για να υπερασπιστεί τον εαυτό του από τον επικείμενο σουπερνόβα. "
"TDP6-4","Sc: Cassiopeia, on phone, msc: SupernovaAlt, sfx: Text_4_vibrate, Next: [TDP6-5]","What? Stop lying to me. xD Ur job isn’t that interesting","Τι πράγμα; Κόψε τα ψέματα. xD Η δουλειά σου δεν είναι τόσο ενδιαφέρουσα"
"TDP6-5","Sc: Dmi, on phone, msc: SupernovaAlt, no sfx, Next: [TDP6-6]","U know how Mars is, we’re weirdo central.","Ξέρεις πως είναι ο Άρης, όλα τα περίεργα εδώ μαζεύονται"
"TDP6-6","Sc: Cassiopeia, on phone, msc: SupernovaAlt, sfx: Text_4_vibrate, Next: [D1D-33]","thats true. U live there","όντως. Όπως εσύ, πχ"
"D1D-33","No Sc, msc: SupernovaAlt, no sfx, Next: [D1D-34]","I chuckle. That was a good one actually.","Γελάω. Ήταν αρκετά αστείο αυτό."
"D1D-34","No Sc, msc: SupernovaAlt, no sfx, Next: [T4]","We chat with each other and for a second it feels like the world isn’t coming to an end soon.","Συνεχίζουμε να μιλάμε και για μια στιγμή ξεχνάω τα πάντα για τη συντέλεια του κόσμου."
"TDN6-1","Sc: Dmi, on phone, msc: SupernovaAlt, no sfx, Next: [TDN6-2]","I’ll just get back to u when i get back to u.","Θα σου ξαναστείλω όταν μπορέσω."
"TDN6-2","Sc: Cassiopeia, on phone, msc: SupernovaAlt, sfx: Text_4_vibrate, Next: [TDN6-3]","Ouch, remind me to never be worried about u again :/","Αυτό πόνεσε. Θύμισέ μου να μην ξανανησυχήσω για σένα :/"
"TDN6-3","Sc: Dmi, on phone, msc: SupernovaAlt, no sfx, Next: [TDN6-4]","Nah, I didn’t mean it like that. I’m just busy.","Έλα, δεν το εννοούσα έτσι. Απλώς έχω πολλή δουλειά."
"TDN6-4","Sc: Cassiopeia, on phone, msc: SupernovaAlt, sfx: Text_4_vibrate, Next: [D1D-35]","Yeah, yeah I get it.","Ναι, ναι, καταλαβαίνω."
"D1D-35","No Sc, msc: SupernovaAlt, no sfx, Next: [T4]","I could’ve handled that a bit better.","Θα μπορούσα να είχα εκφραστεί καλύτερα."
"T4","Sc: Cassiopeia, on phone, msc: SupernovaAlt, sfx: Text_4_vibrate, Next: [T5]","Are u sure ur not calling off tomorrow? I know the money isn’t good enough at Cosmic Fuel where u need to work a day before Doomsday. :/","Σίγουρα δεν θα πάρεις ρεπό αύριο; Σίγουρα το Cosmic Fuel δεν πληρώνει αρκετά για να δουλεύεις μια μέρα πριν το τέλος του κόσμου. :/"
"T5","Sc: Dmi, on phone, msc: SupernovaAlt, sfx: Text_4_vibrate, Next: [T6]","Maybe I LIKE working for a megacorp.","Μάλλον ΛΑΤΡΕΥΩ να δουλεύω σε μια διαστημική πολυεθνική."
"T6","Sc: Cassiopeia, on phone, msc: SupernovaAlt, sfx: Text_4_vibrate, Next: [T7]","shut up","σκάσε"
"T7","Sc: Dmi, on phone, msc: SupernovaAlt, no sfx, Next: [D1D-36]","ok ","οκ "
"D1D-36","No Sc, msc: SupernovaAlt, no sfx, Next: [D1D-37]","I should clock out for the day","Τέλος για σήμερα."
"D1D-37","No Sc, msc: SupernovaAlt, no sfx, Next: [D1D-38]","I say goodbye to Flubber. She for some reason is a lot better at closing than I am. I never know what she does when we leave her alone.","Αποχαιρετώ τη Φλάμπερ. Σε αντίθεση με μένα, το κλείσιμο του μαγαζιού δεν την επηρεάζει τόσο. Δεν έχω ιδέα τι κάνει όταν την αφήνουμε μόνη της."
"D1D-38","No Sc, msc: SupernovaAlt, no sfx, Next: [D1D-39]","I don’t really know why I’m coming back in tomorrow. I should be packing with Cassie. We may not be able to do anything fancy like a space jump but…","Δεν ξέρω καν γιατί να 'ρθω αύριο. Θα έπρεπε να ετοιμάζω τα πράγματά μου με την Κάσι. Δεν μπορούμε να κανονίσουμε και τίποτα το εντυπωσιακό, όπως ένα διαστημικό άλμα αλλά..."
"D1D-39","No Sc, msc: SupernovaAlt, no sfx, Next: [D1D-40]","…","…"
"D1D-40","No Sc, msc: SupernovaAlt, no sfx, Next: [D1D-40b]","I need some sleep for tomorrow.","Πρέπει να κοιμηθώ."
"D1D-40b","No Sc, msc: SupernovaAlt, sfx: Door_Open,Door_Chime,Door_Close, Next: [Day2Transition]","-door opens and closes with a chime-","-η πόρτα ανοιγει και κλείνει κουδουνίζοντας-"
"Day2Transition","No Sc, msc: SupernovaAlt, no sfx, Next: [D2D-1]","DAY 2","ΗΜΕΡΑ 2η"
"D2D-1","No Sc, msc: Supernova, no sfx, Next: [ROD2-1]","I jab my fingers against the screen of my phone the little avatar hops up and down in an effort to dodge the man-eating kale.","Χτυπάω νευρικά την οθόνη του κινητού μου. Το μικροσκοπικό άβαταρ της συσκευής χοροπηδά προσπαθώντας να γλιτώσει απ' το ανθρωποφάγο λάχανο."
"ROD2-1","Sc: Rob, msc: Supernova, sfx: Rob_Short, Next: [D2D-2]","Dmi!","Ντμι!"
"D2D-2","No Sc, msc: Supernova, no sfx, Next: [DD2-1]","I yelp and nearly drop my phone. I catch it just before it slips out of my fingers and glare at the slime man in front of me.","Ουρλιάζω ξαφνιασμένο και παραλίγο να μου πέσειι το κινητό. Το προλαβαίνω τελευταία στιγμή και κοιτάζω τον γλοιώδη άντρα μπροστά μου."
"DD2-1","Sc: Dmi, msc: Supernova, no sfx, Next: [D2D-3]","You’ve seriously got to stop doing that!","Σοβαρά, πρέπει να το κόψεις αυτό!"
"D2D-3","No Sc, msc: Supernova, sfx: Rob_Laugh, Next: [ROD2-2]","Rob bursts into laughter.","Ο Ρομπ ξεσπά σε γέλια."
"ROD2-2","Sc: Rob, msc: Supernova, sfx: ROB3, Next: [DD2-2]","It’s just too funny. Look you got goosebumps on your goosebumps! ","Είναι απλώς πολύ αστείο. Κοίτα, σου σηκώθηκε η τρίχα! "
"DD2-2","Sc: Dmi, msc: Supernova, no sfx, Next: [ROD2-3]","whatever how’s packing? ","Τέλος πάντων, πώς πάει το πακετάρισμα; "
"ROD2-3","Sc: Rob, msc: Supernova, sfx: ROB2, Next: [D2D-4]","We’ll be done by tonight. Then we leave tomorrow morning in time for our space jump outta here.","Μέχρι το βράδυ θα έχουμε τελειώσει. Αύριο το πρωί θα φύγουμε, πάνω στην ώρα για το διαστημικό άλμα."
"D2D-4","No Sc, msc: Supernova, no sfx, Next: [D2D-5]","Ah a space jump. That's everyone’s ticket outta the solar system to go wherever they’re going next. ","Α, διαστημικό άλμα. Το εισιτήριο όλων για να εγκαταλείψουν το ηλιακό σύστημα και να πάνε όπου θέλουν. "
"D2D-5","No Sc, msc: Supernova, no sfx, Next: [D2D-6]","They are ways outta here without one but the trip is pretty grueling.","Υπάρχουν κι άλλοι τρόποι να φύγουμε από εδώ, αλλά το ταξίδι είναι εξαντλητικό."
"D2D-6","No Sc, msc: Supernova, no sfx, Next: [ROD2-4]","Not to mention the luncos to afford a space jump is insane.","Επίσης ένα διαστημικό άλμα κοστίζει πολλά λεφτά."
"ROD2-4","Sc: Rob, msc: Supernova, sfx: ROB1, Next: [ROD2-5]","I’ll come pick up Flubber at the end of the day.","Θα έρθω να πάρω τη Φλάμπερ στο τέλος της ημέρας."
"ROD2-5","Sc: Rob, msc: Supernova, sfx: ROB3, Next: [D2D-7]","Also smile a little today! Use that slogan of ours to brighten their days. ","Α, και χαμογέλα λίγο σήμερα! Χρησιμοποίησε και το σλόγκαν μας για να φτιάξεις τη διάθεση των πελατών. "
"D2D-7","No Sc, msc: Supernova, no sfx, Next: [DD2-3]","Ugh.","Πω."
"DD2-3","Sc: Dmi, msc: Supernova, no sfx, Next: [ROD2-6]","I’ll try.","Θα προσπαθήσω."
"ROD2-6","Sc: Rob, msc: Supernova, sfx: ROB2, Next: [FD2-1]","Great! I’ll see you later. Be nice to Flubber!","Τέλεια! Τα λέμε μετά. Να προσέχεις τη Φλάμπερ!"
"FD2-1","Sc: Flubber, msc: Supernova, sfx: FLUBBER1, Next: [DD2-4]","Mreoww…","Μμιάου..."
"DD2-4","Sc: Dmi, msc: Supernova, no sfx, Next: [DD2-4b]","We’re pals aren’t we Flubber? ","Είμαστε φίλοι, έτσι δεν είναι, Φλάμπερ; "
"DD2-4b","No Sc, msc: Supernova, sfx: Door_Chime,Door_Close, Next: [D2D-8]","-door chimes and closes-","-η πόρτα κουδουνίζει και κλείνει-"
"D2D-8","No Sc, msc: Supernova, no sfx, Next: [D2D-9a]","Flubber gives me a slow blink.","Η Φλάμπερ ανοιγοκλείνει αργά τα μάτια της."
"D2D-9a","No Sc, msc: Supernova, sfx: Door_Chime,Door_Open, Next: [D2D-9]","-door opens and chimes-","-η πόρτα ανοίγει και κουδουνίζει- "
"D2D-9","No Sc, msc: Supernova, no sfx, Next: [DD2-5]","A two-headed beastman enters. They don’t say a word. I yawn and start spouting the “Cosmic Fuel welcome”.","Ένα δικέφαλο τέρας μπαίνει μέσα. Δεν λέει κουβέντα. Χασμουριέμαι και ξεκινάω να αραδιάζω το κλασσικό καλωσόρισμα του Cosmic Fuel."
"DD2-5","Sc: Dmi, msc: Supernova, no sfx, Next: [D2D-10]","Welcome to Cosmic Fuel. Fill to your heart’s content that’s the Cosmic Fuel way. ","Καλωσήρθατε στο Cosmic Fuel. Γεμίστε όσο τραβάει η καρδιά σας, έτσι κάνουμε στο Cosmic Fuel. "
"D2D-10","No Sc, msc: Supernova, no sfx, Next: [D2D-11]","The beastmen frantically grab items and stuff them into a bag.","Τα τέρατα αρχίζουν και αρπάζουν πράγματα πανικόβλητα και τα χώνουν σε μια τσάντα."
"D2D-11","No Sc, msc: Supernova, no sfx, Next: [DD2-6]","Well that’s not at all what I meant. ","Ε, δεν εννοούσα αυτό ακριβώς. "
"DD2-6","Sc: Dmi, msc: Supernova, no sfx, Next: [D2D-12]","You guys using cash or credit?","Θα πληρώσετε με μετρητά ή κάρτα, παιδιά;"
"D2D-12","No Sc, msc: Supernova, no sfx, Next: [ROM1]","The more dimwitted looking one whispers to the sharper one and they stalk forward.","Ο φαινομενικά πιο χαζούλης από τους δυο ψιθυρίζει κάτι στον πιο πονηρό και αρχίζουν να με πλησιάζουν."
"ROM1","Sc: Romulus, msc: Supernova, sfx: ROMULUS1, Next: [D2D-13]","This is a stick up! Open the register!","Ληστεία! Άνοιξε το ταμείο!"
"D2D-13","No Sc, msc: Supernova, no sfx, Next: [REM1]","The dimwitted-looking beast-man pulls out a stick from his pocket and points at me.","Ο χαζούλης βγάζει ένα ξυλάκι απ' την τσέπη του και το στρέφει προς το μέρος μου."
"REM1","Sc: Remus, msc: Supernova, sfx: REMUS1, Next: [ROM2]","and give us those Saturn dogs behind you!","Και δώσε μας κι εκείνα τα Saturn dogs πίσω σου!"
"ROM2","Sc: Romulus, msc: Supernova, sfx: Romulus_Short, Next: [D2D-14]","Yeah! And--","Ναι! Και..."
"D2D-14","No Sc, msc: Supernova, no sfx, Next: [REM2]","The sharp-eyed beastman glares at his brother.","Ο πιο έξυπνος κοιτάζει εκνευρισμένα τον αδερφό του."
"REM2","Sc: Remus, msc: Supernova, sfx: REMUS2, Next: [ROM3]","Sorry Romulus stickups make me hungry. ","Σόρι, Ρωμύλε, οι ληστείες μου ανοίγουν την όρεξη. "
"ROM3","Sc: Romulus, msc: Supernova, sfx: ROMULUS3, Next: [REM3]","You’re worse than a chihuahua. When I said we’re doing a stickup I didn’t mean to put a literal stickup! ","Είσαι χειρότερος από κι τσιουάουα. Γιατί να απειλήσεις με ξυλάκι;! "
"REM3","Sc: Remus, msc: Supernova, sfx: REMUS2, Next: [ROM4]","Oh did I mess up again? Are we not getting Saturn dogs? ","Ω, τα θαλάσσωσα πάλι; Άρα δεν έχει Saturn dogs; "
"ROM4","Sc: Romulus, msc: Supernova, sfx: ROMULUS2, Next: [D2D-15]","No you didn’t mess up Remus. Let’s get you that hot dog. No no let’s get you two of them. How about that? ","Όχι, δεν τα θαλάσσωσες, Ρέμο. Πάμε να σου πάρουμε ένα χοτ ντογκ. Όχι, θα σου πάρουμε δύο. Πώς σου φαίνεται; "
"D2D-15","No Sc, msc: Supernova, sfx: Remus_Howl, Next: [D2D-15b]","Remus howls with excitement.","Ο Ρέμος ουρλιάζει από ενθουσιασμό."
"D2D-15b","No Sc, msc: Supernova, no sfx, Next: [TDP7-1,TDN7-1]","Select an item in the shop","Διάλεξε κάτι από το κατάστημα"
"D2D-15b-Option-1","No Sc, msc: Supernova, no sfx, Next: [TDP7-1,TDN7-1]","",""
"D2D-15b-Option-2","No Sc, msc: Supernova, no sfx, Next: [TDP7-1,TDN7-1]D2D-15b-Option-2","",""
"TDP7-1","No Sc, msc: Supernova, no sfx, Next: [TDP7-2]","I slide two Saturn dogs to the pair. Remus helps himself and scarfs it down.","Σπρώχνω δυο Saturn dogs προς το μέρος τους. Ο Ρέμος αρπάζει το ένα και το καταβροχθίζει χωρίς δεύτερη σκέψη."
"TDP7-2","Sc: Romulus, msc: Supernova, sfx: ROMULUS1, Next: [TDP7-3]","and now the register--","Και τώρα, το ταμείο..."
"TDP7-3","Sc: Remus, msc: Supernova, sfx: REMUS1, Next: [TDP7-4]","Rom… they were so nice and gave us a Saturn dog. Do we have to?","Ρομ... μας φέρθηκε καλά και μας έδωσε Saturn dogs. Πρέπει όντως να το κάνουμε αυτό;"
"TDP7-4","Sc: Romulus, msc: Supernova, sfx: ROMULUS3, Next: [TDP7-5]","Of course! We came all this way just to--","Φυσικά! Ήρθαμε μέχρι εδώ για να..."
"TDP7-5","Sc: Remus, msc: Supernova, sfx: Remus_Short, Next: [TDP7-6]","To steal?","Για να κλέψετε;"
"TDP7-6","No Sc, msc: Supernova, no sfx, Next: [TDP7-7]","Romulus stutters in shock.","Ο Ρωμύλος τραυλίζει από την αμηχανία."
"TDP7-7","No Sc, msc: Supernova, no sfx, Next: [TDP7-8]","Remus doesn’t look too different from a kicked puppy.","Ο Ρέμος μοιάζει με κακοποιημένο κουτάβι."
"TDP7-8","Sc: Remus, msc: Supernova, sfx: REMUS1, Next: [TDP7-9]","Mom always told us stealing was bad. We should pay!","Η μαμά πάντα έλεγε πως το να κλέβεις είναι κακό. Πρέπει να πληρώσουμε!"
"TDP7-9","Sc: Dmi, msc: Supernova, no sfx, Next: [TDP7-10]","I don’t really care either way to be honest… ","Ειλικρινά, δεν με νοιάζει και τόσο... "
"TDP7-10","No Sc, msc: Supernova, no sfx, Next: [TDP7-11]","The two ignore me. I can practically hear the galaxy’s smallest violin play for the two.","Με αγνοούν. Μπορώ σχεδόν να ακούσω το πιο μικροσκοπικό βιολί του γαλαξία να παίζει για αυτούς τους δυο."
"TDP7-11","Sc: Romulus, msc: Supernova, sfx: ROMULUS2, Next: [TDP7-12]","You’re right Rem… I can’t do it. I wanted to be the tough guy so bad… everything is going to get blown to smithereens!","Έχεις δίκιο, Ρεμ... Δεν μπορώ να το κάνω αυτό. Ήθελα πολύ να φανώ σκληρός... αλλά όλα θα γίνουν στάχτη"
"TDP7-12","Sc: Romulus, msc: Supernova, sfx: ROMULUS1, Next: [TDP7-13]","I just wanted to do something cool!","Απλά ήθελα να κάνω κάτι γαμάτο."
"TDP7-13","Sc: Romulus, msc: Supernova, sfx: ROMULUS3, Next: [TDP7-14]","Will you ever forgive me?","Θα μπορέσεις να με συγχωρήσεις ποτέ;"
"TDP7-14","Sc: Remus, msc: Supernova, sfx: REMUS2, Next: [TDP7-15]","You’re the best big brother ever! Of course I will! ","Είσαι ο καλύτερος μεγάλος αδερφός! Φυσικά και θα σε συγχωρήσω! "
"TDP7-15","No Sc, msc: Supernova, no sfx, Next: [TDP7-16]","The two beastmen burst into tears.","Τα δύο τέρατα βάζουν τα κλάματα."
"TDP7-16","No Sc, msc: Supernova, no sfx, Next: [TDP7-17]","I just stand there watching the two go through a whole movie scene together.","Μένω ακίνητο και τους κοιτάζω καθώς αναπαριστούν μια ολόκληρη σκηνή από ταινία."
"TDP7-17","No Sc, msc: Supernova, no sfx, Next: [TDP7-18]","Romulus sets a pile of luncos on the counter.","Ο Ρωμύλος αφήνει μια στοίβα λούνκο πάνω στον πάγκο."
"TDP7-18","Sc: Romulus, msc: Supernova, sfx: ROMULUS1, Next: [D2D-16a]","Keep the change. We’re sorry for bothering you.","Κράτησε τα ρέστα. Συγγνώμη για την ενόχληση."
"TDN7-1","No Sc, msc: Supernova, no sfx, Next: [TDN7-2]","Romulus grits his teeth.","Ο Ρωμύλος σφίγγει τα δόντια του."
"TDN7-2","Sc: Romulus, msc: Supernova, sfx: ROMULUS1, Next: [TDN7-3]","Is this some kind of joke? We asked for Saturn dogs!","Μας κοροϊδεύεις; Ζητήσαμε Saturn dogs!"
"TDN7-3","Sc: Dmi, msc: Supernova, no sfx, Next: [TDN7-4]","I know.","Το ξέρω."
"TDN7-4","Sc: Romulus, msc: Supernova, sfx: ROMULUS2, Next: [TDN7-5]","Why give us this?","Και γιατί μας δίνεις αυτό;"
"TDN7-5","Sc: Dmi, msc: Supernova, no sfx, Next: [TDN7-6]","You’re already helping yourself to the shelves. Why don’t you get them yourself?","Αφού έχετε αδειάσει από μόνοι σας όλα τα ράφια. Γιατί δεν πάτε να τα πάρετε κι αυτά;"
"TDN7-6","Sc: Romulus, msc: Supernova, sfx: Romulus_Short, Next: [TDN7-7]","I--","Ε..."
"TDN7-7","Sc: Remus, msc: Supernova, sfx: REMUS1, Next: [TDN7-8]","Aww…I think they’re mad at us Rom. ","Ωωω... Νομίζω νευρίασε μαζί μας, Ρομ. "
"TDN7-8","Sc: Remus, msc: Supernova, sfx: REMUS2, Next: [TDN7-9]","I told you we shouldn’t steal.","Σου είπα πως αυτό που κάνουμε είναι λάθος."
"TDN7-9","Sc: Romulus, msc: Supernova, sfx: ROMULUS1, Next: [TDN7-10]","STOP TAKING ME AS A FOOL REM!","ΣΤΑΜΑΤΑ ΝΑ ΜΕ ΠΕΡΝΑΣ ΓΙΑ ΗΛΙΘΙΟ, ΡΕΜ!"
"TDN7-10","Sc: Dmi, msc: Supernova, no sfx, Next: [TDN7-11]","Hey! He’s not taking you as a fool.","Έι! Δεν σε περνάει για ηλίθιο."
"TDN7-11","No Sc, msc: Supernova, no sfx, Next: [TDN7-12]","Romulus’ eyes shine with a hopeful look.","Τα μάτια του Ρωμύλου λαμπυρίζουν γεμάτα ελπίδα."
"TDN7-12","Sc: Dmi, msc: Supernova, no sfx, Next: [TDN7-13]","I’m taking you as a fool too.","Κι εγώ σε περνάω για ηλίθιο."
"TDN7-13","No Sc, msc: Supernova, no sfx, Next: [TDN7-14]","Romulus drops the bag on the ground. He looks close to tears.","Ο Ρωμύλος αφήνει τη σακούλα στο πάτωμα. Φαίνεται πως θα βάλει τα κλάματα."
"TDN7-14","Sc: Romulus, msc: Supernova, sfx: ROMULUS2, Next: [D2D-16a]","Remus…lets just go.","Ρεμ... πάμε να φύγουμε."
"D2D-16a","No Sc, msc: Supernova, sfx: Door_Chime,Door_Close, Next: [D2D-16]","-door chimes and closes-","-η πόρτα κουδουνίζει και κλείνει-"
"D2D-16","No Sc, msc: Supernova, no sfx, Next: [T8]","I reach for my phone. Cassiopeia’s not going to believe this.","Πάω να πιάσω το κινητό μου. Η Κασσιόπη δεν θα πιστέψει τι έγινε μόλις."
"T8","Sc: Dmi, on phone, msc: Supernova, sfx: Pocket_Swoosh_2, Next: [T9]","Sorry i didnt get to you yet. I was getting robbed.","Συγγνώμη που δεν σου έστειλα νωρίτερα. Με λήστευαν."
"T9","Sc: Cassiopeia, on phone, msc: Supernova, sfx: Text_4_vibrate, Next: [T10]","WHAT?","ΤΙ;"
"T10","Sc: Dmi, on phone, msc: Supernova, no sfx, Next: [T11]","chill they didnt take anything. They were two beastmen but they didnt seem to be following their own plan. ","Χαλάρωσε, δεν πήραν τίποτα. Ήταν δυο ανθρωπόμορφα θηρία, αλλά δεν μπόρεσαν να ακολουθήσουν το αρχικό τους πλάνο. "
"T11","Sc: Dmi, on phone, msc: Supernova, no sfx, Next: [T12]","I didnt care much it's not like it's my gas station. i Think i hurt their feelings.","Δεν με ένοιαξε ιδιαίτερα. Έτσι κι αλλιώς δεν είναι δικό μου το βενζινάδικο. Νομίζω κιόλας ότι τους πλήγωσα συναισθηματικά."
"T12","Sc: Dmi, on phone, msc: Supernova, no sfx, Next: [T13]","u could say they were all bark and no bite.","Θα μπορούσες να πεις πως είναι από αυτούς που ""γαβγίζουν αλλά δεν δαγκώνουν""."
"T13","Sc: Cassiopeia, on phone, msc: Supernova, sfx: Text_4_vibrate, Next: [T14]","did u just…ugh.","ι είπες τώρα... έλεος."
"T14","Sc: Cassiopeia, on phone, msc: Supernova, sfx: Text_4_vibrate, Next: [T15]","im going to ignore that for my own sanity.","Θα το αγνοήσω αυτό, για χάρη της ψυχικής μου υγείας."
"T15","Sc: Cassiopeia, on phone, msc: Supernova, sfx: Text_4_vibrate, Next: [D2D-17]","like holy stars im so glad nothing happened. I dont even understand why u have to work there so close to doomsday…","Ω θεοί των άστρων, ευτυχώς που δεν έγινε τίποτα. Δεν καταλαβαίνω καν γιατί πρέπει να δουλεύεις εκεί ενώ πλησιάζει το τέλος του κόσμου..."
"D2D-17","No Sc, msc: Supernova, no sfx, Next: [D2D-18]","I could tell where she was getting at. A day before the supernova and I still had no means of getting any tickets for a space jump.","Κατάλαβα πού το πήγαινε. Ο σουπερνόβα θα εκραγεί αύριο και εγώ δεν έχω βρει ακόμη τρόπο να πάρω εισιτήριο για το διαστημικό άλμα."
"D2D-18","No Sc, msc: Supernova, no sfx, Next: [T16]","I drum my fingers on the desk and think of my next reply.","Χτυπάω νευρικά τα δάχτυλά μου στον πάγκο και σκέφτομαι τι να της απαντήσω."
"T16","Sc: Dmi, on phone, msc: Supernova, no sfx, Next: [T17]","Weird question but what if we just couldn’t talk anymore? ","Περίεργη ερώτηση, αλλά... τι λες να γινόταν αν ξαφνικά δεν μιλούσαμε πια; "
"T17","Sc: Cassiopeia, on phone, msc: Supernova, sfx: Text_4_vibrate, Next: [TDP8-1,TDN8-1]","what type of question is that :(","τι ερώτηση είναι αυτή :("
"T17-Option-1","Sc: Cassiopeia, on phone, msc: Supernova, sfx: Text_4_vibrate, Next: [TDP8-1,TDN8-1]","Just curious…","Από περιέργεια ρωτάω..."
"T17-Option-2","Sc: Cassiopeia, on phone, msc: Supernova, sfx: Text_4_vibrate, Next: [TDP8-1,TDN8-1]","You ask me dumb questions all the time.","Μου κάνεις χαζές ερωτήσεις όλη την ώρα."
"TDP8-1","Sc: Dmi, on phone, msc: Supernova, no sfx, Next: [TDP8-2]","its not every day people leave their planet in droves for the impending death of the sun.","Ο κόσμος δεν παρατά κάθε μέρα τον πλανήτη του λόγω επικείμενου ηλιακού θανάτου."
"TDP8-2","Sc: Cassiopeia, on phone, msc: Supernova, sfx: Text_4_vibrate, Next: [TDP8-3]","Well I’d miss the hell out of you. ","Πάντως, θα μου λείψεις φουλ. "
"TDP8-3","Sc: Dmi, on phone, msc: Supernova, no sfx, Next: [TDP8-4]","…Really?","…Αλήθεια;"
"TDP8-4","Sc: Cassiopeia, on phone, msc: Supernova, sfx: Text_4_vibrate, Next: [TDP8-5]","Duh? What makes you think I check up on you all the time?","Ε… ναι; Γιατί νομίζεις ότι σου στέλνω συνέχεια να δω τι κάνεις; "
"TDP8-5","Sc: Dmi, on phone, msc: Supernova, no sfx, Next: [TDP8-6]","…I don’t know.","…Δεν ξέρω."
"TDP8-6","Sc: Dmi, on phone, msc: Supernova, no sfx, Next: [TDP8-7]","I kind of feel like I’ve been dragging you down… with me being sad all the time.","Νιώθω λίγο ότι σε καταβάλω κι εσένα… έτσι που είμαι μες τη μαυρίλα συνέχεια."
"TDP8-7","Sc: Cassiopeia, on phone, msc: Supernova, sfx: Text_4_vibrate, Next: [TDP8-8]","what? We all get sad. We’re together till the end. Nothing will ever change that.","Τι; Όλοι νιώθουμε λυπημένοι πού και πού. Είμαστε μαζί μέχρι τέλους. Αυτό δεν θα αλλάξει ποτέ."
"TDP8-8","Sc: Dmi, on phone, msc: Supernova, no sfx, Next: [TDP8-9]","Thank you. For always caring.","Ευχαριστώ. Που πάντα νοιάζεσαι για μένα."
"TDP8-9","Sc: Cassiopeia, on phone, msc: Supernova, sfx: Text_4_vibrate, Next: [TDP8-10a]","Of course. I have to go :( I’m getting called away but I always have your back! ","Φυσικά. Πρέπει να φύγω :( Με φωνάζουν, αλλά να ξέρεις ότι πάντα μπορείς να βασίζεσαι πάνω μου! "
"TDP8-10a","No Sc, msc: Supernova, sfx: Door_Chime,Door_Open, Next: [TDP8-10]","-door opens and chimes-","-η πόρτα ανοίγει και κουδουνίζει- "
"TDP8-10","No Sc, msc: Supernova, no sfx, Next: [TDP8-11]","I find myself smiling at my phone. I could’ve reread this line a couple hundred times.","Πιάνω τον εαυτό μου να χαμογελά στο κινητό μου. Μπορώ να ξαναδιαβάσω αυτό το μύνημα ίσα με εκατό φορές ακόμα."
"TDP8-11","No Sc, msc: Supernova, sfx: KKILI1, Next: [DD2-7]","That must be someone special you’re talking to.","Πρέπει να είναι πολύ σημαντικό το άτομο στο οποίο μιλάς."
"TDN8-1","Sc: Cassiopeia, on phone, msc: Supernova, sfx: Text_4_vibrate, Next: [TDN8-2]","...","..."
"TDN8-2","Sc: Cassiopeia, on phone, msc: Supernova, sfx: Text_4_vibrate, Next: [TDN8-3]","Wow that was harsh…","Οοοκ, κάπως σκληρό..."
"TDN8-3","No Sc, msc: Supernova, no sfx, Next: [TDN8-4]","I panic. Crap would it be bad to backtrack? ","Πανικοβάλομαι. Σκατά. Άραγε θα πειράξει πολύ αν το πάρω πίσω; "
"TDN8-4","Sc: Dmi, on phone, msc: Supernova, no sfx, Next: [TDN8-5]","Sorry, i didn’t mean that","Συγγνώμη, δεν το εννοούσα."
"TDN8-5","Sc: Dmi, on phone, msc: Supernova, no sfx, Next: [TDN8-6]","i don’t think ur questions are stupid.","Δεν θεωρώ τις ερωτήσεις σου ηλίθιες."
"TDN8-6","Sc: Cassiopeia, on phone, msc: Supernova, sfx: Text_4_vibrate, Next: [TDN8-7]",":/ you’re a jerk sometimes. u know that?",":/ γίνεσαι πολύ μαλάκας ώρες ώρες, το ξέρεις;"
"TDN8-7","Sc: Dmi, on phone, msc: Supernova, no sfx, Next: [TDN8-8]","Yeah…I can see that right now. I’m really sorry.","Ναι... Το κατάλαβα. Αλήθεια συγγνώμη."
"TDN8-8","Sc: Cassiopeia, on phone, msc: Supernova, sfx: Text_4_vibrate, Next: [TDN8-9]","Well to answer your question. Even though you’re a grade A jerk sometimes.","Πάντως, για να σου απαντήσω, αν και είσαι τέρμα μαλακισμένο ώρες-ώρες..."
"TDN8-9","Sc: Cassiopeia, on phone, msc: Supernova, sfx: Text_4_vibrate, Next: [TDN8-10]","I’d still miss seeing you.","θα μου έλειπε η φάτσα σου."
"TDN8-10","Sc: Cassiopeia, on phone, msc: Supernova, sfx: Text_4_vibrate, Next: [TDN8-11]","I just wish you were a bit more honest with me.","Απλώς θα ήθελα να ήσουν λίγο πιο ειλικρινής μαζί μου."
"TDN8-11","Sc: Dmi, on phone, msc: Supernova, no sfx, Next: [TDN8-12]","What do you mean honest?","Τι εννοείς ""ειλικρινής"";"
"TDN8-12","Sc: Cassiopeia, on phone, msc: Supernova, sfx: Text_4_vibrate, Next: [TDN8-13]","I know thats not the real reason why you’re asking me that.","Ξέρω ότι δεν είναι αυτός ο πραγματικός λόγος που το ρώτησες."
"TDN8-13","Sc: Cassiopeia, on phone, msc: Supernova, sfx: Text_4_vibrate, Next: [TDN8-14]","I gotta go. I’ll talk to you later. Just stop acting so weird with me.","Πρέπει να κλείσω, τα λέμε αργότερα. Απλώς σταμάτα να μου φέρεσαι τόσο περίεργα."
"TDN8-14","No Sc, msc: Supernova, no sfx, Next: [TDN8-14a]","I groan to myself.","Βγάζω ένα βογκητό."
"TDN8-14a","No Sc, msc: Supernova, sfx: Door_Chime,Door_Open, Next: [TDN8-15]","-door opens and chimes-","-η πόρτα ανοίγει και κουδουνίζει- "
"TDN8-15","Sc: Dmi, msc: Supernova, no sfx, Next: [TDN8-16]","Why did I say that? Out of every reason I could have given her?","Γιατί το είπα αυτό; Από όλους τους λόγους που μπορούσα να της αναφέρω;"
"TDN8-16","Sc: Dmi, msc: Supernova, no sfx, Next: [TDN8-17]","Stupid! Stupid! Stupid!","Χαζό! Χαζό! Χαζό!"
"TDN8-17","Sc: K'Kili the Destroyer, msc: Supernova, sfx: KKILI1, Next: [DD2-7]","It couldn’t be that stupid to be doing all that.","Δεν μπορεί να είναι και τόσο χαζό το να τα κάνεις όλα αυτά."
"DD2-7","Sc: Dmi, msc: Supernova, no sfx, Next: [DD2-8]","Whoa!","Ώπα!"
"DD2-8","Sc: Dmi, msc: Supernova, no sfx, Next: [D2D-19]","Sorry it’s slow today. So uh I’ve been on my phone a bit more. ","Σόρι, είναι ήσυχη μέρα σήμερα... Και, να, γι' αυτό ήμουν λίγο παραπάνω στο κινητό. "
"D2D-19","No Sc, msc: Supernova, no sfx, Next: [D2D-20]","I take in the woman. From the ringlets across her body she seems to be a shapeshifter. ","Κοιτάζω καλά-καλά τη γυναίκα. Από τα κυκλάκια σε όλο της το σώμα, φαίνεται να είναι αλλαζόμορφη. "
"D2D-20","No Sc, msc: Supernova, no sfx, Next: [D2D-21]","Something feels awfully familiar about her like I’ve seen her somewhere before.","Έχει κάτι απίστευτα οικείο, λες και κάπου την έχω ξαναδεί."
"D2D-21","No Sc, msc: Supernova, no sfx, Next: [KD1]","She doesn’t seem to notice the interest she has a knowing smile as her attention still seems on me and my phone. ","Δεν φαίνεται να πρόσεξε το ενδιαφέρον μου. Χαμογελάει σαν να ξέρει κάτι, καθώς η προσοχή της παραμένει στραμμένη σε εμένα και το κινητό μου.  "
"KD1","Sc: K'Kili the Destroyer, msc: Supernova, sfx: KKILI2, Next: [DD2-9]","They must sound important to you. Just relax I’m sure you’re lovely to speak to. ","Πρέπει να είναι σημαντικό άτομο για σένα. Χαλάρωσε, είμαι σίγουρη ότι οι συζητήσεις μαζί σου είναι υπέροχες. "
"DD2-9","Sc: Dmi, msc: Supernova, no sfx, Next: [D2D-22]","It depends on the day.","Ανάλογα πώς θα με πετύχεις."
"D2D-22","No Sc, msc: Supernova, no sfx, Next: [KD2]","She laughs.","Γελάει."
"KD2","Sc: K'Kili the Destroyer, msc: Supernova, sfx: KKILI3, Next: [D2D-23]","Hit me with it. What’s got you stressed?","Ρίξ' το. Τι σε αγχώνει τόσο;"
"D2D-23","No Sc, msc: Supernova, no sfx, Next: [D2D-24]","I think for a second. Do I actually want to just spill my guts out to this complete stranger?","Το σκέφτομαι λίγο. Θέλω όντως να βγάλω τα σώψυχά μου σε αυτή την εντελώς άγνωστη γυναίκα;"
"D2D-24","No Sc, msc: Supernova, no sfx, Next: [D2D-25]","…","…"
"D2D-25","No Sc, msc: Supernova, no sfx, Next: [DD2-10]","Actually yeah. I can’t pay for a therapist anyways. Why not. ","Βασικά, ναι. Δεν έχω λεφτά για ψυχολόγο ούτως ή άλλως. Γιατί όχι; "
"DD2-10","Sc: Dmi, msc: Supernova, no sfx, Next: [D2D-26]","I don’t know how to tell her I don’t qualify for a space jump so I’m going to be stuck here.","Δεν ξέρω πώς να της πω ότι δεν πληρώ τις προϋποθέσεις για διαστημικό άλμα και άρα θα ξεμείνω εδώ πέρα."
"D2D-26","No Sc, msc: Supernova, no sfx, Next: [DD2-11]","The not-therapist nods as she listens to me.","Η όχι ψυχολόγος μου κουνάει το κεφάλι καθώς με ακούει."
"DD2-11","Sc: Dmi, msc: Supernova, no sfx, Next: [KD3]","I’ve been trying to just carry on but I think she knows something is wrong. ","Προσπαθώ να κάνω σαν να μη συμβαίνει τίποτα, αλλά νομίζω ξέρει ότι κάτι δεν πάει καλά. "
"KD3","Sc: K'Kili the Destroyer, msc: Supernova, sfx: KKILI2, Next: [D2D-27]","Well you’re going to traumatize the stars outta her when she finds out you’re gonna be space dust and you never warned her. ","Ναι, θα της έρθει ο ουρανός σφοντίλι όταν ανακαλύψει ότι πρόκειται να γίνεις διαστημόσκονη και δεν την προειδοποίησες. "
"D2D-27","No Sc, msc: Supernova, no sfx, Next: [D2D-28]","I choke. When she puts it that way…","Πνίγομαι. Αν το θέτει έτσι…"
"D2D-28","No Sc, msc: Supernova, no sfx, Next: [DD2-12]","I try to search for a way to back out despite this being my fault we’re having this very personal conversation at a gas station counter.","Προσπαθώ να βρω έναν τρόπο να λήξω αυτήν την υπερβολικά προσωπική συζήτηση που εγώ μόνο μου ξεκίνησα στον γκισέ ενός βενζινάδικου."
"DD2-12","Sc: Dmi, msc: Supernova, no sfx, Next: [KD4]","Is there something in particular you’re looking for or…? ","Ψάχνεις να αγοράσεις κάτι συγκεκριμένο ή…; "
"KD4","Sc: K'Kili the Destroyer, msc: Supernova, sfx: KKILI1, Next: [D2D-29]","I see what you’re doing here.","Ξέρω τι κάνεις τώρα."
"D2D-29","No Sc, msc: Supernova, no sfx, Next: [KD5]","She plays along though.","Πάντως πάει με τα νερά μου."
"KD5","Sc: K'Kili the Destroyer, msc: Supernova, sfx: KKILI3, Next: [KD6]","I’ll put 900 luncos on pump 5.","Θέλω 900 λούνκα στην αντλία 5."
"KD6","Sc: K'Kili the Destroyer, msc: Supernova, sfx: KKILI2, Next: [D2D-30]","And are any of those behind you good? Looking to get something for my wife back on our ship.","Είναι τίποτα από αυτά πίσω σου καλό; Θέλω να πάρω κάτι για τη γυναίκα μου που περιμένει στο πλοίο μας."
"D2D-30","No Sc, msc: Supernova, no sfx, Next: [DD2-13]","She points to the hot food machines behind me and I shrug.","Δείχνει στις μηχανές ζεστού φαγητού πίσω μου και ανασηκώνω τους ώμους."
"DD2-13","Sc: Dmi, msc: Supernova, no sfx, Next: [DD2-14]","Nothing to write home about but I think they’re pretty good. ","Δεν είναι και τίποτα ιδιαίτερο, αλλά εμένα μου φαίνονται εντάξει. "
"DD2-14","Sc: Dmi, msc: Supernova, no sfx, Next: [D2D-31]","Especially if you’re hungry.","Ειδικά αν πεινάς."
"D2D-31","No Sc, msc: Supernova, no sfx, Next: [KD7]","She lets out a hearty laugh.","Γελάει."
"KD7","Sc: K'Kili the Destroyer, msc: Supernova, sfx: KKILI1, Next: [KD8]","Oh man. I know that feeling when food is good just cuz you haven’t had anything. ","Πω! Ξέρω πώς είναι να σ' αρέσει το φαΐ απλά και μόνο επειδή έχεις άδειο στομάχι. "
"KD8","Sc: K'Kili the Destroyer, msc: Supernova, sfx: KKILI3, Next: [KD8b]","Something with a good crunch to it seems like something my wife would like.","Αν έχεις τίποτα τραγανιστό, θα αρέσει σίγουρα στη γυναίκα μου."
"KD8b","No Sc, msc: Supernova, no sfx, Next: [TDP9-1,TDN9-1]","Select an item in the shop","Διάλεξε κάτι από το κατάστημα"
"KD8b-Option-1","No Sc, msc: Supernova, no sfx, Next: [TDP9-1,TDN9-1]","",""
"KD8b-Option-2","No Sc, msc: Supernova, no sfx, Next: [TDP9-1,TDN9-1]KD8b-Option-2","",""
"TDP9-1","Sc: K'Kili the Destroyer, msc: Supernova, sfx: KKILI2, Next: [TDP9-2]","What are these called again? M’Ghooni Nachos?","Πώς τα λένε αυτά είπαμε; Νάτσος Μ'Γκούνι;"
"TDP9-2","Sc: Dmi, msc: Supernova, no sfx, Next: [TDP9-3]","It's got a little kick to it. If your wife likes spice I’m sure she’d be into it.","Καίνε αρκετά. Αν τρώει καυτερά η γυναίκα σου, σίγουρα θα της αρέσοουν."
"TDP9-3","Sc: K'Kili the Destroyer, msc: Supernova, sfx: KKILI3, Next: [TDP9-4]","I’m Martian. I can handle more than a little kick.","Είμαι Αρειανή. Τίποτα δεν καίει αρκετά."
"TDP9-4","No Sc, msc: Supernova, no sfx, Next: [TDP9-5]","The alleged shapeshifter lifts up a chip and chomps down on it.","Η μάλλον αλλαζόμορφη παίρνει ένα τσιπ και το μασουλάει."
"TDP9-5","Sc: K'Kili the Destroyer, msc: Supernova, sfx: KKILI2, Next: [TDP9-6]","Oh! That's a pretty solid nacho.","Ω! Πολύ καλά τα νάτσος. "
"TDP9-6","Sc: Dmi, msc: Supernova, no sfx, Next: [TDP9-7]","Yeah my friend would usually call me to bring some back with me back when we were roommates. ","Ναι, η φίλη μου συχνά μου ζητούσε να της φέρω τέτοια σπίτι, τότε που ήμασταν ακόμα συγκάτοικοι. "
"TDP9-7","Sc: K'Kili the Destroyer, msc: Supernova, sfx: KKILI1, Next: [TDP9-8]","They’ve got good taste. Can you get one for me too?","Έχουν ωραία γεύση. Μου δίνεις και μένα από αυτά;"
"TDP9-8","No Sc, msc: Supernova, no sfx, Next: [D2D-32]","I nod as I go over to the machine and get out a second batch of M’Ghooni Nachos.","Της γνέφω και πηγαίνω στο μηχάνιμα για να βγάλω άλλη μια μερίδα Νάτσος Μ'Γκούνι. "
"TDN9-1","No Sc, msc: Supernova, no sfx, Next: [TDN9-2]","K’Kili inspects the food presented to her.","Η Κ'Κίλι κοιτά προσεχτικά το φαγητό που της έφερα."
"TDN9-2","Sc: K'Kili the Destroyer, msc: Supernova, sfx: KKILI1, Next: [TDN9-3]","Hmm I don’t mean to be rude kid but I don’t think she’s going to like this. ","Χμμ, δεν θελω να φανώ αγενής, αλλά δεν νομίζω να της αρέσει αυτό. "
"TDN9-3","Sc: K'Kili the Destroyer, msc: Supernova, sfx: KKILI2, Next: [TDN9-4]","I wouldn’t really call this crunchy either.","Ούτε θα το έλεγα ""τραγανιστό""."
"TDN9-4","Sc: Dmi, msc: Supernova, no sfx, Next: [TDN9-5]","You sure she might not like this better?","Σίγουρα δεν θα προτιμούσε κάτι τέτοιο;"
"TDN9-5","Sc: K'Kili the Destroyer, msc: Supernova, sfx: KKILI3, Next: [TDN9-6]","Pretty sure I’d know what she likes best.","Νομίζω ότι ξέρω τι της αρέσει καλύτερα."
"TDN9-6","No Sc, msc: Supernova, no sfx, Next: [TDN9-7]","I sigh. Seems my gas station munchies intuition failed me today.","Αναστενάζω. Φαίνεται ότι το ένστικτό μου για τα βενζιναδο-σνακ με πρόδωσε σήμερα."
"TDN9-7","Sc: Dmi, msc: Supernova, no sfx, Next: [TDN9-8]","Sorry bout that.","Συγγνώμη γι' αυτό."
"TDN9-8","Sc: K'Kili the Destroyer, msc: Supernova, sfx: KKILI1, Next: [D2D-32]","It's fine. I’ll take the gas at least.","Δεν πειράζει. Τουλάχιστον θα βάλω βενζίνη."
"D2D-32","No Sc, msc: Supernova, no sfx, Next: [KD9]","The woman grabs her wallet in her pocket.","Η γυναίκα βγάζει το πορτοφόλι από την τσέπη της."
"KD9","Sc: K'Kili the Destroyer, msc: Supernova, sfx: KKILI2, Next: [DD2-15]","You take cards don’t you? Or did that stop for Doomsday?","Δέχεστε κάρτες, σωστά; Ή το σταμάτησαν αυτό για το τέλος του κόσμου; "
"DD2-15","Sc: Dmi, msc: Supernova, no sfx, Next: [D2D-33]","Nothing stops at Cosmic Fuel for Doomsday.","Τίποτα δεν σταματά για το τέλος του κόσμου στο Cosmic Fuel."
"D2D-33","No Sc, msc: Supernova, no sfx, Next: [D2D-34]","The woman cooly passes a card to me. I grab for it and freeze as I realize she passed me an ID.","Η γυναίκα μου δίνει μια κάρτα, άνετη. Την παίρνω και παγώνω καθώς συνειδητοποιώ ότι μου έδωσε ταυτότητα."
"D2D-34","No Sc, msc: Supernova, no sfx, Next: [D2D-35]","The name is one I remember very well as it was all over the Martian news. ","Το όνομα το ξέρω πολύ καλά, ήταν σε όλες τις Αρειανές ειδήσεις. "
"D2D-35","No Sc, msc: Supernova, no sfx, Next: [KD10]","Holy crap. This woman is like… an urban legend on Mars.","Μαλάκα... Αυτή εδώ είναι κυριολεκτικά θρύλος στον Άρη."
"KD10","Sc: K'Kili the Destroyer, msc: Supernova, sfx: KKili_Short, Next: [D2D-36]","Did my card decline?","Δεν δέχεται την κάρτα;"
"D2D-36","No Sc, msc: Supernova, no sfx, Next: [KD11]","All six of her eyes widen as she realizes her debit card isn’t in my hand and she snatches it.","Γουρλώνει και τα έξι μάτια της καθώς συνειδητοποιεί ότι αυτό που κρατάω δεν είναι η χρεωστική της και μου το αρπάζει αμέσως. "
"KD11","Sc: K'Kili the Destroyer, msc: Supernova, sfx: KKili_Short, Next: [D2D-37]","Wrong card! Wrong card!","Λάθος κάρτα! Λάθος κάρτα!"
"D2D-37","No Sc, msc: Supernova, no sfx, Next: [D2D-38]","K’Kili passes me the right card.","Η Κ'Κίλι μου δίνει τη σωστή κάρτα."
"D2D-38","No Sc, msc: Supernova, no sfx, Next: [KD12]","We sit in awkward silence.","Ακολουθεί μια αρκετά άβολη σιωπή."
"KD12","Sc: K'Kili the Destroyer, msc: Supernova, sfx: KKILI1, Next: [KD12b]","Are you going to ring me up or…?","Θα μου τα χτυπήσεις να πληρώσω ή…;  "
"KD12b","No Sc, msc: Supernova, sfx: CashRegister, Next: [DD2-16]","-cash register noise-","-ακούγεται η ταμειακή-"
"DD2-16","Sc: Dmi, msc: Supernova, no sfx, Next: [DD2-17]","Eh I work at a gas station. I’m sure I’ve probably served someone with jaded pasts tons of times before. ","Καλά, σε βενζινάδικο δουλεύω. Παίζει να έχω εξυπηρετήσει πολλά άτομα με πολύ πιο ύποπτο παρελθόν.  "
"DD2-17","Sc: Dmi, msc: Supernova, no sfx, Next: [D2D-39]","You’re not going to throw me in the nearest black hole and take my place aren’t you?","Δεν θα με πετάξεις σε καμιά μαύρη τρύπα για να πάρεις τη θέση μου, σωστά;"
"D2D-39","No Sc, msc: Supernova, no sfx, Next: [KD13]","K’Kili laughs.","Η Κ'Κίλι γελάει."
"KD13","Sc: K'Kili the Destroyer, msc: Supernova, sfx: KKILI3, Next: [DD2-18]","Not at all. I didn’t really use my powers like that. I can’t really shapeshift anymore anyways.","Ούτε καν. Δεν χρησιμοποιούσα έτσι τις δυνάμεις μου. Και ούτως ή άλλως δεν μπορώ πια να αλλάζω μορφές."
"DD2-18","Sc: Dmi, msc: Supernova, no sfx, Next: [D2D-40]","Oh?","Όντως;"
"D2D-40","No Sc, msc: Supernova, no sfx, Next: [KD14]","She points to her antenna.","Μου δείχνει την κεραία της."
"KD14","Sc: K'Kili the Destroyer, msc: Supernova, sfx: KKILI2, Next: [KD15]","My antenna is a little bent. So I can’t really do that anymore. ","Η κεραία μου έχει στραβώσει. Οι δυνάμεις μου δεν λειτουργούν πια. "
"KD15","Sc: K'Kili the Destroyer, msc: Supernova, sfx: KKILI1, Next: [D2D-41]","I felt like my world was falling apart when it first happened but my wife has been so supportive. I mean I got injured trying to help her in the first place. ","Όταν πρωτοσυνέβη ένιωσα να χάνω τη γη κάτω απ' τα πόδια μου, αλλά η γυναίκα μου με στήριξε πολύ. Βέβαια, έτσι τραυματίστηκα εξ αρχής, προσπαθώντας να τη βοηθήσω. "
"D2D-41","No Sc, msc: Supernova, no sfx, Next: [KD16]","K’Kili lifts up her hand to show her ring. I can see the admiration and pride coming from her.","Η Κ'Κίλι σηκώνει το χέρι της και μου δείχνει τη βέρα της. Μπορώ να δώ πόσο γεμάτη περηφάνεια και θαυμασμό είναι."
"KD16","Sc: K'Kili the Destroyer, msc: Supernova, sfx: KKILI3, Next: [DD2-19]","My wife means everything to me. A part of me is happy we can get away and start new somewhere else.","Η γυναίκα μου είναι το παν για μένα. Ένα κομμάτι μου χαίρεται που μπορούμε να φύγουμε μακριά και να ξεκινήσουμε μια νέα ζωή κάπου αλλού."
"DD2-19","Sc: Dmi, msc: Supernova, no sfx, Next: [KD17]","Wow…she sounds so lucky to have you.","Ουάου. Είναι πολύ τυχερή που σε έχει."
"KD17","Sc: K'Kili the Destroyer, msc: Supernova, sfx: KKili_Short, Next: [D2D-42]","I’m the lucky one.","Εγώ είμαι τυχερή που την έχω."
"D2D-42","No Sc, msc: Supernova, no sfx, Next: [KD18]","K’Kili reaches over and places a hand on my shoulder. She has a strong grip. She probably could pull me over the counter like this.","Η Κ'Κίλι πλησιάζει και βάζει το χέρι της στον ώμο μου. Έχει πολύ δυνατή λαβή. Αν θέλει μπορεί να με τραβήξει πάνω απ' τον πάγκο έτσι."
"KD18","Sc: K'Kili the Destroyer, msc: Supernova, sfx: KKILI1, Next: [KD19]","Listen kid. You don’t know me and I don’t know you too well but I feel like I should tell you… ","Άκου, μικράκι. Δεν με ξέρεις και ούτε εγώ σε ξέρω πολύ καλά, αλλά νιώθω ότι πρέπει να σου το πω. "
"KD19","Sc: K'Kili the Destroyer, msc: Supernova, sfx: KKILI2, Next: [KD20]","I don’t really know what your baggage is with whoever you’re talking to but be honest. I can tell they mean a lot to you. ","Δεν ξέρω τι σε βαραίνει και τι θέματα έχεις με το άτομο που μιλάς, αλλά... Σοβαρά τώρα, το βλέπω ότι σημαίνει πολλά για σένα. "
"KD20","Sc: K'Kili the Destroyer, msc: Supernova, sfx: KKILI3, Next: [DD2-20]","I need you to really think about what they mean to you. Don’t you want to see them?","Θέλω να κάτσεις και να σκεφτείς τι σημαίνει πραγματικά για σένα. Δεν θες να το δεις;"
"DD2-20","Sc: Dmi, msc: Supernova, no sfx, Next: [D2D-43]","I…can’t anyways… It's too late.","Ε... Όπως και να 'χει δεν μπορώ. Είναι αργά τώρα."
"D2D-43","No Sc, msc: Supernova, no sfx, Next: [KD21]","K’Kili lets go of my shoulder.","Η Κ'Κίλι αφήνει τον ώμο μου."
"KD21","Sc: K'Kili the Destroyer, msc: Supernova, sfx: KKILI1, Next: [DD2-21]","I know… Just talk to them.","Το ξέρω... Απλώς μίλα με το άτομό σου."
"DD2-21","Sc: Dmi, msc: Supernova, no sfx, Next: [KD22]","…I’ll try.","...Θα προσπαθήσω."
"KD22","Sc: K'Kili the Destroyer, msc: Supernova, sfx: KKILI3, Next: [D2D-44]","It's all you can do right?","Δεν έχεις κάτι άλλο να κάνεις, σωστά;"
"D2D-44","No Sc, msc: Supernova, no sfx, Next: [KD23]","She squints at my name tag.","Προσπαθεί να διακρίνει το όνομα στο ταμπελάκι μου."
"KD23","Sc: K'Kili the Destroyer, msc: Supernova, sfx: KKILI2, Next: [D2D-45]","You seem like a good kid. I’ll leave a nice review for you on Welp.","Φαίνεσαι καλό παιδί. Θα σου αφήσω καλή κριτική στο Welp."
"D2D-45","No Sc, msc: Supernova, no sfx, Next: [D2D-45b]","The woman offers me a smile and walks out of the Cosmic Fuel with nachos in hand.","Η γυναίκα μού χαρίζει ένα χαμόγελο και βγαίνει από το Cosmic Fuel με τα νάτσος στα χέρια."
"D2D-45b","No Sc, msc: Supernova, sfx: Door_Chime,Door_Close, Next: [D2D-46]","-door chimes and closes-","-η πόρτα κουδουνίζει και κλείνει-"
"D2D-46","No Sc, msc: Supernova, no sfx, Next: [D2D-47]","I don’t move. Never in my life did I think I would be getting a pep talk about relationships with a customer who just wanted to buy snacks.","Δεν κουνιέμαι. Δεν φανταζόμουν ποτέ ότι θα προσπαθούσε να μου ανεβάσει το ηθικό μια πελάτισσα που απλώς ήθελε να αγοράσει σνακ."
"D2D-47","No Sc, msc: Supernova, no sfx, Next: [D2D-48]","I should be on my way out of here. Maybe catching a ride outta here on a new planet but here I am. ","Θα έπρεπε να ετοιμάζομαι να φύγω από δω. Να ήμουν καθ' οδόν για κάποιον νέο πλανήτη. Αλλά είμαι ακόμα εδώ. "
"D2D-48","No Sc, msc: Supernova, no sfx, Next: [D2D-49]","Doomed.","Καταδικασμένο."
"D2D-49","No Sc, msc: Supernova, no sfx, Next: [D2D-50]","…","…"
"D2D-50","No Sc, msc: Supernova, no sfx, Next: [D2D-51]","Some time passes. I don’t get any more customers and I try to busy myself with the monotony of cleaning.","Η ώρα περνάει. Δεν έρχονται άλλοι πελάτες και προσπαθώ να απασχολήσω τον εαυτό μου καθαρίζοντας."
"D2D-51","No Sc, msc: Supernova, no sfx, Next: [D2D-52]","I think Flubber notices something is wrong cuz I find her wanting to brush up against me more as she tries to move off of her usual lounging spot.","Νομίζω πως η Φλάμπερ καταλαβαίνει ότι κάτι δεν πάει καλά, γιατί έρχεται και μου τρίβεται περισσότερο καθώς φεύγει από το συνηθισμένο μέρος που αράζει."
"D2D-52","No Sc, msc: Supernova, no sfx, Next: [D2D-53]","Rob eventually comes by. His usual cheery disposition fades as he picks up Flubber.","Μετά από ώρα, έρχεται τελικά ο Ρομπ. Η συνήθως χαρούμενη διάθεσή του καταρρέι καθώς μαζεύει τη Φλάμπερ."
"D2D-53","No Sc, msc: Supernova, no sfx, Next: [D2D-54]","I think it finally hit him about what was going to happen.","Νομίζω πως επιτέλους συνειδητοποίησε τι πρόκειται να συμβεί."
"D2D-54","No Sc, msc: Supernova, no sfx, Next: [D2D-55]","…","…"
"D2D-55","No Sc, msc: Supernova, no sfx, Next: [D2D-55b]","I need to rest before tomorrow.","Πρέπει να ξεκουραστώ για αύριο."
"D2D-55b","No Sc, msc: Supernova, sfx: Door_Open,Door_Chime,Door_Close, Next: [Day3Transition]","-door opens and closes with a chime-","-η πόρτα ανοιγει και κλείνει κουδουνίζοντας-"
"Day3Transition","No Sc, msc: Supernova, no sfx, Next: [D3D-1]","DAY 3","ΗΜΕΡΑ 3η"
"D3D-1","No Sc, msc: Supernova, no sfx, Next: [D3D-2]","Doomsday.","Το τέλος του κόσμου."
"D3D-2","No Sc, msc: Supernova, no sfx, Next: [D3D-3]","Feels a lot quieter than how I’d imagined it.","Πολύ πιο ήσυχο απ' ό,τι το περίμενα."
"D3D-3","No Sc, msc: Supernova, no sfx, Next: [D3D-4]","Well most people evacuated… it makes sense it's this quiet. ","Αλλά, θα μου πεις, οι περισσότεροι έχουν φύγει. Λογικό να έχει ησυχία. "
"D3D-4","No Sc, msc: Supernova, no sfx, Next: [D3D-4b]","There’s no Flubber no Rob just me. ","Ούτε Φλάμπερ, ούτε Ρομπ. Μόνο εγώ. "
"D3D-4b","No Sc, msc: Supernova, sfx: Text_1, Next: [T18]","-phone chimes-","-κουδουνίζει το τηλέφωνο-"
"T18","Sc: Cassiopeia, on phone, msc: Supernova, sfx: Pocket_Swoosh_2, Next: [T19]","Dmi did you get my message about where to meet me at the Space Port? You haven’t been answering me since last night. ","Ντμι, είδες που σου έστειλα να βρεθούμε στο Διαστημοδρόμιο; Έχεις να μου απαντήσεις από χτες το βράδυ. "
"T19","Sc: Dmi, on phone, msc: Supernova, no sfx, Next: [T20]"," Sorry just been so busy. You know how it is. "," Σόρι, είχα πολλή δουλειά. Ξέρεις πώς πάει. "
"T20","Sc: Cassiopeia, on phone, msc: Supernova, sfx: Text_4_vibrate, Next: [D3D-5]","What’s wrong with you? I would think this is a pretty big time to answer your messages! I mean we got the last space jumps of the day! ","Πας καλά; Πότε θα μου απαντούσες στα μηνύματα αν όχι τώρα;! Έχουμε να προλάβουμε το τελευταίο άλμα της μέρας! "
"D3D-5","No Sc, msc: Supernova, no sfx, Next: [D3D-6]","For once I feel tears threaten to fall from my face as I stare at my phone.","Ξαφνικά, νιώθω δάκρυα στα μάτια μου καθώς κοιτώ το κινητό μου."
"D3D-6","No Sc, msc: Supernova, no sfx, Next: [T21]","I wipe my face. Why am I such a loser? I don’t wanna weigh her down. I’m doing her a favor by not telling her!","Σκουπίζω το πρόσωπό μου. Γιατί κάνω σαν χαμένο; Δεν θέλω να την βαρύνω. Για το καλό της δεν της το λέω!"
"T21","Sc: Cassiopeia, on phone, msc: Supernova, no sfx, Next: [DD3-1a]"," Dmi?"," Ντμι;"
"DD3-1a","No Sc, msc: Supernova, sfx: Smoke_Detector_Beep_2, Next: [DD3-1]","-smoke alarm chirps-","-ο ανιχνευτής καπνού κουδουνίζει-"
"DD3-1","Sc: Dmi, msc: Supernova, no sfx, Next: [D3D-7]"," Really? Today of all days?"," Αλήθεια; Σήμερα βρήκε;"
"D3D-7","No Sc, msc: Supernova, no sfx, Next: [D3D-8]","You’d think after all this time smoke alarms wouldn’t work the same way as they did hundreds of years ago.","Θα περίμενε κανείς ότι μετά από τόσον καιρό δεν θα δούλευαν πια οι ανιχνευτές καπνού όπως πριν 100 χρόνια."
"D3D-8","No Sc, msc: Supernova, no sfx, Next: [AD1a]","I tune it out as I busy myself with my normal routine. Cleaning waiting more cleaning and more waiting. ","Τον αγνοώ και απασχολούμαι με την συνηθισμένη μου ρουτίνα: καθαρίζω, περιμένω, ξανακαθαρίζω, ξαναπεριμένω.  "
"AD1a","No Sc, msc: Supernova, sfx: Door_Chime,Door_Open, Next: [AD1]","-door opens and chimes-","-η πόρτα ανοίγει και κουδουνίζει- "
"AD1","Sc: Aiyana, msc: Supernova, sfx: ALYANA1, Next: [D3D-9]","Oh wow. You’re actually open. ","Απίστευτο, είστε όντως ανοιχτά. "
"D3D-9","No Sc, msc: Supernova, no sfx, Next: [D3D-10]","My head whips up from where I was brooming from the already pristine floors.","Σηκώνω απότομα το βλέμμα μου από το ήδη πεντακάθαρο πάτωμα που σκουπίζω."
"D3D-10","No Sc, msc: Supernova, no sfx, Next: [DD3-2]","Xey holds a phone in xeir hand.","Κρατάει ένα τηλέφωνο στο χέρι."
"DD3-2","Sc: Dmi, msc: Supernova, no sfx, Next: [D3D-11]"," Oh hey. Uh what are you doing here? "," Α, γεια. Ε, τι κάνεις εδώ; "
"D3D-11","No Sc, msc: Supernova, no sfx, Next: [D3D-12]","The person walks towards the counter. I walk behind it just as I usually would.","Το άτομο προχωράει προς το ταμείο. Το ακολουθώ, όπως θα έκανα συνήθως."
"D3D-12","No Sc, msc: Supernova, sfx: Smoke_Detector_Beep_2, Next: [AD2]","Xey pause as xey look up at the chirping smoke alarm. I watch the gears turn as xey decide to ignore it.","Σταματά και κοιτά τον ανιχνευτή καπνού που ακόμα κουδουνίζει. Μπορώ πρακτικά να δώ τα γρανάζια του μυαλού του να δουλεύουν, καθώς αποφασίζει να τον αγνοήσει."
"AD2","Sc: Aiyana, msc: Supernova, sfx: ALYANA2, Next: [DD3-3]"," I wanted to see if I can get a snack or something. My phone said this place was open. I wanted to grab something before going back home to Earth. "," Ήθελα να δω αν μπορώ να πάρω κανένα σνακ. Το κινητό μου λέει ότι είστε ανοιχτά. Ήθελα να πάρω τίποτα πριν γυρίσω στην Γη. "
"DD3-3","Sc: Dmi, msc: Supernova, no sfx, Next: [D3D-13]"," Earth?"," Στην Γή;"
"D3D-13","No Sc, msc: Supernova, no sfx, Next: [AD3]","Earth isn’t a planet you hear too often when it came to human inhabitants. Despite the supernova, Earth has already been deemed unfavorable for living compared to anywhere else.","Για τους ανθρώπους, η Γη δεν είναι και πολύ δημοφιλής πλανήτης για κατοίτηση. Παρά την όλη φάση με τον σουπερνόβα, η Γη είχε ήδη κριθεί ακατάλληλη για διαβίωση σε σύγκριση με οπουδήποτε αλλού."
"AD3","Sc: Aiyana, msc: Supernova, sfx: ALYANA3, Next: [AD4]"," Yeah some people actually still live there. "," Ναι, αλλά κάποιοι μένουν ακόμα εκεί. "
"AD4","Sc: Aiyana, msc: Supernova, sfx: ALYANA1, Next: [D3D-14]"," and by some people I mean me."," Εγώ είμαι αυτοί οι κάποιοι."
"D3D-14","No Sc, msc: Supernova, no sfx, Next: [DD3-4]","I chuckle.","Γελάω."
"DD3-4","Sc: Dmi, msc: Supernova, no sfx, Next: [AD5]"," Well what are you looking for? I can help you pick out something. "," Λοιπόν; Τι ψάχνεις; Μπορώ να σε βοηθήσω να διαλέξεις, αν θες. "
"AD5","Sc: Aiyana, msc: Supernova, sfx: ALYANA3, Next: [AD6]","Well to be honest…I don’t really care. What do you think is good? ","Για να είμαι ειλικρινής, δεν με νοιάζει ιδιαίτερα. Τι θα μου πρότεινες; "
"AD6","Sc: Aiyana, msc: Supernova, sfx: Alyana_Short, Next: [AD6b]","I’ll take anything.","Ό,τι κι αν είναι, θα το πάρω."
"AD6b","No Sc, msc: Supernova, no sfx, Next: [TDP10-1]","Select an item in the shop","Διάλεξε κάτι από το κατάστημα"
"AD6b-Option-1","No Sc, msc: Supernova, no sfx, Next: [TDP10-1]","",""
"AD6b-Option-2","No Sc, msc: Supernova, no sfx, Next: [TDP10-1]AD6b-Option-2","",""
"TDP10-1","Sc: Aiyana, msc: Supernova, sfx: ALYANA1, Next: [TDP10-2]","Hmm don’t think I’ve tried this before. ","Δεν νομίζω ότι το έχω ξαναδοκιμάσει αυτό. "
"TDP10-2","Sc: Aiyana, msc: Supernova, sfx: Alyana_Short, Next: [TDP10-3]"," How many luncos is it?"," Πόσο κάνει;"
"TDP10-3","Sc: Dmi, msc: Supernova, no sfx, Next: [TDP10-4]","I’d be crazy to make this company richer by charging you.","Δεν τρελάθηκα ακόμα, να κάνω την εταιρία πλουσιότερη χρεώνοντάς σε."
"TDP10-4","Sc: Aiyana, msc: Supernova, sfx: Alyana_Short, Next: [TDP10-4a]"," Just checking."," Εγώ είπα να ρωτήσω."
"TDP10-4a","Sc: Aiyana, msc: Supernova, sfx: ALYANA1, Next: [TDP10-5]"," So what possessed you to clock in when you could be at home or better yet at the Space Port on your way out of here? "," Και για πες, πώς σου ήρθε να έρθεις για δουλειά αντί να κάτσεις σπίτι ή, ακόμα καλύτερα, να πας στο Διαστημοδρόμιο για να την κάνεις από εδώ; "
"TDP10-5","Sc: Dmi, msc: Supernova, no sfx, Next: [TDP10-6]"," Just a coward who thinks working at a gas station is more comfortable than confronting my problems head-on."," Είμαι κότα και νόμιζα ότι θα ήταν πιο εύκολο το να δουλεύω σε βενζινάδικο από το να αντιμετωπίσω τα προβλήματά μου."
"TDP10-6","Sc: Dmi, msc: Supernova, no sfx, Next: [TDP10-7]"," What about you?"," Κι εσύ;"
"TDP10-7","No Sc, msc: Supernova, no sfx, Next: [TDP10-8]","Xey let out a bitter laugh.","Γελάει πικρόχολα."
"TDP10-8","Sc: Aiyana, msc: Supernova, sfx: Alyana_Short, Next: [TDP10-9]"," I stayed behind."," Έμεινα πίσω."
"TDP10-9","Sc: Aiyana, msc: Supernova, sfx: ALYANA2, Next: [TDP10-10]"," You might think it's stupid but I want to stay with the Earth in its final moments. "," Μπορεί να το βρίσκεις χαζό, αλλά θέλω να είμαι στη Γη στις τελευταίες στιγμές της. "
"TDP10-10","Sc: Aiyana, msc: Supernova, sfx: ALYANA1, Next: [TDP10-11]","Everyone left it behind and I just don’t want to do the same. I did too much for that floating rock in space. I tried my best. ","Όλοι οι άλλοι την έχουν παρατήσει. Δεν θέλω να κάνω κι εγώ το ίδιο. Έχω κάνει πάρα πολλά γι' αυτόν τον πλανήτη. Έκανα ό,τι μπορούσα. "
"TDP10-11","Sc: Dmi, msc: Supernova, no sfx, Next: [TDP10-12]","You’re just going to get sent to hell with it?","Οπότε θα πας στην κόλαση μαζί της;"
"TDP10-12","Sc: Aiyana, msc: Supernova, sfx: ALYANA2, Next: [TDP10-13]"," That does make it sound cooler when you say it like that."," Ακούγεται πολύ πιο κουλ όταν το θέτεις έτσι."
"TDP10-13","Sc: Dmi, msc: Supernova, no sfx, Next: [TDP10-14]","I don’t really think it's stupid.","Δεν το βρίσκω χαζό."
"TDP10-14","Sc: Dmi, msc: Supernova, no sfx, Next: [TDP10-15]","What's your name? Might as well ask while we’re here.","Πώς σε λένε; Είπα να ρωτήσω, μιας και είμαστε εδώ."
"TDP10-15","Sc: Aiyana, msc: Supernova, sfx: ALYANA3, Next: [TDP10-16]"," It's Aiyana. Nothing special to it."," Αγιάνα. Τίποτα το ιδιαίτερο."
"TDP10-16","No Sc, msc: Supernova, no sfx, Next: [TDP10-17]","Xey look at my name tag. I see as xeir eyes look back down to double check.","Κοιτάζει το ταμπελάκι με το όνομά μου. Βλέπω που ξανακοιτά για να βεβαιωθεί ότι το διάβασε σωστά."
"TDP10-17","Sc: Aiyana, msc: Supernova, sfx: Alyana_Short, Next: [TDP10-18]"," Thanks for the free stuff Dmi. "," Ευχαριστώ για τα δωρεάν πράγματα, Ντμι. "
"TDP10-18","Sc: Dmi, msc: Supernova, no sfx, Next: [TDP10-19]"," It's no problem. Just enjoy it. Thanks for being my last customer."," Τίποτα, καλή απόλαυση. Ευχαριστώ που ήσουν η τελευταία μου πελάτισσα."
"TDP10-19","Sc: Aiyana, msc: Supernova, sfx: ALYANA1, Next: [TDP10-20]","For what it's worth I think they deserve to know. There isn’t much time left. ","Πάντως, πιστεύω ότι έχει δικαίωμα να το μάθει. Δεν έχεις πολύ χρόνο ακόμα. "
"TDP10-20","Sc: Aiyana, msc: Supernova, sfx: ALYANA3, Next: [TDP10-21]","I don’t think anyone should go out with regrets.","Κανείς δεν πρέπει να πεθαίνει μετανιώνοντας για κάτι. "
"TDP10-21","No Sc, msc: Supernova, no sfx, Next: [TDP10-22]","Xey go over to the door.","Κοντοστέκεται στην πόρτα."
"TDP10-22","Sc: Aiyana, msc: Supernova, sfx: ALYANA2, Next: [TDP10-22b]","Also take out the batteries in that smoke alarm. You don’t have to be in hell already jeez. ","Και βγάλε τις μπαταρίες από τον συναγερμό. Δεν χρειάζεται να είσαι ήδη στην κόλαση, έλεος. "
"TDP10-22b","No Sc, msc: Supernova, sfx: Door_Chime,Door_Close, Next: [D3D-15a]","-door opens and closes with a chime-","-η πόρτα ανοιγει και κλείνει κουδουνίζοντας-"
"D3D-15a","No Sc, msc: Supernova, no sfx, Next: [D3D-15]","I grab my broom and give the smoke alarm a solid SMACK.","Πιάνω τη σκούπα μου και ρίχνω μία καλή στον ανιχνευτή."
"D3D-15","No Sc, msc: Supernova, no sfx, Next: [D3D-16]","The thing falls to the ground. Aiyana was right about how annoying the noise is when you’re not ignoring it.","Πέφτει στο πάτωμα. Είχε δίκιο. Ο θόρυβος γινόταν τρομερά ενοχλητικός με το που έπαυες να τον αγνοείς."
"D3D-16","No Sc, msc: Supernova, no sfx, Next: [D3D-16b]","Time passes.","Η ώρα περνάει."
"D3D-16b","No Sc, msc: Supernova, sfx: Text_1, Next: [PON-1,POP-1]","-phone chimes-","-κουδουνίζει το τηλέφωνο-"
"D3D-16b-Option-1","No Sc, msc: Supernova, sfx: Text_1, Next: [PON-1,POP-1]","",""
"D3D-16b-Option-2","No Sc, msc: Supernova, sfx: Text_1, Next: [PON-1,POP-1]D3D-16b-Option-2","",""
"PON-1","No Sc, msc: BracingForImpact, no sfx, Next: [PON-2]","It's Cassiopeia.","Είναι η Κασσιόπη."
"PON-2","No Sc, msc: BracingForImpact, no sfx, Next: [PON-3]","I pick up my phone but put it back down.","Σηκώνω το τηλέφωνό μου αλλά το ξαναφήνω κάτω."
"PON-3","Sc: Dmi, msc: BracingForImpact, no sfx, Next: [PON-4]"," Sorry Cassie. Just focus on getting out of here."," Συγγνώμη, Κάσι. Απλώς κοίτα να φύγεις από δω."
"PON-4","No Sc, msc: BracingForImpact, no sfx, Next: [PON-5]","A sinking feeling forms in my stomach as I realize she stopped because its time for her to make her space jump.","Νιώθω ένα κενό στο στομάχι μου καθώς συνειδητοποιώ ότι σταμάτησε επειδή ήρθε η στιγμή να κάνει το διαστημικό άλμα."
"PON-5","No Sc, msc: BracingForImpact, no sfx, Next: [PON-6]","She gave up.","Τα παράτησε."
"PON-6","No Sc, msc: BracingForImpact, no sfx, Next: [PON-7]","I thought I could handle this.","Νόμιζα ότι μπορούσα να το αντέξω."
"PON-7","No Sc, msc: BracingForImpact, no sfx, Next: [PON-8]","I thought I would be fine.","Νόμιζα ότι θα ήμουν εντάξει."
"PON-8","No Sc, msc: BracingForImpact, no sfx, Next: [PON-9]","Maybe it would have been better to just tell her. She must have cared if she wanted to speak to me so badly.","Ίσως να ήταν καλύτερα αν της το έλεγα. Μάλλον νοιαζόταν, για να ήθελε να μου μιλήσει τόσο απεγνωσμένα."
"PON-9","No Sc, msc: BracingForImpact, no sfx, Next: [PON-10]","I pull up a chair next to the window and take a seat.","Τραβάω μια καρέκλα δίπλα στο παράθυρο και κάθομαι."
"PON-10","No Sc, msc: Supernova, no sfx, Next: [PON-11]","Cosmic Fuel the place to fill to your heart’s content… ","Στο Cosmic Fuel, όπου μπορείς να γεμίσεις όσο τραβάει η καρδιά σου… "
"PON-11","No Sc, msc: Supernova, no sfx, Next: [PON-12]","Now it is the place where my heart feels the most empty. ","Τώρα, εδώ, νιώθω την καρδιά μου πιο άδεια από ποτέ. "
"PON-12","No Sc, msc: BracingForImpact, no sfx","I’m an idiot.","Είμαι βλαμμένο."
"POP-1","No Sc, msc: Supernova, no sfx, Next: [POP-2]","It's time to stop beating around the bush.","Ώρα να σταματήσω να υπεκφεύγω."
"POP-2","Sc: Cassiopeia, on phone, msc: Supernova, sfx: Text_4_vibrate, Next: [POP-3]","Dmi you’re actually scaring me. Why aren’t you answering? ","Ντμι, με τρομάζεις. Γιατί δεν μου απαντάς; "
"POP-3","Sc: Dmi, on phone, msc: Supernova, no sfx, Next: [POP-4]","I can’t go to the Space Port.","Δεν μπορώ να έρθω στο Διαστημοδρόμιο."
"POP-4","No Sc, msc: Supernova, no sfx, Next: [POP-5]","Silence.","Σιωπή."
"POP-5","Sc: Cassiopeia, on phone, msc: Supernova, sfx: Text_4_vibrate, Next: [POP-6]"," Are u at home?"," Είσαι σπίτι;"
"POP-6","Sc: Dmi, on phone, msc: Supernova, no sfx, Next: [POP-7]"," No."," Όχι."
"POP-7","No Sc, msc: Supernova, no sfx, Next: [POP-8]","Silence.","Σιωπή."
"POP-8","Sc: Cassiopeia, on phone, msc: Supernova, sfx: Text_4_vibrate, Next: [POP-9]"," Give me a few minutes."," Δώσε μου μερικά λεπτά."
"POP-9","Sc: Dmi, on phone, msc: Supernova, no sfx, Next: [POP-10]"," What"," Τι…"
"POP-10","No Sc, msc: Supernova, no sfx, Next: [POP-11]","Cassiopeia stops replying.","Η Κασσιόπη σταματά να μου απαντά."
"POP-11","No Sc, msc: Supernova, no sfx, Next: [POP-12]","I stare at my phone before typing a few more replies.","Κοιτάζω το κινητό μου πριν της στείλω μερικά ακόμα μηνύματα."
"POP-12","No Sc, msc: Supernova, no sfx, Next: [POP-13]","Nothing.","Τίποτα."
"POP-13","No Sc, msc: Supernova, no sfx, Next: [POP-14]","Is she mad at me? I know this has gotta take the prize for one of the worst things to ever tell someone.","Μου θύμωσε; Το ξέρω ότι αυτό παίζει να είναι ό,τι χειρότερο μπορεί να σου πει ποτέ κανείς."
"POP-14","No Sc, msc: Supernova, no sfx, Next: [POP-15]","Crap.","Σκατά."
"POP-15","No Sc, msc: Supernova, no sfx, Next: [POP-16]","I should have just come clean earlier. Of course she’s not going to take this well. WHO WOULD? ","Έπρεπε να της το είχα πει νωρίτερα. Προφανώς και δεν το πήρε καλά. ΠΟΙΟΣ ΘΑ ΤΟ ΕΠΑΙΡΝΕ ΚΑΛΑ; "
"POP-16","No Sc, msc: Supernova, no sfx, Next: [POP-16b]","I place my face in my hands and groan. For some reason the entire universe has been shooting me signs to just come clean and here I am a few hours from Doomsday and I just-- ","Βάζω το κεφάλι μου στα χέρια μου και βγάζω ένα βογκητό. Για κάποιον λόγο, ολόκληρο το σύμπαν μού δείχνει ότι πρέπει να μιλήσω, αλλά να που είναι λίγες ώρες πριν το τέλος του κόσμου κι εγώ απλώς...  "
"POP-16b","No Sc, msc: Supernova, sfx: Door_Chime,Door_Open, Next: [POP-17]","-door opens and chimes-","-η πόρτα ανοίγει και κουδουνίζει- "
"POP-17","Sc: Dmi, msc: Supernova, no sfx, Next: [POP-18]"," Huh?"," Ε;"
"POP-18","No Sc, msc: BracingForImpact, no sfx, Next: [POP-19]","Every atom in my body freezes as I look at the panting figure standing in the doorway.","Κάθε άτομο του σώματός μου παγώνει καθώς κοιτάζω τη φιγούρα που στέκεται λαχανιασμένη στην είσοδο του μαγαζιού."
"POP-19","Sc: Dmi, msc: BracingForImpact, no sfx, Next: [POP-20]","C-Cassiopeia…?","Κ-Κασσιόπη;"
"POP-20","Sc: Cassiopeia, msc: BracingForImpact, sfx: CASS1, Next: [POP-21]","You don’t know how hard it was for me to get here in the time I had left.","Δεν καταλαβαίνεις πόσο δύσκολο ήταν να έρθω εδώ με τον χρόνο που μου απέμεινε."
"POP-21","No Sc, msc: BracingForImpact, no sfx, Next: [POP-22]","She punches me immediately.","Μου ρίχνει αμέσως μια μπουνιά."
"POP-22","Sc: Dmi, msc: BracingForImpact, no sfx, Next: [POP-23]"," Ow! Cassie!"," Άου! Κάσι!"
"POP-23","No Sc, msc: BracingForImpact, no sfx, Next: [POP-24]","She punches me again.","Μου ρίχνει άλλη μία."
"POP-24","Sc: Cassiopeia, msc: BracingForImpact, sfx: CASS2, Next: [POP-25]","Don’t “Ow” me! YOU WOULD PICK NOW OUT OF ALL TIMES TO TELL ME YOU WEREN’T ABLE TO GET CLEARED FOR A SPACE JUMP?","Μη μου λες ""άου"" εμένα! ΤΩΡΑ ΒΡΗΚΕΣ ΝΑ ΜΟΥ ΠΕΙΣ ΟΤΙ ΔΕΝ ΜΠΟΡΕΣΕΣ ΝΑ ΠΑΡΕΙΣ ΑΔΕΙΑ ΓΙΑ ΝΑ ΚΑΝΕΙΣ ΔΙΑΣΤΗΜΙΚΟ ΑΛΜΑ;"
"POP-25","No Sc, msc: BracingForImpact, no sfx, Next: [POP-26]","She’s fuming understandably so. ","Είναι έξαλλη, και με το δίκιο της. "
"POP-26","Sc: Dmi, msc: BracingForImpact, no sfx, Next: [POP-27]","I’m sorry! I didn’t want you to worry about me!","Συγγνώμη, αλήθεια. Δεν ήθελα να σε ανησυχήσω."
"POP-27","Sc: Dmi, msc: BracingForImpact, no sfx, Next: [POP-28]","Also things just weren’t the best. I…didn’t see how things would get better even if I found a way to go. ","Επίσης, τα πράγματα δεν ήταν και ό,τι καλύτερο. Δεν...  Δεν έβλεπα καμία ελπίδα να αλλάξει κάτι, ακόμα κι αν έβρισκα τρόπο να φύγω. "
"POP-28","No Sc, msc: BracingForImpact, no sfx, Next: [POP-29]","Cassiopeia relaxes.","Η Κασσιόπη χαλαρώνει."
"POP-29","Sc: Cassiopeia, msc: BracingForImpact, sfx: Cassie_Short, Next: [POP-30]"," Is anyone else here?"," Είναι κανείς άλλος εδώ;"
"POP-30","Sc: Dmi, msc: BracingForImpact, no sfx, Next: [POP-31]"," It's just me."," Μόνο εγώ."
"POP-31","Sc: Cassiopeia, msc: BracingForImpact, sfx: CASS4, Next: [POP-32]"," Do you guys sell Chai here?"," Έχετε τσάι λάττε εδώ;"
"POP-32","No Sc, msc: BracingForImpact, no sfx, Next: [POP-33a]","Chai has always been Cassiopeia’s choice for an end-of-the-world drink. We’ve had too many late-night “What-if?” conversations for me to not remember.","Το τσάι πάντα ήταν η πρώτη επιλογή της ως το ιδανικό ρόφημα για το τέλος του κόσμου. Έχουμε περάσει τόσα και τόσα βράδια φτιάχνοντας σενάρια... Μου ήταν αδύνατο να μην το θυμάμαι."
"POP-33a","Sc: Dmi, msc: BracingForImpact, sfx: , Next: [POP-33]","I’ll get that for you.","Θα σου φέρω εγώ."
"POP-33","Sc: Cassiopeia, msc: BracingForImpact, sfx: Cassie_Short, Next: [POP-34]"," Thanks Dmi."," Ευχαριστώ."
"POP-34","No Sc, msc: BracingForImpact, no sfx, Next: [POP-35]","I change the settings of the hot drink machine to Chai and watch as the warm drink pours into the cup.","Αλλάζω το μηχάνημα για τα ζεστά ροφήματα σε ""τσάι"" και το κοιτάω καθώς γεμίζει σιγά-σιγά το ποτήρι. "
"POP-35","No Sc, msc: BracingForImpact, no sfx, Next: [POP-36]","I place the cup down on the counter in front of me and push it toward her.","Αφήνω το ποτήρι στον πάγκο μπροστά μου και το σπρώχνω προς το μέρος της."
"POP-36","Sc: Cassiopeia, msc: BracingForImpact, sfx: Cassie_Short, Next: [POP-37]"," Dmi come. "," Ντμι, έλα. "
"POP-37","No Sc, msc: BracingForImpact, no sfx, Next: [POP-38]","She moves over to the window with her Chai in hand. I grab my chair and an extra from behind the counter and drag them over to her.","Πηγαίνει προς το παράθυρο, με το τσάι στο χέρι. Παίρνω την καρέκλα μου και μία ακόμη από πίσω από τον πάγκο και τις σέρνω προς το μέρος της."
"POP-38","No Sc, msc: BracingForImpact, no sfx, Next: [POP-38b]","She takes a long sip of her drink before sitting down.","Πίνει μια μεγάλη γουλιά και μετά κάθεται."
"POP-38b","No Sc, msc: BracingForImpact, sfx: Smoke_Detector_Beep_2, Next: [POP-39]","-smoke alarm chirps-","-ο ανιχνευτής καπνού κουδουνίζει-"
"POP-39","No Sc, msc: BracingForImpact, no sfx, Next: [POP-40]","Cassiopeia searches for the sound. I grab a nearby broom.","Η Κασσιόπη ψάχνει να βρει από πού έρχεται ο ήχος. Πιάνω μια σκούπα από δίπλα."
"POP-40","Sc: Dmi, msc: BracingForImpact, no sfx, Next: [POP-41]"," Give me a second."," Δώσ' μου μισό."
"POP-41","No Sc, msc: BracingForImpact, no sfx, Next: [POP-42]","I land a solid SMACK at the smoke alarm and watch as it falls to pieces.","Ρίχνω μια γερή στον ανιχνευτή και τον βλέπω να θρυμματίζεται."
"POP-42","No Sc, msc: BracingForImpact, no sfx, Next: [POP-43]","Cassiopeia doesn’t say a word as I bring myself next to her.","Η Κασσιόπη παραμένει αμίλητη καθώς πλησιάζω δίπλα της. "
"POP-43","Sc: Cassiopeia, msc: BracingForImpact, sfx: Cassie_Short, Next: [POP-44]","As I was saying…","Όπως έλεγα…"
"POP-44","Sc: Cassiopeia, msc: BracingForImpact, sfx: CASS4, Next: [POP-45]"," Did you ever think about what happens after the supernova if you never told me?"," Σκέφτηκες ποτέ τι θα γινόταν μετά τον σουπερνόβα αν δεν μου το έλεγες ποτέ;"
"POP-45","Sc: Dmi, msc: BracingForImpact, no sfx, Next: [POP-46]","You’d carry on without me. Probably. Cassie you’re not even going to make it back in time! ","Θα ζούσες χωρίς εμένα. Μάλλον. Κάσι, δεν θα προλάβεις να γυρίσεις εγκαίρως! "
"POP-46","No Sc, msc: BracingForImpact, no sfx, Next: [POP-47]","Cassiopeia doesn’t answer. She takes another sip of her cheap gas station Chai.","Η Κασσιόπη δεν απαντά. Πίνει άλλη μία γουλιά από το, ας το πούμε, τσάι της."
"POP-47","Sc: Cassiopeia, msc: BracingForImpact, sfx: CASS3, Next: [POP-48]","Nice try. Dmi you’re one of the most important people to me. ","Καλή προσπάθεια. Ντμι, είσαι ένα από τα πιο σημαντικά άτομα της ζωής μου. "
"POP-48","Sc: Cassiopeia, msc: BracingForImpact, sfx: CASS1, Next: [POP-49]","I’m here because I want to be here with you!","Είμαι εδώ επειδή θέλω να είμαι εδώ μαζί σου!"
"POP-49","Sc: Dmi, msc: BracingForImpact, no sfx, Next: [POP-50]"," Cass--"," Κασ…"
"POP-50","Sc: Cassiopeia, msc: BracingForImpact, sfx: CASS2, Next: [POP-51]"," You have been giving me the slip for days and I knew something was up!"," Έχει μέρες τώρα που με αποφεύγεις, το ήξερα ότι κάτι δεν πάει καλά!"
"POP-51","No Sc, msc: BracingForImpact, no sfx, Next: [POP-52]","Tears well up in my eyes. I can’t help it.","Βουρκώνω. Δεν μπορώ να το αποφύγω."
"POP-52","Sc: Cassiopeia, msc: BracingForImpact, sfx: Cassie_Short, Next: [POP-53]","Dmi? Come on…","Ντμι; Έλα τώρα..."
"POP-53","No Sc, msc: BracingForImpact, no sfx, Next: [POP-54]","She takes me into her arms before she wipes at my tears. She holds my face in her hands. I can’t pinpoint the emotion I see in her face.","Με παίρνει αγκαλιά και σκουπίζει τα δάκρυα στα μάτια μου. Κρατάει το πρόσωπό μου στα χέρια της. Δεν μπορώ να καταλάβω τι είναι το συναίσθημα που βλέπω στο πρόσωπό της."
"POP-54","No Sc, msc: BracingForImpact, no sfx, Next: [POP-55]","Was it pity?","Λύπηση;"
"POP-55","Sc: Cassiopeia, msc: BracingForImpact, sfx: CASS1, Next: [POP-56]","I want to be here with you. Don’t cry.","Θέλω να είμαι εδώ μαζί σου. Μην κλαις."
"POP-56","No Sc, msc: BracingForImpact, no sfx, Next: [POP-57]","…love? Was that it?","…Αγάπη; Αυτό είναι;"
"POP-57","Sc: Dmi, msc: BracingForImpact, no sfx, Next: [POP-58]"," I wish we had more time. I wish we could have done more things together or had a chance to just live in another galaxy. Or at least you should be able to leave-- "," Μακάρι να είχαμε περισσότερο χρόνο. Μακάρι να μπορούσαμε να κάνουμε περισσότερα πράγματα μαζι ή να μπορούσαμε να ζήσουμε σε άλλον γαλαξία. Ή τουλάχιστον να μπορούσες να φύγεις εσύ... "
"POP-58","No Sc, msc: BracingForImpact, no sfx, Next: [POP-59]","Cassiopeia wipes at my tears some more. I see her own tears threaten to fall.","Η Κασσιόπη μου σκουπίζει ξανά τα δάκρυα. Βλέπω ότι κι αυτή έχει βουρκώσει."
"POP-59","Sc: Cassiopeia, msc: BracingForImpact, sfx: CASS3, Next: [POP-60]","I don’t want to leave without you.","Δεν θέλω να φύγω χωρίς εσένα."
"POP-60","No Sc, msc: BracingForImpact, no sfx, Next: [POP-60b]","I wipe at my own tears.","Σκουπίζω τα δάκρυά μου."
"POP-60b","No Sc, msc: BracingForImpact, sfx: Text_1, Next: [TPOP-1]","-phone chimes-","-κουδουνίζει το τηλέφωνο-"
"TPOP-1","No Sc, on phone, msc: BracingForImpact, no sfx, Next: [POP-61]","SUPERNOVA IMMINENT. EVACUATE IMMEDIATELY.","ΕΠΙΚΕΙΜΕΝΟΣ ΣΟΥΠΕΡΝΟΒΑ. ΕΚΚΕΝΩΣΤΕ ΑΜΕΣΩΣ."
"TPOP-2"," ""added missing string""","!!! DEIMOS MOON WARNING !!!","!!! ΠΡΟΣΟΧΗ - ΔΟΡΥΦΟΡΟΣ ΔΕΙΜΟΣ !!!"
"POP-61","Sc: Dmi, msc: BracingForImpact, no sfx, Next: [POP-62]","A little late for that isn’t it?","Δεν είναι κάπως αργά γι' αυτό;"
"POP-62","No Sc, msc: BracingForImpact, no sfx, Next: [POP-63]","I scoot my chair closer to Cassiopeia. She’s a beacon in this time where I thought I would be alone.","Φέρνω την καρέκλα μου πιο κοντά στην Κασσιόπη. Είναι σαν φάρος σε μια τέτοια στιγμή, που νόμιζα ότι θα είμαι μόνο μου."
"POP-63","No Sc, msc: BracingForImpact, no sfx, Next: [POP-64]","I didn’t think I would be ready for this. I still don’t think I am.","Δεν περίμενα να είμαι έτοιμο γι' αυτό. Ακόμα δεν νομίζω ότι είμαι."
"POP-64","No Sc, msc: BracingForImpact, no sfx, Next: [POP-65]","Cassiopeia takes my hand and smiles as she gives it a squeeze.","Η Κασσιόπη μού πιάνει το χέρι και χαμογελάει σφίγγοντάς το."
"POP-65","No Sc, msc: BracingForImpact, no sfx, Next: [POP-66]","Okay…","Οκέι…"
"POP-66","No Sc, msc: BracingForImpact, no sfx, Next: [POP-67]","Alright…","Εντάξει…"
"POP-67","Sc: Dmi, msc: BracingForImpact, no sfx, Next: [POP-68]","Thank you Cassie. ","Σ' ευχαριστώ, Κάσι. "
"POP-68","No Sc, msc: BracingForImpact, no sfx, Next: [POP-69]","She chuckles somehow she’s still smug even now. ","Χασκογελάει. Ακόμα και τώρα έχει ένα μειδίαμα στα χείλη. "
"POP-69","Sc: Cassiopeia, msc: BracingForImpact, sfx: Cassie_Short, Next: [POP-70]"," I love you too Dmi. "," Κι εγώ σ' αγαπώ, Ντμι. "
"POP-70","No Sc, msc: BracingForImpact, no sfx, Next: [POP-71]","I return her laugh as our world goes white.","Της χαμογελάω κι εγώ, καθώς ο κόσμος μας διαγράφεται."
"POP-71","No Sc, msc: BracingForImpact, no sfx","I was never really alone.","Δεν ήμουν ποτέ μόνο μου, τελικά."
