"location","context","source","target"
"O1","No Sc, msc: SupernovaAlt, no sfx, Next: [O2]","The Solar System. We all know it well. Home to an indescribable number of lifeforms across each planet.","Sistemul Solar. Îl cunoaștem cu toții. Adăpost pentru nenumărate forme de viață, pe fiecare planetă."
"O2","No Sc, msc: SupernovaAlt, no sfx, Next: [O3]","That doesn’t matter much anymore. The Solar System is reaching its end and our Sun is reaching the end of its days. From Mercury to Uranus (Justice for Pluto) people are evacuating to escape the incoming supernova.","Asta nu prea mai contează acum. Sistemul Solar se apropie de sfârșit, iar Soarele nostru își trăiește ultimele clipe. De la Mercur la Uranus (Dreptate pentru Pluto), oamenii fug din calea supernovei."
"O3","No Sc, msc: SupernovaAlt, no sfx, Next: [O4]","and I’m clocking in.","iar eu mă prezint la datorie."
"O4","No Sc, msc: SupernovaAlt, no sfx, Next: [O5a]","It's a slow day. Not that it wasn’t expected or anything. A lot of people have evacuated already, or they just want to spend their money elsewhere besides our dingy gas station. ","E o zi fără agitație. Nu că ar fi vreo surpriză. Majoritatea au plecat deja sau preferă să‑și cheltuiască banii în alt loc, nu la benzinăria noastră dărăpănată. "
"O5a","No Sc, msc: SupernovaAlt, sfx: Text_1, Next: [O5b]","-phone chimes-","- se aude telefonul -"
"O5b","No Sc, msc: SupernovaAlt, sfx: , Next: [T1]","Crap.","La naiba."
"T1","Sc: Cassiopeia, on phone, msc: SupernovaAlt, sfx: Pocket_Swoosh_1, Next: [TDN1-1,TDP1-1]","Hey, did you finish packing?","Ei, ai terminat de făcut bagajele?"
"T1-Option-1","Sc: Cassiopeia, on phone, msc: SupernovaAlt, sfx: Pocket_Swoosh_1, Next: [TDN1-1,TDP1-1]","Yeah. (Lie)","Da. Minte"
"T1-Option-2","Sc: Cassiopeia, on phone, msc: SupernovaAlt, sfx: Pocket_Swoosh_1, Next: [TDN1-1,TDP1-1]","No, I’m at work right now.","Nu, sunt la muncă acum."
"TDN1-1","Sc: Dmi, on phone, msc: SupernovaAlt, no sfx, Next: [TDN1-2]","Yeah. Just handling some things right now.","Da. Rezolv niște chestii acum."
"TDN1-2","Sc: Cassiopeia, on phone, msc: SupernovaAlt, sfx: Text_4_vibrate, Next: [TDN1-3]","Are you home? I can swing by your place to help.","Ești acasă? Pot să trec pe la tine să te ajut."
"TDN1-3","Sc: Dmi, on phone, msc: SupernovaAlt, no sfx, Next: [ROD1-1]","No, its fine. I’m at work. The grind doesn’t stop.","Nu, e în regulă. Sunt la muncă. Munca nu se oprește niciodată."
"TDP1-1","Sc: Dmi, on phone, msc: SupernovaAlt, no sfx, Next: [TDP1-2]","I’m on the grind right now. I’ll see about that later.","Sunt la serviciu acum. O să mă ocup de asta mai târziu."
"TDP1-2","Sc: Cassiopeia, on phone, msc: SupernovaAlt, sfx: Text_4_vibrate, Next: [TDP1-3]","Dmi the SUN is gonna explode!?!?!?!","Amd, SOARELE o să explodeze!?!?!?!"
"TDP1-3","Sc: Dmi, on phone, msc: SupernovaAlt, no sfx, Next: [ROD1-1]","Yeah, and my account is gonna overdraft.","Da, și contul meu o să intre pe minus."
"ROD1-1","Sc: Rob, msc: SupernovaAlt, sfx: Rob_Short, Next: [D1D-1]","Dmi!","Amd!"
"D1D-1","No Sc, msc: SupernovaAlt, sfx: PhoneHangUp, Next: [DD1-1]","I jump from my seat and slam my phone onto the side of the counter.","Sar de pe scaun și trântesc telefonul de marginea tejghelei."
"DD1-1","Sc: Dmi, msc: SupernovaAlt, no sfx, Next: [D1D-2]","I wasn’t on my phone!","Nu vorbeam la telefon!"
"D1D-2","No Sc, msc: SupernovaAlt, sfx: RobHuff2, Next: [ROD1-2]","Rob huffs.","Rob oftează."
"ROD1-2","Sc: Rob, msc: SupernovaAlt, sfx: ROB2, Next: [FOD1-1]","I’m not your mother. I’m heading out, but I’m gonna leave Flubber with you.","Nu sunt mama ta. Eu plec acum, dar o s-o las pe Pisigel cu tine."
"FOD1-1","No Sc, msc: SupernovaAlt, sfx: FLUBBER1, Next: [DD1-2]","Flubber meows","Pisigel miaună"
"DD1-2","Sc: Dmi, msc: SupernovaAlt, no sfx, Next: [ROD1-3]","Come on, Rob. What am I? A cat-sitter? and on company time?","Haide, Rob. Ce sunt? Babysitter pentru pisici? și în timpul programului de lucru al firmei?"
"ROD1-3","Sc: Rob, msc: SupernovaAlt, sfx: ROB3, Next: [DD1-3]","Well, I’ll dock your pay if you don’t!","Îți voi tăia din salariu dacă nu o faci!"
"DD1-3","Sc: Dmi, msc: SupernovaAlt, no sfx, Next: [ROD1-4]","Don’t you do that already?","Nu o faci deja?"
"ROD1-4","Sc: Rob, msc: SupernovaAlt, no sfx, Next: [DD1-4]","...","......"
"DD1-4","Sc: Dmi, msc: SupernovaAlt, no sfx, Next: [ROD1-5]","...","......"
"ROD1-5","Sc: Rob, msc: SupernovaAlt, sfx: Rob_Short, Next: [ROD1-6]","...anyways.","...în fine."
"ROD1-6","Sc: Rob, msc: SupernovaAlt, sfx: ROB3, Next: [ROD1-7]","I gotta help my mom pack, and Flubber likes to play in boxes.","Trebuie să o ajut pe mama să împacheteze, iar lui Pisigel îi place să se joace în cutii."
"ROD1-7","Sc: Rob, msc: SupernovaAlt, sfx: ROB2, Next: [FD1-1]","Besides, she likes you anyway!","Și, în afară de asta, îi place de tine!"
"FD1-1","Sc: Flubber, msc: SupernovaAlt, sfx: FLUBBER2, Next: [ROD1-8]","Meow","Miau"
"ROD1-8","Sc: Rob, msc: SupernovaAlt, sfx: Rob_Short, Next: [DD1-5]","See?","Vezi?"
"DD1-5","Sc: Dmi, msc: SupernovaAlt, no sfx, Next: [ROD1-9]","Fine...","OK..."
"ROD1-9","Sc: Rob, msc: SupernovaAlt, sfx: ROB1, Next: [ROD1-10]","Thanks! Thats why I always tell people we need more Dmis at Cosmic Fuel!","Mersi! De asta le spun tuturor că avem nevoie de mai mulți Amd la Cosmic Fuel!"
"ROD1-10","No Sc, msc: SupernovaAlt, sfx: Door_Chime,Door_Close, Next: [D1D-3]","-door opens and chimes-","-clopoțelul sună și ușa se deschide-"
"D1D-3","No Sc, msc: SupernovaAlt, no sfx, Next: [D1D-4]","Ugh, Rob’s always piling stuff on me like this.","Of, Rob tot îmi pune în cârcă chestii din astea."
"D1D-4","No Sc, msc: SupernovaAlt, no sfx, Next: [CalderEnter]","I stare at my phone. I shouldn’t leave Cassie hanging…","Mă uit la telefonul meu. Nu ar trebui să o las pe Cassie să aștepte…"
"CalderEnter","No Sc, msc: SupernovaAlt, sfx: Door_Chime,Door_Open, Next: [D1D-5]","-door opens and chimes-","-clopoțelul sună și ușa se deschide-"
"D1D-5","No Sc, msc: SupernovaAlt, no sfx, Next: [D1D-6]","Cassiopeia’s got to wait.","Cassiopeia va trebui să aștepte."
"D1D-6","No Sc, msc: SupernovaAlt, no sfx, Next: [DD1-6]","The customer before me nods her head to the beat coming from her headphones. He sizes up the shelves. Almost looks like he has the intention of cleaning out our stock.","Clientul din fața mea dă din cap în ritmul muzicii care se aude în căști. Se uită atent la rafturi. Parcă are de gând să ne lase fără marfă."
"DD1-6","Sc: Dmi, msc: SupernovaAlt, no sfx, Next: [CAD-1]","Uh, do you need anything?","Ăăăă, doriți ceva?"
"CAD-1","Sc: Calder, msc: SupernovaAlt, sfx: Calder_Short, Next: [D1D-7]","What!?","Ce!?"
"D1D-7","No Sc, msc: SupernovaAlt, no sfx, Next: [DD1-7]","What type of music is that? R&B? Retro R&B?","Ce fel de muzică este? R&B? Retro R&B?"
"DD1-7","Sc: Dmi, msc: SupernovaAlt, no sfx, Next: [CAD-2]","DO YOU NEED ANYTHING?","DORIȚI CEVA?"
"CAD-2","Sc: Calder, msc: SupernovaAlt, sfx: CALDER2, Next: [DD1-8]","DO I WHAT? I’M NOT GOOD AT READING LIPS!","CE SĂ FAC? NU MĂ PRICEP SĂ CITESC PE BUZE!"
"DD1-8","Sc: Dmi, msc: SupernovaAlt, no sfx, Next: [CAD-3]","TURN IT DOWN!","DĂ MAI ÎNCET!"
"CAD-3","Sc: Calder, msc: SupernovaAlt, sfx: Calder_Short, Next: [D1D-8]","Oh!","Oo!"
"D1D-8","No Sc, msc: SupernovaAlt, no sfx, Next: [CAD-4]","She adjusts the volume of her headphones.","Își reglează volumul căștilor."
"CAD-4","Sc: Calder, msc: SupernovaAlt, sfx: CALDER1, Next: [CAD-5]","Sorry, I sometimes forget to just turn off the music.","Scuze, uneori uit să închid muzica."
"CAD-5","Sc: Calder, msc: SupernovaAlt, sfx: CALDER3, Next: [DD1-9a,DD1-11a]","Do you have a Doomsday sale going on?","Aveți vreo promoție de… Apocalipsă?"
"CAD-5-Option-1","Sc: Calder, msc: SupernovaAlt, sfx: CALDER3, Next: [DD1-9a,DD1-11a]","Doomsday Sale?","Promoție de Apocalipsă?"
"CAD-5-Option-2","Sc: Calder, msc: SupernovaAlt, sfx: CALDER3, Next: [DD1-9a,DD1-11a]","Sure, if you just take it.","Sigur, dacă cumpărați ceva."
"DD1-9a","Sc: Dmi, msc: SupernovaAlt, no sfx, Next: [DD1-9b]","Doomsday Sale?","Promoție de Apocalipsă?"
"DD1-9b","Sc: Dmi, msc: SupernovaAlt, no sfx, Next: [CAD-6]","We’re supposed to have one?","Ar trebui să avem așa ceva?"
"CAD-6","Sc: Calder, msc: SupernovaAlt, sfx: CALDER2, Next: [D1D-9]","Well, why not? I looked it up on Froogle.","De ce nu? M-am uitat pe Froogle."
"D1D-9","No Sc, msc: SupernovaAlt, no sfx, Next: [DD1-10]","I sigh. She’s one of those customers.","Oftez. E una din acei clienți."
"DD1-10","Sc: Dmi, msc: SupernovaAlt, no sfx, Next: [CAD-9]","Sorry, there are no Doomsday promotions going on. If you cash in with your Cosmic membership that’ll take a few luncos off.","Îmi pare rău, nu avem promoții de Apocalipsă. Dacă folosiți abonamentul dumneavoastră Cosmic, veți avea reducere câțiva luncoși."
"DD1-11a","Sc: Dmi, msc: SupernovaAlt, no sfx, Next: [DD1-11b]","Sure, if you just take it.","Sigur, dacă cumpărați ceva."
"DD1-11b","Sc: Dmi, msc: SupernovaAlt, no sfx, Next: [D1D-10]","It’ll be 100% off then.","Atunci va fi 100%."
"D1D-10","No Sc, msc: SupernovaAlt, no sfx, Next: [CAD-7]","Calder’s eyes widen.","Calder face ochii mari."
"CAD-7","Sc: Calder, msc: SupernovaAlt, sfx: CALDER1, Next: [D1D-11]","Really? I can just take it?","Serios? Pot să o iau?"
"D1D-11","No Sc, msc: SupernovaAlt, no sfx, Next: [DD1-12]","Excitement spreads across his face.","Chipul i se luminează de entuziasm."
"DD1-12","Sc: Dmi, msc: SupernovaAlt, no sfx, Next: [D1D-12]","No.","Nu."
"D1D-12","No Sc, msc: SupernovaAlt, no sfx, Next: [CAD-8]","Her smile fades.","Zâmbetul îi dispare."
"CAD-8","Sc: Calder, msc: SupernovaAlt, sfx: Calder_Short, Next: [D1D-13]","Aww man.","Of."
"D1D-13","No Sc, msc: SupernovaAlt, sfx: Calder_Grunt3, Next: [CAD-9]","He huffs.","Pufnește."
"CAD-9","Sc: Calder, msc: SupernovaAlt, sfx: CALDER1, Next: [DD1-13]","Alright then, can I put 400 Luncos on pump 2, and what type of fizzy drinks do you have? You’ve gotta have a 2-for-1 deal here.","Bine atunci, pot să pun 400 de luncoși la pompa 2? Și ce fel de băuturi carbogazoase aveți? Trebuie să aveți o ofertă de 2 la preț de 1."
"DD1-13","Sc: Dmi, msc: SupernovaAlt, no sfx, Next: [CalderShopChoice]","Hold on, I think I have something in mind.","Stați puțin, am o idee."
"CalderShopChoice","No Sc, msc: SupernovaAlt, no sfx, Next: [TDP2-1,TDN2-1]","Select an item in the shop","Alege un obiect din magazin"
"CalderShopChoice-Option-1","No Sc, msc: SupernovaAlt, no sfx, Next: [TDP2-1,TDN2-1]","",""
"CalderShopChoice-Option-2","No Sc, msc: SupernovaAlt, no sfx, Next: [TDP2-1,TDN2-1]CalderShopChoice-Option-2","",""
"TDP2-1","No Sc, msc: SupernovaAlt, no sfx, Next: [TDP2-2]","Her eyes light up from the soda in my hand.","Ochii i se luminează când vede sucul din mâna mea."
"TDP2-2","Sc: Calder, msc: SupernovaAlt, sfx: CALDER1, Next: [TDP2-3]","You guys carry Deia Deia Soda!? I have a coupon for those!","Aveți Deia Deia Cola? Am un cupon pentru asta!"
"TDP2-3","No Sc, msc: SupernovaAlt, no sfx, Next: [TDP2-4]","He pulls out a comically large coupon book and flips through the pages. She passes a coupon with a picture of Deia Deia Soda.","Scoate un carnețel de cupoane ridicol de gros și răsfoiește paginile. Scoate un cupon cu o poză cu Deia Deia Cola."
"TDP2-4","Sc: Dmi, msc: SupernovaAlt, no sfx, Next: [TDP2-5a]","Huh. I guess you do. I’ll ring you up.","Ce? Chiar aveți. Îl trec la casă."
"TDP2-5a","No Sc, msc: SupernovaAlt, sfx: CashRegister, Next: [TDP2-5]","-register chimes-","-se aude casa de marcat-"
"TDP2-5","Sc: Calder, msc: SupernovaAlt, sfx: CALDER3, Next: [TDP2-6a]","Thanks!","Mersi!"
"TDP2-6a","No Sc, msc: SupernovaAlt, sfx: Door_Chime,Door_Close, Next: [TDP2-6]","-door chimes and closes-","-clopoțelul sună și ușa se închide-"
"TDP2-6","No Sc, msc: SupernovaAlt, no sfx, Next: [D1D-14a]","The candle-headed alien makes his way out of the gas station. I catch a glimpse of a snazzy-looking ship outside. She’s got good taste.","Extraterestra cu cap de lumânare iese din benzinărie. Zăresc afară o navă destul de șmecheră. Are gusturi bune."
"D1D-14a","No Sc, msc: SupernovaAlt, sfx: FLUBBER1, Next: [D1D-14]","Flubber meows","Pisigel miaună"
"TDN2-1","Sc: Calder, msc: SupernovaAlt, sfx: CALDER1, Next: [TDN2-2]","Uh, this isn’t what I was really looking for.","Oh, nu căutam asta."
"TDN2-2","Sc: Calder, msc: SupernovaAlt, sfx: CALDER3, Next: [TDN2-3]","I’ve gotta go! I almost forgot there is a sale on 5D glasses on Uranus!","Trebuie să plec! Cât pe ce să uit că au reduceri la ochelari 5D pe Uranus!"
"TDN2-3","No Sc, msc: SupernovaAlt, sfx: Door_Chime,Door_Close, Next: [D1D-14]","He bolts out of the gas station.","Iese în grabă din benzinărie."
"D1D-14","No Sc, msc: SupernovaAlt, no sfx, Next: [D1D-15]","Flubber stares, unblinking.","Pisigel privește, fără să clipească."
"D1D-15","No Sc, msc: SupernovaAlt, no sfx, Next: [ZD1a]","She usually does that when she’s happy!","De obicei face asta când e fericită!"
"ZD1a","No Sc, msc: SupernovaAlt, sfx: Door_Chime,Door_Open, Next: [D1D-16]","-door opens and chimes-","-clopoțelul sună și ușa se deschide-"
"D1D-16","No Sc, msc: SupernovaAlt, no sfx, Next: [ZD1]","The cloudy person who enters the gas station yawns loudly. Her badge twinkles under the industrial lights.","Persoana noroasă care intră în benzinărie cască zgomotos. Insigna ei pare să strălucească sub luminile industriale."
"ZD1","Sc: Zerua, msc: SupernovaAlt, sfx: ZERUA_SLEEPY1, Next: [ZD1b]","I’m starting a new job outside of the solar system. Do you have Zolkan Coffee perchance?","Încep un job nou, dincolo de sistemul solar. Aveți cumva Cafea Zolkan?"
"ZD1b","No Sc, msc: SupernovaAlt, sfx: , Next: [TDP3-1,TDN3-1]","Select an item in the shop","Alege un obiect din magazin"
"ZD1b-Option-1","No Sc, msc: SupernovaAlt, sfx: , Next: [TDP3-1,TDN3-1]","",""
"ZD1b-Option-2","No Sc, msc: SupernovaAlt, sfx: , Next: [TDP3-1,TDN3-1]ZD1b-Option-2","",""
"TDP3-1","Sc: Zerua, msc: SupernovaAlt, sfx: ZERUA_SLEEPY2, Next: [TDP3-2]","Oh, my stars! Thank you!","Vai, stelele mele! Îți mulțumesc!"
"TDP3-2","No Sc, msc: SupernovaAlt, no sfx, Next: [TDP3-3]","Before the drink sits for more than a nanosecond, it takes a long sip. I don’t think I’ve ever seen anyone down hot coffee that fast before…","Nici nu lasă băutura o nanosecundă și soarbe zdravăn. Nu cred să fi văzut pe altcineva să bea cafea fierbinte atât de repede…"
"TDP3-3","Sc: Zerua, msc: SupernovaAlt, sfx: Zerua_Short, Next: [TDP3-4]","Ah, that's better.","Ah, e mai bine."
"TDP3-4","No Sc, msc: SupernovaAlt, no sfx, Next: [TDP3-5]","I eye their badge and rattle my brain for a topic of conversation.","Mă uit la insignă și încerc să continui conversația."
"TDP3-5","Sc: Dmi, msc: SupernovaAlt, no sfx, Next: [TDP3-6]","Are you a clouditech? I think I’ve seen a badge like that before.","Sunteți norhitect? Cred că am mai văzut o astfel de insignă."
"TDP3-6","No Sc, msc: SupernovaAlt, no sfx, Next: [TDP3-7]","It lets out a big smile. It's as if they’ve been waiting for anyone to ask them all day.","Zâmbește larg. De parcă ar fi așteptat toată ziua pe cineva care să întrebe."
"TDP3-7","Sc: Zerua, msc: SupernovaAlt, sfx: ZERUA_AWAKE2, Next: [TDP3-8]","Yes! I’m starting a new job architecting artificial clouds! I’ve been looking for a job forever.","Da! Încep un job nou: proiectez nori artificiali! De mult timp îmi caut un job."
"TDP3-8","No Sc, msc: SupernovaAlt, no sfx, Next: [TDP3-9]","She waves her finger above her to-go cup. A mini cloud forms above their cup. Bits of snow sprinkle down. She smiles proudly.","Își flutură degetul deasupra paharului ei. Un nor mic se formează deasupra paharului. Fulgi de zăpadă se desprind din el. Zâmbește cu mândrie."
"TDP3-9","No Sc, msc: SupernovaAlt, no sfx, Next: [TDP3-10]","I smile too.","Zâmbesc și eu."
"TDP3-10","Sc: Dmi, msc: SupernovaAlt, no sfx, Next: [TDP3-11]","I hope your first day is all you want it to be.","Sper ca prima ta zi să fie exact așa cum îți dorești."
"TDP3-11","Sc: Zerua, msc: SupernovaAlt, sfx: ZERUA_AWAKE1,CashRegister, Next: [TDP3-11b]"," Thank you! Please stay safe leaving the solar system soon! Tallyho!"," Îți mulțumesc! Ai grijă de tine când pleci din sistemul solar! Tallyho!"
"TDP3-11b","No Sc, msc: SupernovaAlt, sfx: Door_Chime,Door_Close, Next: [D1D-17a]","-door chimes and closes-","-clopoțelul sună și ușa se închide-"
"TDN3-1","Sc: Zerua, msc: SupernovaAlt, sfx: ZERUA_SLEEPY1, Next: [TDN3-2]","This isn’t quite what I’m looking for…","Nu e chiar ceea ce caut…"
"TDN3-2","No Sc, msc: SupernovaAlt, no sfx, Next: [TDN3-3]","They pull out their phone and notice the time. It seems to wake her up a little, but not much.","Își scoate telefonul și vede cât e ceasul. Asta pare să o trezească, dar nu prea mult."
"TDN3-3","Sc: Zerua, msc: SupernovaAlt, sfx: ZERUA_AWAKE3, Next: [TDN3-4]","Oh! Look at the time. I’ll just figure out a way to stay up when I get there! Tallyho, gas station employee!","Oo! Ia uite cât e ceasul! O să găsesc eu o metodă să rămân trează când ajung acolo! Tallyho, angajatule de la benzinărie!"
"TDN3-4","Sc: Dmi, msc: SupernovaAlt, no sfx, Next: [TDN3-4b]"," I have a nametag--"," Am un ecuson cu numele meu--"
"TDN3-4b","No Sc, msc: SupernovaAlt, sfx: Door_Chime,Door_Close, Next: [D1D-17a]TDN3-4b","-door chimes and closes-","-clopoțelul sună și ușa se închide-"
"D1D-17a","No Sc, msc: SupernovaAlt, sfx: FLUBBER2, Next: [D1D-17]","Flubber meows","Pisigel miaună"
"D1D-17","No Sc, msc: SupernovaAlt, sfx: Flubber_Burp, Next: [D1D-18]","Flubber floats and burps. I smile and give her a pat on the head.","Pisigel plutește și râgâie. Zâmbesc și o mângâi pe cap."
"D1D-18","No Sc, msc: SupernovaAlt, no sfx, Next: [D1D-19]","She looks proud of herself.","Pare mândră de sine."
"D1D-19","No Sc, msc: SupernovaAlt, sfx: Boom_2, Next: [DD1-14]","I jump up from my seat as I hear a boom come from outside.","Sar de pe scaun când aud o bubuitură de afară."
"DD1-14","Sc: Dmi, msc: SupernovaAlt, no sfx, Next: [8D-1a]"," What the hell--!?"," Ce dracu--!?"
"8.0D-1a","No Sc, msc: SupernovaAlt, sfx: Door_Chime,Door_Open, Next: [8D-1]","-door opens and chimes-","-clopoțelul sună și ușa se deschide-"
"8.0D-1","Sc: 8008, msc: SupernovaAlt, sfx: 80008_Short, Next: [DD1-15]","Sup.","Care-i treaba?"
"DD1-15","Sc: Dmi, msc: SupernovaAlt, no sfx, Next: [D1D-20]","Uh, sup? What was that?","Ăă, care-i treaba? Ce a fost asta?"
"D1D-20","No Sc, msc: SupernovaAlt, no sfx, Next: [8D-2]","He ignores me and his eyes- er...screen look up.","Mă ignoră, iar ochii lui, ăă... ecranul privește în sus."
"8.0D-2","Sc: 8008, msc: SupernovaAlt, sfx: 80008_2, Next: [DD1-16]","What was what?","Ce a fost asta?"
"DD1-16","Sc: Dmi, msc: SupernovaAlt, no sfx, Next: [8D-3]","The boom?","Bubuitul?"
"8.0D-3","Sc: 8008, msc: SupernovaAlt, sfx: 80008_Short, Next: [DD1-17]","What boom?","Care bubuit?"
"DD1-17","Sc: Dmi, msc: SupernovaAlt, no sfx, Next: [DD1-18]","The-- okay.","Bubu... OK."
"DD1-18","Sc: Dmi, msc: SupernovaAlt, no sfx, Next: [D1D-21]","Do you need something?","Doriți ceva?"
"D1D-21","No Sc, msc: SupernovaAlt, sfx: 80008_hum2, Next: [8D-4]","A low hum comes from his circuits. He’s thinking.","Un bâzâit slab se aude din circuitele lui. Se gândește."
"8.0D-4","Sc: 8008, msc: SupernovaAlt, sfx: 80008_1, Next: [D1D-22]","You sell any Arinator brand stuff here? That one made by that smoking cyborg from outta the solar system?","Aveți pe‑aici produse Arinator? Brandul făcut de cyborga aia care fumează, venită de prin afara sistemului solar?"
"D1D-22","No Sc, msc: SupernovaAlt, no sfx, Next: [DD1-19]","I’ve heard of Arinator probably. Cassiopeia’s a big fan of singers. Though something was kind of funny about this guy’s desperation. ","Probabil am auzit de Arinator. Cassiopeia este o mare fană a cântăreților. Totuși, era ceva cam amuzant în disperarea tipului. "
"DD1-19","Sc: Dmi, msc: SupernovaAlt, no sfx, Next: [8D-5]","I mean, I can check to see what we got.","Vreau să spun, să văd ce avem."
"8.0D-5","Sc: 8008, msc: SupernovaAlt, sfx: 80008_3, Next: [8D-5b]","Sweet! I’ll also be putting 700 luncos on pump 2.","Super! O să alimentez și cu 700 de luncoși la pompa 2."
"8.0D-5b","No Sc, msc: SupernovaAlt, sfx: , Next: [TDP4-1,TDN4-1]","Select an item in the shop","Alege un obiect din magazin"
"8D-5b-Option-1","No Sc, msc: SupernovaAlt, sfx: , Next: [TDP4-1,TDN4-1]","",""
"8D-5b-Option-2","No Sc, msc: SupernovaAlt, sfx: , Next: [TDP4-1,TDN4-1]8D-5b-Option-2","",""
"TDP4-1","Sc: 8008, msc: SupernovaAlt, sfx: 80008_1, Next: [TDP4-5]","Yes! Arinator’s limited edition Mint choco paste? I thought this was sold out everywhere!","Da! Pasta aia cu mentă și ciocolată, ediție limitată, de la Arinator? Credeam că e sold‑out peste tot!"
"TDP4-5","Sc: Dmi, msc: SupernovaAlt, no sfx, Next: [TDP4-6]","I mean, it's mint chocolate toothpaste isn’t it?","Vreau să spun, e pastă de dinți cu gust de mentă și ciocolată, nu-i așa?"
"TDP4-6","Sc: Dmi, msc: SupernovaAlt, no sfx, Next: [TDP4-7]","I don’t think anyone is in a rush to buy that.","Nu cred că se grăbește cineva să o cumpere."
"TDP4-7","Sc: 8008, msc: SupernovaAlt, sfx: 80008_2,CashRegister, Next: [TDP4-7b]","You just don’t understand the intricacies of something like this! Anything she endorses is a godsend!","Pur și simplu nu înțelegi subtilitățile unui lucru ca ăsta! Tot ce pune ea pe piață e mană cerească!"
"TDP4-7b","No Sc, msc: SupernovaAlt, sfx: Door_Close,Door_Chime, Next: [TDP4-8]","-door chimes and closes-","-clopoțelul sună și ușa se închide-"
"TDP4-8","No Sc, msc: SupernovaAlt, no sfx, Next: [TDP4-9]","He wipes his face (screen?). Then blasts off with his bang of Arinator branded toothpaste in hand.","Își șterge fața (ecranul?). Apoi pleacă cu tubul lui de pastă de dinți Arinator în mână."
"TDP4-9","No Sc, msc: SupernovaAlt, no sfx, Next: [D1D-24a]","Glad he found what he wanted.","Mă bucur că a găsit ceea ce voia."
"TDN4-1","Sc: 8008, msc: SupernovaAlt, sfx: 80008_Short, Next: [TDN4-2]","Bro.","Bro."
"TDN4-2","Sc: 8008, msc: SupernovaAlt, sfx: 80008_3, Next: [TDN4-3]"," This is NOT Arinator. She only has her face on the cover of all her products dude."," Asta NU e Arinator. Are fața ei pe toate produsele, frate."
"TDN4-3","No Sc, msc: SupernovaAlt, no sfx, Next: [TDN4-4]","His facial screen switches to a video of a cyborg woman performing a song on stage. Her fans are screaming their lungs out.","Fața‑ecran i se comută pe un clip cu o femeie‑cyborg care cântă pe scenă. Fanii ei țipă din răsputeri."
"TDN4-4","Sc: 8008, msc: SupernovaAlt, sfx: 80008_1, Next: [TDN4-5]","See? You don’t recognize her?","Vezi? Nu o recunoști?"
"TDN4-5","Sc: Dmi, msc: SupernovaAlt, no sfx, Next: [TDN4-6]","Oh, well...I don’t think I really know her stuff.","Ăăă, ei bine... nu cred că îi știu produsele."
"TDN4-6","Sc: 8008, msc: SupernovaAlt, sfx: 80008_2, Next: [TDN4-6b]","Fine...I’ll just get gas.","OK... O să iau doar carburant."
"TDN4-6b","No Sc, msc: SupernovaAlt, sfx: Door_Chime,Door_Close, Next: [TDN4-7]","-door chimes and closes-","-clopoțelul sună și ușa se închide-"
"TDN4-7","No Sc, msc: SupernovaAlt, no sfx, Next: [TDN4-8]","I stare out the window and watch as 8008 picks up a gas pump and guzzles it straight from the nozzle. His screen shows a sad face with a tear. He then blasts off into space.","Privesc pe fereastră și văd cum 8008 ridică o pompă de benzină și o dă pe gât direct din duză. Ecranul lui afișează o față tristă, cu o lacrimă. Apoi se lansează în spațiu."
"TDN4-8","No Sc, msc: SupernovaAlt, no sfx, Next: [D1D-24a]","Poor guy.","Săracul."
"D1D-24a","No Sc, msc: SupernovaAlt, sfx: Door_Chime,Door_Open, Next: [D1D-24]","-door opens and chimes-","-clopoțelul sună și ușa se deschide-"
"D1D-24","No Sc, msc: SupernovaAlt, no sfx, Next: [CRD1]","An old man enters the gas station. He seems to have some kind of air of caution around him. The way he whips his head around makes him look like he is expecting an attack at any moment.","Un bătrân intră în benzinărie. Pare cumva precaut. Felul în care își întoarce brusc capul îl face să pară că se așteaptă să fie atacat dintr‑o clipă în alta."
"CRD1","Sc: Crust, msc: SupernovaAlt, sfx: Crust_Short, Next: [DD1-20]","Salutations, Martian.","Salutări, marțiene."
"DD1-20","Sc: Dmi, msc: SupernovaAlt, no sfx, Next: [CRD2]","Uh, hello? Do you need something, sir?","Ăăă, bună ziua! Aveți nevoie de ceva, domnule?"
"CRD2","Sc: Crust, msc: SupernovaAlt, sfx: CRUST2, Next: [D1D-25]","Yes, I actually have a list here…","Da, am o listă aici…"
"D1D-25","No Sc, msc: SupernovaAlt, no sfx, Next: [CRD3]","He pulls out a tiny holosheet and starts to read off of it.","Scoate o holofișă minusculă și începe să citească de pe ea."
"CRD3","Sc: Crust, msc: SupernovaAlt, sfx: CRUST3, Next: [DD1-21]","I’m looking for duct tape, five laser blasters, a medkit, a flaming katana--","Caut bandă adezivă, cinci pistoale laser, un medkit, o katană cu flăcări--"
"DD1-21","Sc: Dmi, msc: SupernovaAlt, no sfx, Next: [D1D-26]","Sir, this is a gas station.","Domnule, aici e o benzinărie."
"D1D-26","No Sc, msc: SupernovaAlt, no sfx, Next: [CRD4]","He stares blankly at me.","Mă privește fără nicio expresie."
"CRD4","Sc: Crust, msc: SupernovaAlt, sfx: CRUST1, Next: [DD1-22]","...Can I at least get the katana?","...Pot lua cel puțin katana?"
"DD1-22","Sc: Dmi, msc: SupernovaAlt, no sfx, Next: [D1D-27]"," What do you even need a Katana for?!"," De ce aveți nevoie de o katană?!"
"D1D-27","No Sc, msc: SupernovaAlt, sfx: Crust_Laugh, Next: [CRD5]","The man lets out a hearty laugh. He slaps his rocky chest. Pebbles fall off him.","Bărbatul râde cu poftă. Își lovește pieptul stâncos cu palma. I se desprind pietricele."
"CRD5","Sc: Crust, msc: SupernovaAlt, sfx: CRUST2, Next: [CRD6]","Doomsday is in just three days! While you’re in here wasting away working MINIMUM wage!","Apocalipsa e în trei zile! În timp ce tu stai aici și te irosești lucrând pe salariul MINIM!"
"CRD6","Sc: Crust, msc: SupernovaAlt, sfx: CRUST1, Next: [DD1-23]","I, Crust, from Mercury, will look at this burning ball of hell gas, and say…","Eu, Crust, mercurianul, mă voi uita la această minge arzătoare de gaz infernal și voi spune…"
"DD1-23","Sc: Dmi, msc: SupernovaAlt, no sfx, Next: [CRD7]","…","…"
"CRD7","Sc: Crust, msc: SupernovaAlt, sfx: Crust_Short, Next: [D1D-28]","No.","Nu."
"D1D-28","No Sc, msc: SupernovaAlt, no sfx, Next: [DD1-24]","He smiles widely.","Zâmbește larg."
"DD1-24","Sc: Dmi, msc: SupernovaAlt, no sfx, Next: [CRD8]","Sir, I don’t think you will survive a supernova.","Domnule, nu cred că veți supraviețui unei supernove."
"CRD8","Sc: Crust, msc: SupernovaAlt, sfx: CRUST2, Next: [CRD9]","I will. Born from the crust of Mercury, I can survive anything.","Ba da! Născut din scoarța lui Mercur, pot supraviețui oricărui lucru."
"CRD9","Sc: Crust, msc: SupernovaAlt, sfx: CRUST1, Next: [D1D-29]","Besides didn’t you hear? The supernova is a cover-up by the intergalactic association--","În plus, nu ai auzit? Supernova este o mușamalizare orchestrată de asociația intergalactică--"
"D1D-29","No Sc, msc: SupernovaAlt, no sfx, Next: [DD1-25]","Oh, brother. ","Of, Dumnezeule. "
"DD1-25","Sc: Dmi, msc: SupernovaAlt, no sfx, Next: [CRD10]","How about this Crust? I can help you get something that can help you out in your…","Ce ziceți de asta, Crust? Vă pot ajuta să luați ceva care să vă fie de folos în…"
"CRD10","Sc: Crust, msc: SupernovaAlt, sfx: CRUST2, Next: [DD1-26]","My supernova bunker.","În buncărul meu pentru supernova."
"DD1-26","Sc: Dmi, msc: SupernovaAlt, no sfx, Next: [DD1-27]","Your supernova bunker.","În buncărul dumneavoastră pentru supernova."
"DD1-27","Sc: Dmi, msc: SupernovaAlt, no sfx, Next: [DD1-27b]"," Alright... a nonperishable snack will be good."," Bine… o gustare neperisabilă ar fi bună."
"DD1-27b","No Sc, msc: SupernovaAlt, no sfx, Next: [TDP5-1,TDN5-1]","Select an item in the shop","Alege un obiect din magazin"
"DD1-27b-Option-1","No Sc, msc: SupernovaAlt, no sfx, Next: [TDP5-1,TDN5-1]","",""
"DD1-27b-Option-2","No Sc, msc: SupernovaAlt, no sfx, Next: [TDP5-1,TDN5-1]DD1-27b-Option-2","",""
"TDP5-1","Sc: Crust, msc: SupernovaAlt, sfx: CRUST3, Next: [TDP5-2]","Jerky! You’re thinking like a true survivor kid! This is great!","Jerky! Gândești ca un adevărat supraviețuitor, puștiule! Asta-i grozav!"
"TDP5-2","Sc: Dmi, msc: SupernovaAlt, no sfx, Next: [TDP5-3]","Heh, thanks. I just remembered it from a TV show called Survivorz.","Ăă, mulțumesc! Mi‑am amintit de el dintr‑o emisiune TV numită Survivorz."
"TDP5-3","No Sc, msc: SupernovaAlt, no sfx, Next: [TDP5-4]","Before you could even ring it up the man opens the bag and starts eating the jerky.","Înainte să apuci să-l scanezi, bărbatul deschide punga și începe să mănânce jerky‑ul."
"TDP5-4","Sc: Crust, msc: SupernovaAlt, sfx: CRUST1, Next: [TDP5-5]","Hm, you got somewhere to go kid? I can formally invite you to my bunker if ya want.","Mmm, ai unde să te duci, puștiule? Pot să te invit oficial în buncărul meu, dacă vrei."
"TDP5-5","Sc: Dmi, msc: SupernovaAlt, no sfx, Next: [TDP5-6]","Oh, nah. I’ll be here.","Oh, nu. Voi fi aici."
"TDP5-6","No Sc, msc: SupernovaAlt, no sfx, Next: [TDP5-7]","Crust chokes on a piece of jerky and coughs. He bumps his chest a few times.","Crust se îneacă cu o bucată de jerky și tușește. Își bate pieptul de câteva ori."
"TDP5-7","Sc: Crust, msc: SupernovaAlt, sfx: CRUST2, Next: [TDP5-8]","Why? Don’t you got someone special to go home to?","De ce? Nu ai pe cineva special la care să te duci?"
"TDP5-8","Sc: Crust, msc: SupernovaAlt, sfx: CRUST1, Next: [TDP5-9]","I’d expect you young’uns to hightail it outta here.","M‑aș fi așteptat ca voi, ăștia tineri, să o luați la sănătoasa de aici."
"TDP5-9","No Sc, msc: SupernovaAlt, no sfx, Next: [TDP5-10]","A familiar face flashes in my mind. My normal bored expression cracks.","Îmi trece prin minte o față cunoscută. Plictiseala de pe fața mea dispare."
"TDP5-10","Sc: Dmi, msc: SupernovaAlt, no sfx, Next: [TDP5-11]","She’ll be fine without me. Besides, I like to be kept busy.","Va fi bine fără mine. În afară de asta, îmi place să fiu ocupat."
"TDP5-11","No Sc, msc: SupernovaAlt, no sfx, Next: [TDP5-11b]","Crust doesn’t speak. I listen to his chewing. He rummages in his pocket to give me his luncos.","Crust nu vorbește. Îi ascult mestecatul. Scotocește în buzunar ca să‑mi dea luncoși."
"TDP5-11b","No Sc, msc: SupernovaAlt, sfx: CashRegister, Next: [TDP5-12]","-cash register chime-","-se aude casa de marcat-"
"TDP5-12","Sc: Crust, msc: SupernovaAlt, sfx: CRUST1, Next: [TDP5-13]","Don’t be too sure about that kid. Don’t choose for others how important you are to them.","Să nu fii prea sigur de asta, puștiule. Nu tu ești cel care trebuie să stabilească cât de important ești pentru ceilalți."
"TDP5-13","Sc: Crust, msc: SupernovaAlt, sfx: CRUST2, Next: [TDP5-14]","I’m gonna be fine when things go down, but you won’t. Talk to who you’re thinking bout.","Eu o să fiu bine când lucrurile o iau razna, dar tu nu. Vorbește cu persoana la care te gândești."
"TDP5-14","No Sc, msc: SupernovaAlt, no sfx, Next: [TDP5-15]","I don’t answer. It's a bit surprising I feel I am getting life advice from this apocalyptic junkie of some sort.","Nu răspund. E puțin surprinzător că primesc sfaturi de viață de la un fel de ahtiat de apocalipsă."
"TDP5-15","No Sc, msc: SupernovaAlt, no sfx, Next: [TDP5-16]","He smiles and waves at me before leaving. I watch the small bits of rock fall to the ground.","Zâmbește și îmi face din mână înainte să plece. Privesc bucățelele mici de piatră care pică pe podea."
"TDP5-16","No Sc, msc: SupernovaAlt, no sfx, Next: [D1D-30a]","I’ll be cleaning that up.","Va trebui să fac curat."
"TDN5-1","Sc: Crust, msc: SupernovaAlt, sfx: CRUST2, Next: [TDN5-2]","Sorry kid, but I don’t really think something like this is going to be much use in my bunker.","Scuze, puștiule, dar nu prea cred că așa ceva o să-mi fie de mare folos în buncăr."
"TDN5-2","Sc: Crust, msc: SupernovaAlt, sfx: CRUST1, Next: [TDN5-3]","You sure you don’t have blasters in the back?","Sigur nu aveți niște blastere în spate?"
"TDN5-3","Sc: Dmi, msc: SupernovaAlt, no sfx, Next: [TDN5-4]","We’re still just a gas station, sir.","Suntem o simplă benzinărie, domnule."
"TDN5-4","Sc: Crust, msc: SupernovaAlt, sfx: Crust_Short, Next: [TDN5-5]"," Alright."," Bine."
"TDN5-5","Sc: Crust, msc: SupernovaAlt, sfx: CRUST2, Next: [D1D-30a]","Stay safe, kid. I gotta go prep my bunker some more.","Ai grijă, puștiule. Trebuie să mă duc să îmi mai aranjez buncărul."
"D1D-30a","No Sc, msc: SupernovaAlt, sfx: Door_Chime,Door_Close, Next: [D1D-30]","-door chimes and closes-","-clopoțelul sună și ușa se închide-"
"D1D-30","No Sc, msc: SupernovaAlt, no sfx, Next: [D1D-31]","It's almost closing time…","Se apropie ora închiderii…"
"D1D-31","No Sc, msc: SupernovaAlt, no sfx, Next: [D1D-31b]","Flubber lounges in her usual spot. I smile and scratch under her chin.","Pisigel se tolănește în locul ei obișnuit. Zâmbesc și o scarpin sub barbă."
"D1D-31b","No Sc, msc: SupernovaAlt, sfx: FLUBBER2, Next: [DD1-28]","Flubber Meows","Pisigel miaună"
"DD1-28","Sc: Dmi, msc: SupernovaAlt, no sfx, Next: [DD1-28b]","We had a good day didn’t we?","Am avut o zi bună, nu-i așa?"
"DD1-28b","No Sc, msc: SupernovaAlt, sfx: Text_1, Next: [D1D-32]","-phone chimes-","- se aude telefonul -"
"D1D-32","No Sc, msc: SupernovaAlt, no sfx, Next: [T2]","I facepalm as I remember I never messaged Cassiopeia back.","Îmi dau una peste frunte când îmi amintesc că nu i-am răspuns lui Cassiopeia."
"T2","Sc: Cassiopeia, on phone, msc: SupernovaAlt, sfx: Pocket_Swoosh_1, Next: [T3]","Dmi? Are u ghosting me?","Amd? Mă ignori?"
"T3","Sc: Cassiopeia, on phone, msc: SupernovaAlt, sfx: Text_4_vibrate, Next: [TDP6-1,TDN6-1]","Not cool! im worried about u!","Nu e frumos! îmi fac griji pentru tine!"
"T3-Option-1","Sc: Cassiopeia, on phone, msc: SupernovaAlt, sfx: Text_4_vibrate, Next: [TDP6-1,TDN6-1]","Sorry, got caught up.","Scuze, m‑am luat cu treaba."
"T3-Option-2","Sc: Cassiopeia, on phone, msc: SupernovaAlt, sfx: Text_4_vibrate, Next: [TDP6-1,TDN6-1]","You don’t need to keep messaging.","Nu-i nevoie să-mi tot trimiți mesaje."
"TDP6-1","Sc: Dmi, on phone, msc: SupernovaAlt, no sfx, Next: [TDP6-2]","Lot more customers on this route than i thought we would ","Mult mai mulți clienți pe ruta asta decât mă așteptam "
"TDP6-2","Sc: Cassiopeia, on phone, msc: SupernovaAlt, sfx: Text_4_vibrate, Next: [TDP6-3]","its a good time to roadtrip when the solar system is getting wiped ya know??","e momentul perfect pentru o excursie când se duce dracului sistemul solar, nu??"
"TDP6-3","Sc: Dmi, on phone, msc: SupernovaAlt, no sfx, Next: [TDP6-4]","More like I met a rock dude named Crust who wanted to buy a katana to defend himself from the imminent supernova. ","Am întâlnit un tip din piatră, Crust, care voia o katana ca să se apere de supernova iminentă. "
"TDP6-4","Sc: Cassiopeia, on phone, msc: SupernovaAlt, sfx: Text_4_vibrate, Next: [TDP6-5]","What? Stop lying to me. xD Ur job isn’t that interesting","Ce? Nu îmi mai spune minciuni. xD Jobul tău nu e chiar atât de interesant"
"TDP6-5","Sc: Dmi, on phone, msc: SupernovaAlt, no sfx, Next: [TDP6-6]","U know how Mars is, we’re weirdo central.","Știi cum e pe Marte, e cartierul general al ciudaților."
"TDP6-6","Sc: Cassiopeia, on phone, msc: SupernovaAlt, sfx: Text_4_vibrate, Next: [D1D-33]","thats true. U live there","advărat. Acolo locuiești"
"D1D-33","No Sc, msc: SupernovaAlt, no sfx, Next: [D1D-34]","I chuckle. That was a good one actually.","Îmi scapă un chicot. Asta chiar a fost bună."
"D1D-34","No Sc, msc: SupernovaAlt, no sfx, Next: [T4]","We chat with each other and for a second it feels like the world isn’t coming to an end soon.","Vorbim și preț de o clipă simt că parcă lumea nu e pe cale să dispară în curând."
"TDN6-1","Sc: Dmi, on phone, msc: SupernovaAlt, no sfx, Next: [TDN6-2]","I’ll just get back to u when i get back to u.","Îți voi răspunde când îți voi răspunde."
"TDN6-2","Sc: Cassiopeia, on phone, msc: SupernovaAlt, sfx: Text_4_vibrate, Next: [TDN6-3]","Ouch, remind me to never be worried about u again :/","Au, să îmi amintești să nu îmi mai fac griji pentru tine :/"
"TDN6-3","Sc: Dmi, on phone, msc: SupernovaAlt, no sfx, Next: [TDN6-4]","Nah, I didn’t mean it like that. I’m just busy.","Nu, nu mă refeream la asta. Sunt ocupat."
"TDN6-4","Sc: Cassiopeia, on phone, msc: SupernovaAlt, sfx: Text_4_vibrate, Next: [D1D-35]","Yeah, yeah I get it.","Da, da, înțeleg."
"D1D-35","No Sc, msc: SupernovaAlt, no sfx, Next: [T4]","I could’ve handled that a bit better.","Aș fi putut să gestionez asta un pic mai bine."
"T4","Sc: Cassiopeia, on phone, msc: SupernovaAlt, sfx: Text_4_vibrate, Next: [T5]","Are u sure ur not calling off tomorrow? I know the money isn’t good enough at Cosmic Fuel where u need to work a day before Doomsday. :/","Sigur nu tragi chiulul mâine? Știu că banii nu sunt suficienți la Cosmic Fuel dacă trebuie să lucrezi cu o zi înainte de Apocalipsă. :/"
"T5","Sc: Dmi, on phone, msc: SupernovaAlt, sfx: Text_4_vibrate, Next: [T6]","Maybe I LIKE working for a megacorp.","Poate că ÎMI PLACE să lucrez pentru o megacorporație."
"T6","Sc: Cassiopeia, on phone, msc: SupernovaAlt, sfx: Text_4_vibrate, Next: [T7]","shut up","taci"
"T7","Sc: Dmi, on phone, msc: SupernovaAlt, no sfx, Next: [D1D-36]","ok ","ok "
"D1D-36","No Sc, msc: SupernovaAlt, no sfx, Next: [D1D-37]","I should clock out for the day","Cred că ar trebui să închei ziua"
"D1D-37","No Sc, msc: SupernovaAlt, no sfx, Next: [D1D-38]","I say goodbye to Flubber. She for some reason is a lot better at closing than I am. I never know what she does when we leave her alone.","Îmi iau rămas bun de la Pisigel. Ea e mult mai eficientă la închis decât mine. Nu știu ce face când o lăsăm singură."
"D1D-38","No Sc, msc: SupernovaAlt, no sfx, Next: [D1D-39]","I don’t really know why I’m coming back in tomorrow. I should be packing with Cassie. We may not be able to do anything fancy like a space jump but…","Și nici nu prea știu de ce mâine mă întorc. Ar trebui să împachetez cu Cassie. S-ar putea să nu putem face ceva spectaculos, gen un salt interstelar, dar…"
"D1D-39","No Sc, msc: SupernovaAlt, no sfx, Next: [D1D-40]","…","…"
"D1D-40","No Sc, msc: SupernovaAlt, no sfx, Next: [D1D-40b]","I need some sleep for tomorrow.","Trebuie să mă odihnesc pentru ziua de mâine."
"D1D-40b","No Sc, msc: SupernovaAlt, sfx: Door_Open,Door_Chime,Door_Close, Next: [Day2Transition]","-door opens and closes with a chime-","-ușa se deschide și se închide cu un clinchet-"
"Day2Transition","No Sc, msc: SupernovaAlt, no sfx, Next: [D2D-1]","DAY 2","ZIUA 2"
"D2D-1","No Sc, msc: Supernova, no sfx, Next: [ROD2-1]","I jab my fingers against the screen of my phone the little avatar hops up and down in an effort to dodge the man-eating kale.","Butonez pe ecranul telefonului, iar micul avatar sare în sus și în jos încercând să se ferească de varza carnivoră."
"ROD2-1","Sc: Rob, msc: Supernova, sfx: Rob_Short, Next: [D2D-2]","Dmi!","Amd!"
"D2D-2","No Sc, msc: Supernova, no sfx, Next: [DD2-1]","I yelp and nearly drop my phone. I catch it just before it slips out of my fingers and glare at the slime man in front of me.","Scot un țipăt și aproape scap telefonul. Îl prind chiar înainte să‑mi alunece printre degete și arunc o privire tăioasă spre omul‑slime din fața mea."
"DD2-1","Sc: Dmi, msc: Supernova, no sfx, Next: [D2D-3]","You’ve seriously got to stop doing that!","Serios, trebuie să încetezi cu asta!"
"D2D-3","No Sc, msc: Supernova, sfx: Rob_Laugh, Next: [ROD2-2]","Rob bursts into laughter.","Rob izbucnește în râs."
"ROD2-2","Sc: Rob, msc: Supernova, sfx: ROB3, Next: [DD2-2]","It’s just too funny. Look you got goosebumps on your goosebumps! ","E mult prea amuzant. Uite, ai piele de găină pe două straturi! "
"DD2-2","Sc: Dmi, msc: Supernova, no sfx, Next: [ROD2-3]","whatever how’s packing? ","în fine... cum merge cu împachetatul? "
"ROD2-3","Sc: Rob, msc: Supernova, sfx: ROB2, Next: [D2D-4]","We’ll be done by tonight. Then we leave tomorrow morning in time for our space jump outta here.","Vom termina până diseară. Apoi plecăm mâine dimineață, la timp pentru saltul nostru interstelar de aici."
"D2D-4","No Sc, msc: Supernova, no sfx, Next: [D2D-5]","Ah a space jump. That's everyone’s ticket outta the solar system to go wherever they’re going next. ","Ah, un salt interstelar. Biletul e șansa tuturor să iasă din sistemul solar și să meargă oriunde au de gând să ajungă mai departe. "
"D2D-5","No Sc, msc: Supernova, no sfx, Next: [D2D-6]","They are ways outta here without one but the trip is pretty grueling.","Există și alte moduri de a pleca de aici fără un bilet, dar drumul e al naibii de istovitor."
"D2D-6","No Sc, msc: Supernova, no sfx, Next: [ROD2-4]","Not to mention the luncos to afford a space jump is insane.","Ca să nu mai menționez că suma de luncoși pe care o cer pentru saltul interstelar este exorbitantă."
"ROD2-4","Sc: Rob, msc: Supernova, sfx: ROB1, Next: [ROD2-5]","I’ll come pick up Flubber at the end of the day.","Voi veni să o iau pe Pisigel la sfârșitul zilei."
"ROD2-5","Sc: Rob, msc: Supernova, sfx: ROB3, Next: [D2D-7]","Also smile a little today! Use that slogan of ours to brighten their days. ","Și zâmbește puțin azi! Folosește sloganul nostru ca să le mai ridici moralul. "
"D2D-7","No Sc, msc: Supernova, no sfx, Next: [DD2-3]","Ugh.","Off."
"DD2-3","Sc: Dmi, msc: Supernova, no sfx, Next: [ROD2-6]","I’ll try.","Voi încerca."
"ROD2-6","Sc: Rob, msc: Supernova, sfx: ROB2, Next: [FD2-1]","Great! I’ll see you later. Be nice to Flubber!","Perfect! Ne vedem mai târziu. Fii drăguț cu Pisigel!"
"FD2-1","Sc: Flubber, msc: Supernova, sfx: FLUBBER1, Next: [DD2-4]","Mreoww…","Miau…"
"DD2-4","Sc: Dmi, msc: Supernova, no sfx, Next: [DD2-4b]","We’re pals aren’t we Flubber? ","Suntem prieteni, nu-i așa, Pisigel? "
"DD2-4b","No Sc, msc: Supernova, sfx: Door_Chime,Door_Close, Next: [D2D-8]","-door chimes and closes-","-clopoțelul sună și ușa se închide-"
"D2D-8","No Sc, msc: Supernova, no sfx, Next: [D2D-9a]","Flubber gives me a slow blink.","Pisigel clipește încet spre mine."
"D2D-9a","No Sc, msc: Supernova, sfx: Door_Chime,Door_Open, Next: [D2D-9]","-door opens and chimes-","-clopoțelul sună și ușa se deschide-"
"D2D-9","No Sc, msc: Supernova, no sfx, Next: [DD2-5]","A two-headed beastman enters. They don’t say a word. I yawn and start spouting the “Cosmic Fuel welcome”.","Intră o creatură cu două capete. Nu spun nimic. Casc și încep să recit „bun venit-ul Cosmic Fuel""."
"DD2-5","Sc: Dmi, msc: Supernova, no sfx, Next: [D2D-10]","Welcome to Cosmic Fuel. Fill to your heart’s content that’s the Cosmic Fuel way. ","Bine ați venit la Cosmic Fuel. Alimentați-vă pe placul inimii, așa se face la Cosmic Fuel. "
"D2D-10","No Sc, msc: Supernova, no sfx, Next: [D2D-11]","The beastmen frantically grab items and stuff them into a bag.","Bestia apucă lucruri cu disperare și le îndeasă într‑un sac."
"D2D-11","No Sc, msc: Supernova, no sfx, Next: [DD2-6]","Well that’s not at all what I meant. ","Ăă, nu la asta mă refeream. "
"DD2-6","Sc: Dmi, msc: Supernova, no sfx, Next: [D2D-12]","You guys using cash or credit?","Veți plăti cu cash sau cu card?"
"D2D-12","No Sc, msc: Supernova, no sfx, Next: [ROM1]","The more dimwitted looking one whispers to the sharper one and they stalk forward.","Cel care pare mai nătâng îi șoptește ceva celui mai ager, iar amândoi înaintează."
"ROM1","Sc: Romulus, msc: Supernova, sfx: ROMULUS1, Next: [D2D-13]","This is a stick up! Open the register!","E o lovitură! Deschide casa de marcat!"
"D2D-13","No Sc, msc: Supernova, no sfx, Next: [REM1]","The dimwitted-looking beast-man pulls out a stick from his pocket and points at me.","Nătângul scoate un băț din buzunar și îl îndreaptă spre mine."
"REM1","Sc: Remus, msc: Supernova, sfx: REMUS1, Next: [ROM2]","and give us those Saturn dogs behind you!","și dă‑ne hotdogii ăia saturnieni din spatele tău!"
"ROM2","Sc: Romulus, msc: Supernova, sfx: Romulus_Short, Next: [D2D-14]","Yeah! And--","Da! Și--"
"D2D-14","No Sc, msc: Supernova, no sfx, Next: [REM2]","The sharp-eyed beastman glares at his brother.","Bestia cu privirea ageră își fulgeră fratele cu o privire."
"REM2","Sc: Remus, msc: Supernova, sfx: REMUS2, Next: [ROM3]","Sorry Romulus stickups make me hungry. ","Scuze, Romulus, jafurile îmi provoacă poftă de mâncare. "
"ROM3","Sc: Romulus, msc: Supernova, sfx: ROMULUS3, Next: [REM3]","You’re worse than a chihuahua. When I said we’re doing a stickup I didn’t mean to put a literal stickup! ","Ești mai rău decât un chihuahua. Când am spus că o să dăm lovitura, nu m-am referit să scoți la propriu un băț! "
"REM3","Sc: Remus, msc: Supernova, sfx: REMUS2, Next: [ROM4]","Oh did I mess up again? Are we not getting Saturn dogs? ","Of, iarăși am dat-o în bară? Nu o să luăm hotdogi saturnieni? "
"ROM4","Sc: Romulus, msc: Supernova, sfx: ROMULUS2, Next: [D2D-15]","No you didn’t mess up Remus. Let’s get you that hot dog. No no let’s get you two of them. How about that? ","Nu, nu ai dat-o în bară, Remus. Hai să luăm hotdogul ăla. Nu, nu, o să luăm doi. Ce zici? "
"D2D-15","No Sc, msc: Supernova, sfx: Remus_Howl, Next: [D2D-15b]","Remus howls with excitement.","Remus urlă de entuziasm."
"D2D-15b","No Sc, msc: Supernova, no sfx, Next: [TDP7-1,TDN7-1]","Select an item in the shop","Alege un obiect din magazin"
"D2D-15b-Option-1","No Sc, msc: Supernova, no sfx, Next: [TDP7-1,TDN7-1]","",""
"D2D-15b-Option-2","No Sc, msc: Supernova, no sfx, Next: [TDP7-1,TDN7-1]D2D-15b-Option-2","",""
"TDP7-1","No Sc, msc: Supernova, no sfx, Next: [TDP7-2]","I slide two Saturn dogs to the pair. Remus helps himself and scarfs it down.","Le ofer doi hotdogi saturnieni. Remus ia unul și îl înfulecă."
"TDP7-2","Sc: Romulus, msc: Supernova, sfx: ROMULUS1, Next: [TDP7-3]","and now the register--","și acum casa--"
"TDP7-3","Sc: Remus, msc: Supernova, sfx: REMUS1, Next: [TDP7-4]","Rom… they were so nice and gave us a Saturn dog. Do we have to?","Rom... a fost drăguț și ne-a dat un hotdog saturnian. Chiar trebuie?"
"TDP7-4","Sc: Romulus, msc: Supernova, sfx: ROMULUS3, Next: [TDP7-5]","Of course! We came all this way just to--","Da! Am venit de departe doar ca să--"
"TDP7-5","Sc: Remus, msc: Supernova, sfx: Remus_Short, Next: [TDP7-6]","To steal?","Furăm?"
"TDP7-6","No Sc, msc: Supernova, no sfx, Next: [TDP7-7]","Romulus stutters in shock.","Romulus se bâlbâie, șocat."
"TDP7-7","No Sc, msc: Supernova, no sfx, Next: [TDP7-8]","Remus doesn’t look too different from a kicked puppy.","Remus are expresia unui cățel lovit."
"TDP7-8","Sc: Remus, msc: Supernova, sfx: REMUS1, Next: [TDP7-9]","Mom always told us stealing was bad. We should pay!","Mama ne spunea mereu că furatul e un lucru rău. Ar trebui să plătim!"
"TDP7-9","Sc: Dmi, msc: Supernova, no sfx, Next: [TDP7-10]","I don’t really care either way to be honest… ","Mie nu îmi pasă, ca să spun drept... "
"TDP7-10","No Sc, msc: Supernova, no sfx, Next: [TDP7-11]","The two ignore me. I can practically hear the galaxy’s smallest violin play for the two.","Cei doi mă ignoră. Parcă aud cea mai mică vioară din galaxie cântând pentru ei doi."
"TDP7-11","Sc: Romulus, msc: Supernova, sfx: ROMULUS2, Next: [TDP7-12]","You’re right Rem… I can’t do it. I wanted to be the tough guy so bad… everything is going to get blown to smithereens!","Ai dreptate, Rem... Nu o pot face. Voiam atât de mult să fiu tipul dur… totul o să sară în aer!"
"TDP7-12","Sc: Romulus, msc: Supernova, sfx: ROMULUS1, Next: [TDP7-13]","I just wanted to do something cool!","Voiam să fac ceva tare!"
"TDP7-13","Sc: Romulus, msc: Supernova, sfx: ROMULUS3, Next: [TDP7-14]","Will you ever forgive me?","Mă vei ierta vreodată?"
"TDP7-14","Sc: Remus, msc: Supernova, sfx: REMUS2, Next: [TDP7-15]","You’re the best big brother ever! Of course I will! ","Ești cel mai bun frate mare din lume! Bineînțeles că te voi ierta! "
"TDP7-15","No Sc, msc: Supernova, no sfx, Next: [TDP7-16]","The two beastmen burst into tears.","Izbucnesc amândoi în lacrimi."
"TDP7-16","No Sc, msc: Supernova, no sfx, Next: [TDP7-17]","I just stand there watching the two go through a whole movie scene together.","Rămân pe loc și mă uit cum cei doi joacă practic o scenă de film."
"TDP7-17","No Sc, msc: Supernova, no sfx, Next: [TDP7-18]","Romulus sets a pile of luncos on the counter.","Romulus pune o grămadă de luncoși pe tejghea."
"TDP7-18","Sc: Romulus, msc: Supernova, sfx: ROMULUS1, Next: [D2D-16a]","Keep the change. We’re sorry for bothering you.","Păstrează restul. Ne pare rău că te-am deranjat."
"TDN7-1","No Sc, msc: Supernova, no sfx, Next: [TDN7-2]","Romulus grits his teeth.","Romulus scrâșnește din dinți."
"TDN7-2","Sc: Romulus, msc: Supernova, sfx: ROMULUS1, Next: [TDN7-3]","Is this some kind of joke? We asked for Saturn dogs!","Îți bați joc de mine? Am cerut hotdogi saturnieni!"
"TDN7-3","Sc: Dmi, msc: Supernova, no sfx, Next: [TDN7-4]","I know.","Știu."
"TDN7-4","Sc: Romulus, msc: Supernova, sfx: ROMULUS2, Next: [TDN7-5]","Why give us this?","De ce ne dai asta?"
"TDN7-5","Sc: Dmi, msc: Supernova, no sfx, Next: [TDN7-6]","You’re already helping yourself to the shelves. Why don’t you get them yourself?","Deja luați singuri de pe rafturi. De ce nu îi luați voi?"
"TDN7-6","Sc: Romulus, msc: Supernova, sfx: Romulus_Short, Next: [TDN7-7]","I--","Eu--"
"TDN7-7","Sc: Remus, msc: Supernova, sfx: REMUS1, Next: [TDN7-8]","Aww…I think they’re mad at us Rom. ","Aaa... Cred că e supărat pe noi, Rom. "
"TDN7-8","Sc: Remus, msc: Supernova, sfx: REMUS2, Next: [TDN7-9]","I told you we shouldn’t steal.","Ți-am spus eu că nu trebuie să furăm."
"TDN7-9","Sc: Romulus, msc: Supernova, sfx: ROMULUS1, Next: [TDN7-10]","STOP TAKING ME AS A FOOL REM!","NU MĂ LUA DE FRAIER, REM!"
"TDN7-10","Sc: Dmi, msc: Supernova, no sfx, Next: [TDN7-11]","Hey! He’s not taking you as a fool.","Ei! Nu te ia de fraier."
"TDN7-11","No Sc, msc: Supernova, no sfx, Next: [TDN7-12]","Romulus’ eyes shine with a hopeful look.","Ochii lui Romulus strălucesc cu o urmă de speranță."
"TDN7-12","Sc: Dmi, msc: Supernova, no sfx, Next: [TDN7-13]","I’m taking you as a fool too.","Eu da."
"TDN7-13","No Sc, msc: Supernova, no sfx, Next: [TDN7-14]","Romulus drops the bag on the ground. He looks close to tears.","Romulus lasă geanta jos. E pe punctul de a izbucni în lacrimi."
"TDN7-14","Sc: Romulus, msc: Supernova, sfx: ROMULUS2, Next: [D2D-16a]","Remus…lets just go.","Remus... hai să plecăm."
"D2D-16a","No Sc, msc: Supernova, sfx: Door_Chime,Door_Close, Next: [D2D-16]","-door chimes and closes-","-clopoțelul sună și ușa se închide-"
"D2D-16","No Sc, msc: Supernova, no sfx, Next: [T8]","I reach for my phone. Cassiopeia’s not going to believe this.","Îmi scot telefonul. Lui Cassiopeia nu o să-i vină să creadă."
"T8","Sc: Dmi, on phone, msc: Supernova, sfx: Pocket_Swoosh_2, Next: [T9]","Sorry i didnt get to you yet. I was getting robbed.","Îmi pare rău că nu ți-am răspuns. Mă jefuiau."
"T9","Sc: Cassiopeia, on phone, msc: Supernova, sfx: Text_4_vibrate, Next: [T10]","WHAT?","CE?"
"T10","Sc: Dmi, on phone, msc: Supernova, no sfx, Next: [T11]","chill they didnt take anything. They were two beastmen but they didnt seem to be following their own plan. ","liniștește-te, nu au luat nimic. Erau o bestie, dar nu păreau deloc să‑și urmeze propriul plan. "
"T11","Sc: Dmi, on phone, msc: Supernova, no sfx, Next: [T12]","I didnt care much it's not like it's my gas station. i Think i hurt their feelings.","Nu prea îmi păsa, nu e benzinăria mea. Cred că i-am supărat."
"T12","Sc: Dmi, on phone, msc: Supernova, no sfx, Next: [T13]","u could say they were all bark and no bite.","aș putea spune că mai mult lătrau, dar nu mușcau."
"T13","Sc: Cassiopeia, on phone, msc: Supernova, sfx: Text_4_vibrate, Next: [T14]","did u just…ugh.","ce ai... of."
"T14","Sc: Cassiopeia, on phone, msc: Supernova, sfx: Text_4_vibrate, Next: [T15]","im going to ignore that for my own sanity.","o să ignor asta ca să nu o iau razna."
"T15","Sc: Cassiopeia, on phone, msc: Supernova, sfx: Text_4_vibrate, Next: [D2D-17]","like holy stars im so glad nothing happened. I dont even understand why u have to work there so close to doomsday…","pe bune, bine că nu ai pățit nimic. Nici măcar nu înțeleg de ce trebuie să lucrezi acolo când se apropie Apocalipsa…"
"D2D-17","No Sc, msc: Supernova, no sfx, Next: [D2D-18]","I could tell where she was getting at. A day before the supernova and I still had no means of getting any tickets for a space jump.","Îmi dădeam seama la ce bătea apropoul. O zi înainte de supernova și eu încă nu aveam cu ce să iau bilete pentru un salt interstelar."
"D2D-18","No Sc, msc: Supernova, no sfx, Next: [T16]","I drum my fingers on the desk and think of my next reply.","Îmi bat degetele pe birou și mă gândesc la următorul răspuns."
"T16","Sc: Dmi, on phone, msc: Supernova, no sfx, Next: [T17]","Weird question but what if we just couldn’t talk anymore? ","O întrebare ciudată, dar dacă nu am mai putea vorbi? "
"T17","Sc: Cassiopeia, on phone, msc: Supernova, sfx: Text_4_vibrate, Next: [TDP8-1,TDN8-1]","what type of question is that :(","ce fel de întrebare e asta? :("
"T17-Option-1","Sc: Cassiopeia, on phone, msc: Supernova, sfx: Text_4_vibrate, Next: [TDP8-1,TDN8-1]","Just curious…","Sunt doar curios…"
"T17-Option-2","Sc: Cassiopeia, on phone, msc: Supernova, sfx: Text_4_vibrate, Next: [TDP8-1,TDN8-1]","You ask me dumb questions all the time.","Tot timpul vii cu întrebări aiurite."
"TDP8-1","Sc: Dmi, on phone, msc: Supernova, no sfx, Next: [TDP8-2]","its not every day people leave their planet in droves for the impending death of the sun.","nu vezi în fiecare zi oameni părăsindu‑și planeta în masă din cauza morții iminente a soarelui."
"TDP8-2","Sc: Cassiopeia, on phone, msc: Supernova, sfx: Text_4_vibrate, Next: [TDP8-3]","Well I’d miss the hell out of you. ","Ne va fi foarte dor de tine. "
"TDP8-3","Sc: Dmi, on phone, msc: Supernova, no sfx, Next: [TDP8-4]","…Really?","...Chiar?"
"TDP8-4","Sc: Cassiopeia, on phone, msc: Supernova, sfx: Text_4_vibrate, Next: [TDP8-5]","Duh? What makes you think I check up on you all the time?","Normal! Ce te face să crezi că te verific mereu?"
"TDP8-5","Sc: Dmi, on phone, msc: Supernova, no sfx, Next: [TDP8-6]","…I don’t know.","...Nu știu."
"TDP8-6","Sc: Dmi, on phone, msc: Supernova, no sfx, Next: [TDP8-7]","I kind of feel like I’ve been dragging you down… with me being sad all the time.","Simt cumva că te afectez... pentru că sunt supărat tot timpul."
"TDP8-7","Sc: Cassiopeia, on phone, msc: Supernova, sfx: Text_4_vibrate, Next: [TDP8-8]","what? We all get sad. We’re together till the end. Nothing will ever change that.","ce? Toți ne întristăm. Vom fi împreună până la final. Nimic nu va schimba asta."
"TDP8-8","Sc: Dmi, on phone, msc: Supernova, no sfx, Next: [TDP8-9]","Thank you. For always caring.","Îți mulțumesc. Că îți pasă mereu."
"TDP8-9","Sc: Cassiopeia, on phone, msc: Supernova, sfx: Text_4_vibrate, Next: [TDP8-10a]","Of course. I have to go :( I’m getting called away but I always have your back! ","Desigur. Trebuie să plec :( Mă cheamă, dar te voi susține mereu! "
"TDP8-10a","No Sc, msc: Supernova, sfx: Door_Chime,Door_Open, Next: [TDP8-10]","-door opens and chimes-","-clopoțelul sună și ușa se deschide-"
"TDP8-10","No Sc, msc: Supernova, no sfx, Next: [TDP8-11]","I find myself smiling at my phone. I could’ve reread this line a couple hundred times.","Zâmbesc la telefon. Probabil am recitit asta de câteva sute de ori."
"TDP8-11","No Sc, msc: Supernova, sfx: KKILI1, Next: [DD2-7]","That must be someone special you’re talking to.","Trebuie să fie o persoană specială."
"TDN8-1","Sc: Cassiopeia, on phone, msc: Supernova, sfx: Text_4_vibrate, Next: [TDN8-2]","...","......"
"TDN8-2","Sc: Cassiopeia, on phone, msc: Supernova, sfx: Text_4_vibrate, Next: [TDN8-3]","Wow that was harsh…","Uau, a fost dur…"
"TDN8-3","No Sc, msc: Supernova, no sfx, Next: [TDN8-4]","I panic. Crap would it be bad to backtrack? ","Mă panichez. La naiba… ar fi nasol dacă aș da înapoi? "
"TDN8-4","Sc: Dmi, on phone, msc: Supernova, no sfx, Next: [TDN8-5]","Sorry, i didn’t mean that","Scuze, nu am vrut să spun asta"
"TDN8-5","Sc: Dmi, on phone, msc: Supernova, no sfx, Next: [TDN8-6]","i don’t think ur questions are stupid.","nu cred că întrebările tale sunt prostești."
"TDN8-6","Sc: Cassiopeia, on phone, msc: Supernova, sfx: Text_4_vibrate, Next: [TDN8-7]",":/ you’re a jerk sometimes. u know that?",":/  uneori ești nesimțit. știi ce?"
"TDN8-7","Sc: Dmi, on phone, msc: Supernova, no sfx, Next: [TDN8-8]","Yeah…I can see that right now. I’m really sorry.","Da... Îmi dau seama acum. Îmi pare rău."
"TDN8-8","Sc: Cassiopeia, on phone, msc: Supernova, sfx: Text_4_vibrate, Next: [TDN8-9]","Well to answer your question. Even though you’re a grade A jerk sometimes.","Dar ca să-ți răspund la întrebare. Deși uneori ești un nesimțit de nota 10."
"TDN8-9","Sc: Cassiopeia, on phone, msc: Supernova, sfx: Text_4_vibrate, Next: [TDN8-10]","I’d still miss seeing you.","Îmi va fi dor să te văd."
"TDN8-10","Sc: Cassiopeia, on phone, msc: Supernova, sfx: Text_4_vibrate, Next: [TDN8-11]","I just wish you were a bit more honest with me.","Aș vrea să fii mai sincer cu mine."
"TDN8-11","Sc: Dmi, on phone, msc: Supernova, no sfx, Next: [TDN8-12]","What do you mean honest?","Cum adică sincer?"
"TDN8-12","Sc: Cassiopeia, on phone, msc: Supernova, sfx: Text_4_vibrate, Next: [TDN8-13]","I know thats not the real reason why you’re asking me that.","Știu că nu ăsta e adevăratul motiv pentru care mă întrebi."
"TDN8-13","Sc: Cassiopeia, on phone, msc: Supernova, sfx: Text_4_vibrate, Next: [TDN8-14]","I gotta go. I’ll talk to you later. Just stop acting so weird with me.","Trebuie să închid. Vorbim mai târziu. Nu te mai comporta atât de ciudat cu mine."
"TDN8-14","No Sc, msc: Supernova, no sfx, Next: [TDN8-14a]","I groan to myself.","Mormăi în sinea mea."
"TDN8-14a","No Sc, msc: Supernova, sfx: Door_Chime,Door_Open, Next: [TDN8-15]","-door opens and chimes-","-clopoțelul sună și ușa se deschide-"
"TDN8-15","Sc: Dmi, msc: Supernova, no sfx, Next: [TDN8-16]","Why did I say that? Out of every reason I could have given her?","De ce am spus așa ceva? Dintre toate motivele pe care puteam să i le ofer?"
"TDN8-16","Sc: Dmi, msc: Supernova, no sfx, Next: [TDN8-17]","Stupid! Stupid! Stupid!","Prostule! Prostule! Prostule!"
"TDN8-17","Sc: K'Kili the Destroyer, msc: Supernova, sfx: KKILI1, Next: [DD2-7]","It couldn’t be that stupid to be doing all that.","Nu poți fi chiar atât de prost încât să faci toate astea."
"DD2-7","Sc: Dmi, msc: Supernova, no sfx, Next: [DD2-8]","Whoa!","Uua!"
"DD2-8","Sc: Dmi, msc: Supernova, no sfx, Next: [D2D-19]","Sorry it’s slow today. So uh I’ve been on my phone a bit more. ","Scuze, e puțină lume azi. Așa că... ăăă... am stat pe telefon mai mult. "
"D2D-19","No Sc, msc: Supernova, no sfx, Next: [D2D-20]","I take in the woman. From the ringlets across her body she seems to be a shapeshifter. ","O analizez pe femeie. După inelele care îi străbat corpul, pare să fie o schimbătoare de formă. "
"D2D-20","No Sc, msc: Supernova, no sfx, Next: [D2D-21]","Something feels awfully familiar about her like I’ve seen her somewhere before.","E ceva ciudat de familiar la ea, de parcă am mai văzut‑o undeva."
"D2D-21","No Sc, msc: Supernova, no sfx, Next: [KD1]","She doesn’t seem to notice the interest she has a knowing smile as her attention still seems on me and my phone. ","Nu pare să observe interesul meu; are un zâmbet cunoscător, iar atenția ei rămâne concentrată pe mine și pe telefonul meu. "
"KD1","Sc: K'Kili the Destroyer, msc: Supernova, sfx: KKILI2, Next: [DD2-9]","They must sound important to you. Just relax I’m sure you’re lovely to speak to. ","Pare importantă pentru tine. Relaxează‑te, sunt sigur că ești o persoană cu care e plăcut să vorbești. "
"DD2-9","Sc: Dmi, msc: Supernova, no sfx, Next: [D2D-22]","It depends on the day.","Depinde de zi."
"D2D-22","No Sc, msc: Supernova, no sfx, Next: [KD2]","She laughs.","Râde."
"KD2","Sc: K'Kili the Destroyer, msc: Supernova, sfx: KKILI3, Next: [D2D-23]","Hit me with it. What’s got you stressed?","Ia spune! Ce te stresează?"
"D2D-23","No Sc, msc: Supernova, no sfx, Next: [D2D-24]","I think for a second. Do I actually want to just spill my guts out to this complete stranger?","Mă gândesc timp de o clipă. Chiar vreau să mă descarc în fața unei străine?"
"D2D-24","No Sc, msc: Supernova, no sfx, Next: [D2D-25]","…","…"
"D2D-25","No Sc, msc: Supernova, no sfx, Next: [DD2-10]","Actually yeah. I can’t pay for a therapist anyways. Why not. ","De fapt, da. Oricum nu pot plăti un terapeut. De ce nu? "
"DD2-10","Sc: Dmi, msc: Supernova, no sfx, Next: [D2D-26]","I don’t know how to tell her I don’t qualify for a space jump so I’m going to be stuck here.","Nu știu cum să-i spun că nu sunt eligibil pentru un salt intersolar, așa că voi rămâne aici."
"D2D-26","No Sc, msc: Supernova, no sfx, Next: [DD2-11]","The not-therapist nods as she listens to me.","Ne-terapeuta dă din cap în timp ce mă ascultă."
"DD2-11","Sc: Dmi, msc: Supernova, no sfx, Next: [KD3]","I’ve been trying to just carry on but I think she knows something is wrong. ","Am încercat să continui, dar cred că ea știe că ceva nu e în regulă. "
"KD3","Sc: K'Kili the Destroyer, msc: Supernova, sfx: KKILI2, Next: [D2D-27]","Well you’re going to traumatize the stars outta her when she finds out you’re gonna be space dust and you never warned her. ","Păi o să‑i traumatizezi stelele din cap când o să afle că o să ajungi praf stelar și nici măcar n‑ai avertizat‑o. "
"D2D-27","No Sc, msc: Supernova, no sfx, Next: [D2D-28]","I choke. When she puts it that way…","Mă înec. Dacă așa stau lucrurile…"
"D2D-28","No Sc, msc: Supernova, no sfx, Next: [DD2-12]","I try to search for a way to back out despite this being my fault we’re having this very personal conversation at a gas station counter.","Încerc să găsesc o cale să mă retrag, deși e vina mea că avem conversația asta atât de personală la tejgheaua unei benzinării."
"DD2-12","Sc: Dmi, msc: Supernova, no sfx, Next: [KD4]","Is there something in particular you’re looking for or…? ","Căutați ceva anume sau...? "
"KD4","Sc: K'Kili the Destroyer, msc: Supernova, sfx: KKILI1, Next: [D2D-29]","I see what you’re doing here.","Înțeleg ce faci."
"D2D-29","No Sc, msc: Supernova, no sfx, Next: [KD5]","She plays along though.","Totuși, intră în joc."
"KD5","Sc: K'Kili the Destroyer, msc: Supernova, sfx: KKILI3, Next: [KD6]","I’ll put 900 luncos on pump 5.","Pun 900 de luncoși la pompa 5."
"KD6","Sc: K'Kili the Destroyer, msc: Supernova, sfx: KKILI2, Next: [D2D-30]","And are any of those behind you good? Looking to get something for my wife back on our ship.","E ceva bun din alea din spatele tău? Vreau să iau ceva pentru soția mea, care e pe navă."
"D2D-30","No Sc, msc: Supernova, no sfx, Next: [DD2-13]","She points to the hot food machines behind me and I shrug.","Îmi arată spre aparatele cu mâncare caldă din spatele meu, iar eu ridic din umeri."
"DD2-13","Sc: Dmi, msc: Supernova, no sfx, Next: [DD2-14]","Nothing to write home about but I think they’re pretty good. ","Nimic extraordinar, dar cred că sunt destul de bune. "
"DD2-14","Sc: Dmi, msc: Supernova, no sfx, Next: [D2D-31]","Especially if you’re hungry.","Mai ales dacă ți-e foame."
"D2D-31","No Sc, msc: Supernova, no sfx, Next: [KD7]","She lets out a hearty laugh.","Râde cu poftă."
"KD7","Sc: K'Kili the Destroyer, msc: Supernova, sfx: KKILI1, Next: [KD8]","Oh man. I know that feeling when food is good just cuz you haven’t had anything. ","Of, Doamne. Știu cum e când mâncarea e bună pentru că nu ai mâncat nimic altceva. "
"KD8","Sc: K'Kili the Destroyer, msc: Supernova, sfx: KKILI3, Next: [KD8b]","Something with a good crunch to it seems like something my wife would like.","Ceva cu o textură crocantă cred că i‑ar plăcea soției mele."
"KD8b","No Sc, msc: Supernova, no sfx, Next: [TDP9-1,TDN9-1]","Select an item in the shop","Alege un obiect din magazin"
"KD8b-Option-1","No Sc, msc: Supernova, no sfx, Next: [TDP9-1,TDN9-1]","",""
"KD8b-Option-2","No Sc, msc: Supernova, no sfx, Next: [TDP9-1,TDN9-1]KD8b-Option-2","",""
"TDP9-1","Sc: K'Kili the Destroyer, msc: Supernova, sfx: KKILI2, Next: [TDP9-2]","What are these called again? M’Ghooni Nachos?","Cum se numesc ăștia? Nachos M’Ghooni?"
"TDP9-2","Sc: Dmi, msc: Supernova, no sfx, Next: [TDP9-3]","It's got a little kick to it. If your wife likes spice I’m sure she’d be into it.","Sunt puțin iuți. Dacă soției dumneavoastră îi plac lucrurile picante, sunt sigur că i‑ar plăcea așa ceva."
"TDP9-3","Sc: K'Kili the Destroyer, msc: Supernova, sfx: KKILI3, Next: [TDP9-4]","I’m Martian. I can handle more than a little kick.","Sunt marțiană. Un pic de iuțeală nu mă sperie."
"TDP9-4","No Sc, msc: Supernova, no sfx, Next: [TDP9-5]","The alleged shapeshifter lifts up a chip and chomps down on it.","Schimbătoarea de formă ridică un chips și îl înfulecă."
"TDP9-5","Sc: K'Kili the Destroyer, msc: Supernova, sfx: KKILI2, Next: [TDP9-6]","Oh! That's a pretty solid nacho.","Oo! Ăsta chiar e un nacho bun."
"TDP9-6","Sc: Dmi, msc: Supernova, no sfx, Next: [TDP9-7]","Yeah my friend would usually call me to bring some back with me back when we were roommates. ","Da, prietenul meu mă suna de obicei să‑i aduc și lui când eram colegi de apartament. "
"TDP9-7","Sc: K'Kili the Destroyer, msc: Supernova, sfx: KKILI1, Next: [TDP9-8]","They’ve got good taste. Can you get one for me too?","Are gusturi bune. Poți aduce o porție și pentru mine?"
"TDP9-8","No Sc, msc: Supernova, no sfx, Next: [D2D-32]","I nod as I go over to the machine and get out a second batch of M’Ghooni Nachos.","Dau din cap și mă duc la aparat, de unde scot o a doua porție de nachos M’Ghooni."
"TDN9-1","No Sc, msc: Supernova, no sfx, Next: [TDN9-2]","K’Kili inspects the food presented to her.","K’Kili examinează mâncarea din fața ei."
"TDN9-2","Sc: K'Kili the Destroyer, msc: Supernova, sfx: KKILI1, Next: [TDN9-3]","Hmm I don’t mean to be rude kid but I don’t think she’s going to like this. ","Mmm, nu vreau să fiu nepoliticoasă, dar nu cred că o să-i placă asta. "
"TDN9-3","Sc: K'Kili the Destroyer, msc: Supernova, sfx: KKILI2, Next: [TDN9-4]","I wouldn’t really call this crunchy either.","Nici eu nu aș numi asta crocant."
"TDN9-4","Sc: Dmi, msc: Supernova, no sfx, Next: [TDN9-5]","You sure she might not like this better?","Sunteți sigură că nu i-ar plăcea mai mult asta?"
"TDN9-5","Sc: K'Kili the Destroyer, msc: Supernova, sfx: KKILI3, Next: [TDN9-6]","Pretty sure I’d know what she likes best.","Sunt destul de sigură că știu ce-i place cel mai mult."
"TDN9-6","No Sc, msc: Supernova, no sfx, Next: [TDN9-7]","I sigh. Seems my gas station munchies intuition failed me today.","Oftez. Se pare că intuiția mea pentru ronțăieli de benzinărie m‑a lăsat baltă azi."
"TDN9-7","Sc: Dmi, msc: Supernova, no sfx, Next: [TDN9-8]","Sorry bout that.","Scuze."
"TDN9-8","Sc: K'Kili the Destroyer, msc: Supernova, sfx: KKILI1, Next: [D2D-32]","It's fine. I’ll take the gas at least.","Nicio problemă. Cel puțin voi lua carburantul."
"D2D-32","No Sc, msc: Supernova, no sfx, Next: [KD9]","The woman grabs her wallet in her pocket.","Femeia își scoate portofelul din buzunar."
"KD9","Sc: K'Kili the Destroyer, msc: Supernova, sfx: KKILI2, Next: [DD2-15]","You take cards don’t you? Or did that stop for Doomsday?","Acceptați carduri, nu? Sau nu din cauza Apocalipsei?"
"DD2-15","Sc: Dmi, msc: Supernova, no sfx, Next: [D2D-33]","Nothing stops at Cosmic Fuel for Doomsday.","Nimic nu se oprește la Cosmic Fuel doar pentru că vine Apocalipsa."
"D2D-33","No Sc, msc: Supernova, no sfx, Next: [D2D-34]","The woman cooly passes a card to me. I grab for it and freeze as I realize she passed me an ID.","Femeia îmi întinde cu calm un card. Îl iau și îngheț când îmi dau seama că este de fapt o carte de identitate."
"D2D-34","No Sc, msc: Supernova, no sfx, Next: [D2D-35]","The name is one I remember very well as it was all over the Martian news. ","Numele e unul pe care mi‑l amintesc foarte bine, era peste tot în știrile marțiene. "
"D2D-35","No Sc, msc: Supernova, no sfx, Next: [KD10]","Holy crap. This woman is like… an urban legend on Mars.","La naiba. Femeia asta e practic... o legendă urbană pe Marte."
"KD10","Sc: K'Kili the Destroyer, msc: Supernova, sfx: KKili_Short, Next: [D2D-36]","Did my card decline?","Mi-a fost refuzat cardul?"
"D2D-36","No Sc, msc: Supernova, no sfx, Next: [KD11]","All six of her eyes widen as she realizes her debit card isn’t in my hand and she snatches it.","Toți cei șase ochi ai ei se măresc când realizează că cardul ei nu e în mâna mea și o smulge."
"KD11","Sc: K'Kili the Destroyer, msc: Supernova, sfx: KKili_Short, Next: [D2D-37]","Wrong card! Wrong card!","Card greșit! Card greșit!"
"D2D-37","No Sc, msc: Supernova, no sfx, Next: [D2D-38]","K’Kili passes me the right card.","K’Kili îmi dă cardul corect."
"D2D-38","No Sc, msc: Supernova, no sfx, Next: [KD12]","We sit in awkward silence.","Stăm într-o liniște ciudată."
"KD12","Sc: K'Kili the Destroyer, msc: Supernova, sfx: KKILI1, Next: [KD12b]","Are you going to ring me up or…?","O să-l treci sau...?"
"KD12b","No Sc, msc: Supernova, sfx: CashRegister, Next: [DD2-16]","-cash register noise-","-sunet de la casa de marcat-"
"DD2-16","Sc: Dmi, msc: Supernova, no sfx, Next: [DD2-17]","Eh I work at a gas station. I’m sure I’ve probably served someone with jaded pasts tons of times before. ","Ăăă... lucrez la o benzinărie. Sunt sigur că am mai dat peste oameni cu trecuturi complicate de nenumărate ori. "
"DD2-17","Sc: Dmi, msc: Supernova, no sfx, Next: [D2D-39]","You’re not going to throw me in the nearest black hole and take my place aren’t you?","Nu ai de gând să mă arunci în cea mai apropiată gaură neagră și să-mi iei locul, nu-i așa?"
"D2D-39","No Sc, msc: Supernova, no sfx, Next: [KD13]","K’Kili laughs.","K’Kili râde."
"KD13","Sc: K'Kili the Destroyer, msc: Supernova, sfx: KKILI3, Next: [DD2-18]","Not at all. I didn’t really use my powers like that. I can’t really shapeshift anymore anyways.","Nu. Nu mi-am folosit așa puterile. Oricum, nu prea mai pot să îmi schimb forma."
"DD2-18","Sc: Dmi, msc: Supernova, no sfx, Next: [D2D-40]","Oh?","Ce?"
"D2D-40","No Sc, msc: Supernova, no sfx, Next: [KD14]","She points to her antenna.","Arată spre antena ei."
"KD14","Sc: K'Kili the Destroyer, msc: Supernova, sfx: KKILI2, Next: [KD15]","My antenna is a little bent. So I can’t really do that anymore. ","Antena mea e puțin îndoită. Așa că nu prea mai pot face asta. "
"KD15","Sc: K'Kili the Destroyer, msc: Supernova, sfx: KKILI1, Next: [D2D-41]","I felt like my world was falling apart when it first happened but my wife has been so supportive. I mean I got injured trying to help her in the first place. ","La început am avut impresia că se năruie totul, dar soția mea m‑a sprijinit enorm. Adică m‑am rănit chiar încercând s‑o ajut. "
"D2D-41","No Sc, msc: Supernova, no sfx, Next: [KD16]","K’Kili lifts up her hand to show her ring. I can see the admiration and pride coming from her.","K’Kili își ridică mâna ca să-mi arate inelul. E evidentă admirația și mândria ei."
"KD16","Sc: K'Kili the Destroyer, msc: Supernova, sfx: KKILI3, Next: [DD2-19]","My wife means everything to me. A part of me is happy we can get away and start new somewhere else.","Soția mea reprezintă totul pentru mine. O parte din mine se bucură că putem pleca și că putem începe de la zero în altă parte."
"DD2-19","Sc: Dmi, msc: Supernova, no sfx, Next: [KD17]","Wow…she sounds so lucky to have you.","Uau... e atât de norocoasă că vă are."
"KD17","Sc: K'Kili the Destroyer, msc: Supernova, sfx: KKili_Short, Next: [D2D-42]","I’m the lucky one.","Eu sunt norocoasa."
"D2D-42","No Sc, msc: Supernova, no sfx, Next: [KD18]","K’Kili reaches over and places a hand on my shoulder. She has a strong grip. She probably could pull me over the counter like this.","K’Kili se întinde spre mine și îmi pune o mână pe umăr. Are o strânsoare puternică. Probabil că m-ar putea trage peste tejghea."
"KD18","Sc: K'Kili the Destroyer, msc: Supernova, sfx: KKILI1, Next: [KD19]","Listen kid. You don’t know me and I don’t know you too well but I feel like I should tell you… ","Ascultă, puștiule. Nu mă cunoști și nici eu nu te cunosc prea bine, dar simt că ar trebui să-ți spun... "
"KD19","Sc: K'Kili the Destroyer, msc: Supernova, sfx: KKILI2, Next: [KD20]","I don’t really know what your baggage is with whoever you’re talking to but be honest. I can tell they mean a lot to you. ","Nu știu ce probleme ai de fapt cu persoana cu care vorbești, dar fii sincer. Îmi dau seama că persoana aceea înseamnă mult pentru tine. "
"KD20","Sc: K'Kili the Destroyer, msc: Supernova, sfx: KKILI3, Next: [DD2-20]","I need you to really think about what they mean to you. Don’t you want to see them?","Trebuie să te gândești bine la ce înseamnă pentru tine. Nu vrei s-o vezi?"
"DD2-20","Sc: Dmi, msc: Supernova, no sfx, Next: [D2D-43]","I…can’t anyways… It's too late.","Eu... oricum nu pot... E prea târziu."
"D2D-43","No Sc, msc: Supernova, no sfx, Next: [KD21]","K’Kili lets go of my shoulder.","K’Kili îmi dă drumul la umăr."
"KD21","Sc: K'Kili the Destroyer, msc: Supernova, sfx: KKILI1, Next: [DD2-21]","I know… Just talk to them.","Știu... Doar vorbește-i."
"DD2-21","Sc: Dmi, msc: Supernova, no sfx, Next: [KD22]","…I’ll try.","...Voi încerca."
"KD22","Sc: K'Kili the Destroyer, msc: Supernova, sfx: KKILI3, Next: [D2D-44]","It's all you can do right?","E tot ce poți face, nu-i așa?"
"D2D-44","No Sc, msc: Supernova, no sfx, Next: [KD23]","She squints at my name tag.","Se uită lung la ecusonul meu."
"KD23","Sc: K'Kili the Destroyer, msc: Supernova, sfx: KKILI2, Next: [D2D-45]","You seem like a good kid. I’ll leave a nice review for you on Welp.","Îmi pari un puști bun. O să-ți las o recenzie frumoasă pe Welp."
"D2D-45","No Sc, msc: Supernova, no sfx, Next: [D2D-45b]","The woman offers me a smile and walks out of the Cosmic Fuel with nachos in hand.","Îmi zâmbește și iese din Cosmic Fuel cu nachos în mână."
"D2D-45b","No Sc, msc: Supernova, sfx: Door_Chime,Door_Close, Next: [D2D-46]","-door chimes and closes-","-clopoțelul sună și ușa se închide-"
"D2D-46","No Sc, msc: Supernova, no sfx, Next: [D2D-47]","I don’t move. Never in my life did I think I would be getting a pep talk about relationships with a customer who just wanted to buy snacks.","Nu mă mișc. Niciodată nu mi-aș fi închipuit că o să primesc o predică motivațională despre relații de la un client care voia doar să-și cumpere niște snacks-uri."
"D2D-47","No Sc, msc: Supernova, no sfx, Next: [D2D-48]","I should be on my way out of here. Maybe catching a ride outta here on a new planet but here I am. ","Ar trebui să plec de aici. Poate că ar trebui să prind o cursă spre o altă planetă, dar iată-mă tot aici. "
"D2D-48","No Sc, msc: Supernova, no sfx, Next: [D2D-49]","Doomed.","Terminat."
"D2D-49","No Sc, msc: Supernova, no sfx, Next: [D2D-50]","…","…"
"D2D-50","No Sc, msc: Supernova, no sfx, Next: [D2D-51]","Some time passes. I don’t get any more customers and I try to busy myself with the monotony of cleaning.","Timpul trece. Nu mai am clienți, așa că încerc să rămân ocupat cu monotonia curățeniei."
"D2D-51","No Sc, msc: Supernova, no sfx, Next: [D2D-52]","I think Flubber notices something is wrong cuz I find her wanting to brush up against me more as she tries to move off of her usual lounging spot.","Cred că Pisigel observă ceva pentru că pentru că o surprind tot mai des venind să se frece de mine când încearcă să plece din locul ei obișnuit de relaxare."
"D2D-52","No Sc, msc: Supernova, no sfx, Next: [D2D-53]","Rob eventually comes by. His usual cheery disposition fades as he picks up Flubber.","Vine și Rob în cele din urmă. Obișnuita lui dispoziție veselă dispare când o ia pe Pisigel."
"D2D-53","No Sc, msc: Supernova, no sfx, Next: [D2D-54]","I think it finally hit him about what was going to happen.","Cred că în cele din urmă a realizat ce urma să se întâmple."
"D2D-54","No Sc, msc: Supernova, no sfx, Next: [D2D-55]","…","…"
"D2D-55","No Sc, msc: Supernova, no sfx, Next: [D2D-55b]","I need to rest before tomorrow.","Trebuie să mă odihnesc înainte de ziua de mâine."
"D2D-55b","No Sc, msc: Supernova, sfx: Door_Open,Door_Chime,Door_Close, Next: [Day3Transition]","-door opens and closes with a chime-","-ușa se deschide și se închide cu un clinchet-"
"Day3Transition","No Sc, msc: Supernova, no sfx, Next: [D3D-1]","DAY 3","ZIUA 3"
"D3D-1","No Sc, msc: Supernova, no sfx, Next: [D3D-2]","Doomsday.","Apocalipsa."
"D3D-2","No Sc, msc: Supernova, no sfx, Next: [D3D-3]","Feels a lot quieter than how I’d imagined it.","E mult mai multă liniște decât mi-am imaginat."
"D3D-3","No Sc, msc: Supernova, no sfx, Next: [D3D-4]","Well most people evacuated… it makes sense it's this quiet. ","Cum majoritatea au plecat... e logic să fie liniște. "
"D3D-4","No Sc, msc: Supernova, no sfx, Next: [D3D-4b]","There’s no Flubber no Rob just me. ","Nu e nici Pisigel, nici Rob, doar eu. "
"D3D-4b","No Sc, msc: Supernova, sfx: Text_1, Next: [T18]","-phone chimes-","- se aude telefonul -"
"T18","Sc: Cassiopeia, on phone, msc: Supernova, sfx: Pocket_Swoosh_2, Next: [T19]","Dmi did you get my message about where to meet me at the Space Port? You haven’t been answering me since last night. ","Amd, ai primit mesajul meu legat de locul de întâlnire de la Portul Spațial? Nu mi-ai mai răspuns de noaptea trecută. "
"T19","Sc: Dmi, on phone, msc: Supernova, no sfx, Next: [T20]"," Sorry just been so busy. You know how it is. "," Scuze, am fost atât de ocupat. Știi cum e. "
"T20","Sc: Cassiopeia, on phone, msc: Supernova, sfx: Text_4_vibrate, Next: [D3D-5]","What’s wrong with you? I would think this is a pretty big time to answer your messages! I mean we got the last space jumps of the day! ","Ce-i cu tine? Aș zice că e un moment destul de important ca să răspunzi la mesaje! Adică avem ultimele salturi interstelare ale zilei! "
"D3D-5","No Sc, msc: Supernova, no sfx, Next: [D3D-6]","For once I feel tears threaten to fall from my face as I stare at my phone.","Pentru prima dată simt cum lacrimile sunt gata să se prelingă pe obraz în timp ce mă uit la telefon."
"D3D-6","No Sc, msc: Supernova, no sfx, Next: [T21]","I wipe my face. Why am I such a loser? I don’t wanna weigh her down. I’m doing her a favor by not telling her!","Le șterg. De ce sunt atât de fraier? Nu vreau să fiu o povară pentru ea. Îi fac o favoare dacă nu îi spun nimic!"
"T21","Sc: Cassiopeia, on phone, msc: Supernova, no sfx, Next: [DD3-1a]"," Dmi?"," Amd?"
"DD3-1a","No Sc, msc: Supernova, sfx: Smoke_Detector_Beep_2, Next: [DD3-1]","-smoke alarm chirps-","-detectorul de fum țiuie-"
"DD3-1","Sc: Dmi, msc: Supernova, no sfx, Next: [D3D-7]"," Really? Today of all days?"," Serios? Tocmai azi?"
"D3D-7","No Sc, msc: Supernova, no sfx, Next: [D3D-8]","You’d think after all this time smoke alarms wouldn’t work the same way as they did hundreds of years ago.","Te-ai gândi că, după atâta timp, detectoarele de fum n-ar mai funcționa la fel ca acum sute de ani."
"D3D-8","No Sc, msc: Supernova, no sfx, Next: [AD1a]","I tune it out as I busy myself with my normal routine. Cleaning waiting more cleaning and more waiting. ","Îl ignor, ocupându-mă de rutina mea obișnuită. Curățenie, așteptare, iar curățenie și iar așteptare. "
"AD1a","No Sc, msc: Supernova, sfx: Door_Chime,Door_Open, Next: [AD1]","-door opens and chimes-","-clopoțelul sună și ușa se deschide-"
"AD1","Sc: Aiyana, msc: Supernova, sfx: ALYANA1, Next: [D3D-9]","Oh wow. You’re actually open. ","Oo, uau! Chiar sunteți deschiși. "
"D3D-9","No Sc, msc: Supernova, no sfx, Next: [D3D-10]","My head whips up from where I was brooming from the already pristine floors.","Îmi ridic brusc capul de unde dădeam cu mătura pe podelele deja imaculate."
"D3D-10","No Sc, msc: Supernova, no sfx, Next: [DD3-2]","Xey holds a phone in xeir hand.","Ține un telefon în mână."
"DD3-2","Sc: Dmi, msc: Supernova, no sfx, Next: [D3D-11]"," Oh hey. Uh what are you doing here? "," O, bună! Ăă, ce faceți aici? "
"D3D-11","No Sc, msc: Supernova, no sfx, Next: [D3D-12]","The person walks towards the counter. I walk behind it just as I usually would.","Vine spre tejghea. Mă duc în spatele tejghelei, așa cum aș face în mod normal."
"D3D-12","No Sc, msc: Supernova, sfx: Smoke_Detector_Beep_2, Next: [AD2]","Xey pause as xey look up at the chirping smoke alarm. I watch the gears turn as xey decide to ignore it.","Xey se oprește în timp ce se uită la detectorul de fum care țiuie. Urmăresc cum i se învârt rotițele în timp ce se decide să îl ignore."
"AD2","Sc: Aiyana, msc: Supernova, sfx: ALYANA2, Next: [DD3-3]"," I wanted to see if I can get a snack or something. My phone said this place was open. I wanted to grab something before going back home to Earth. "," Voiam să văd dacă pot lua vreun snack sau ceva de genul ăsta. Pe telefon scria că aici e deschis. Voiam să iau ceva înainte să mă întorc pe Pamânt. "
"DD3-3","Sc: Dmi, msc: Supernova, no sfx, Next: [D3D-13]"," Earth?"," Pământ?"
"D3D-13","No Sc, msc: Supernova, no sfx, Next: [AD3]","Earth isn’t a planet you hear too often when it came to human inhabitants. Despite the supernova, Earth has already been deemed unfavorable for living compared to anywhere else.","Pământul nu e o planetă despre care să auzi prea des când vine vorba de locuitori umani. În ciuda supernovei, Pământul fusese deja considerat nefavorabil vieții, în comparație cu orice alt loc."
"AD3","Sc: Aiyana, msc: Supernova, sfx: ALYANA3, Next: [AD4]"," Yeah some people actually still live there. "," Da, unii oameni chiar locuiesc acolo. "
"AD4","Sc: Aiyana, msc: Supernova, sfx: ALYANA1, Next: [D3D-14]"," and by some people I mean me."," și când mă refer la unii oameni, mă refer la mine."
"D3D-14","No Sc, msc: Supernova, no sfx, Next: [DD3-4]","I chuckle.","Îmi scapă un chicot."
"DD3-4","Sc: Dmi, msc: Supernova, no sfx, Next: [AD5]"," Well what are you looking for? I can help you pick out something. "," Ce căutați? Vă pot ajuta să alegeți ceva. "
"AD5","Sc: Aiyana, msc: Supernova, sfx: ALYANA3, Next: [AD6]","Well to be honest…I don’t really care. What do you think is good? ","Sinceră să fiu... Nu prea îmi pasă. Ce crezi că e bun? "
"AD6","Sc: Aiyana, msc: Supernova, sfx: Alyana_Short, Next: [AD6b]","I’ll take anything.","Voi lua orice."
"AD6b","No Sc, msc: Supernova, no sfx, Next: [TDP10-1]","Select an item in the shop","Alege un obiect din magazin"
"AD6b-Option-1","No Sc, msc: Supernova, no sfx, Next: [TDP10-1]","",""
"AD6b-Option-2","No Sc, msc: Supernova, no sfx, Next: [TDP10-1]AD6b-Option-2","",""
"TDP10-1","Sc: Aiyana, msc: Supernova, sfx: ALYANA1, Next: [TDP10-2]","Hmm don’t think I’ve tried this before. ","Mmm, nu cred că am mai gustat asta. "
"TDP10-2","Sc: Aiyana, msc: Supernova, sfx: Alyana_Short, Next: [TDP10-3]"," How many luncos is it?"," Cât costă?"
"TDP10-3","Sc: Dmi, msc: Supernova, no sfx, Next: [TDP10-4]","I’d be crazy to make this company richer by charging you.","Aș fi nebun dacă aș face compania asta mai bogată, luând bani de la dumneavoastră."
"TDP10-4","Sc: Aiyana, msc: Supernova, sfx: Alyana_Short, Next: [TDP10-4a]"," Just checking."," Verificam."
"TDP10-4a","Sc: Aiyana, msc: Supernova, sfx: ALYANA1, Next: [TDP10-5]"," So what possessed you to clock in when you could be at home or better yet at the Space Port on your way out of here? "," Așa că, ce te-a apucat și ai venit la serviciu, când ai putea fi acasă sau, mai bine, la Portul Spațial ca să pleci de aici? "
"TDP10-5","Sc: Dmi, msc: Supernova, no sfx, Next: [TDP10-6]"," Just a coward who thinks working at a gas station is more comfortable than confronting my problems head-on."," Sunt un laș care crede că munca la o benzinărie e mult mai convenabilă decât să își confrunte problemele în mod direct."
"TDP10-6","Sc: Dmi, msc: Supernova, no sfx, Next: [TDP10-7]"," What about you?"," Dumneavoastră?"
"TDP10-7","No Sc, msc: Supernova, no sfx, Next: [TDP10-8]","Xey let out a bitter laugh.","Xey râse amar."
"TDP10-8","Sc: Aiyana, msc: Supernova, sfx: Alyana_Short, Next: [TDP10-9]"," I stayed behind."," Am rămas în urmă."
"TDP10-9","Sc: Aiyana, msc: Supernova, sfx: ALYANA2, Next: [TDP10-10]"," You might think it's stupid but I want to stay with the Earth in its final moments. "," Poate ți se pare o prostie, dar vreau să stau cu Pământul în ultimele sale clipe de viață. "
"TDP10-10","Sc: Aiyana, msc: Supernova, sfx: ALYANA1, Next: [TDP10-11]","Everyone left it behind and I just don’t want to do the same. I did too much for that floating rock in space. I tried my best. ","Toți l-au părăsit și nu vreau să fac același lucru. Am făcut prea multe pentru piatra aia care plutește în spațiu. Am făcut tot ce am putut. "
"TDP10-11","Sc: Dmi, msc: Supernova, no sfx, Next: [TDP10-12]","You’re just going to get sent to hell with it?","Și vă veți duce dracului împreună cu ea?"
"TDP10-12","Sc: Aiyana, msc: Supernova, sfx: ALYANA2, Next: [TDP10-13]"," That does make it sound cooler when you say it like that."," Când o spui așa, chiar pare mult mai tare."
"TDP10-13","Sc: Dmi, msc: Supernova, no sfx, Next: [TDP10-14]","I don’t really think it's stupid.","Nu cred că e un lucru prostesc."
"TDP10-14","Sc: Dmi, msc: Supernova, no sfx, Next: [TDP10-15]","What's your name? Might as well ask while we’re here.","Cum vă numiți? Să întreb dacă tot suntem aici."
"TDP10-15","Sc: Aiyana, msc: Supernova, sfx: ALYANA3, Next: [TDP10-16]"," It's Aiyana. Nothing special to it."," Aiyana. Nimic special."
"TDP10-16","No Sc, msc: Supernova, no sfx, Next: [TDP10-17]","Xey look at my name tag. I see as xeir eyes look back down to double check.","Se uită la ecusonul meu. Văd cum i se coboară privirea din nou, ca să verifice încă o dată."
"TDP10-17","Sc: Aiyana, msc: Supernova, sfx: Alyana_Short, Next: [TDP10-18]"," Thanks for the free stuff Dmi. "," Îți mulțumesc pentru lucrurile gratuite, Amd. "
"TDP10-18","Sc: Dmi, msc: Supernova, no sfx, Next: [TDP10-19]"," It's no problem. Just enjoy it. Thanks for being my last customer."," Nicio problemă. Să vă bucurați de ele. Vă mulțumesc că ați fost ultimul meu client."
"TDP10-19","Sc: Aiyana, msc: Supernova, sfx: ALYANA1, Next: [TDP10-20]","For what it's worth I think they deserve to know. There isn’t much time left. ","Oricum ar fi, cred că merită să știe. Nu a mai rămas mult timp. "
"TDP10-20","Sc: Aiyana, msc: Supernova, sfx: ALYANA3, Next: [TDP10-21]","I don’t think anyone should go out with regrets.","Nu cred că trebuie să plecăm cu regrete."
"TDP10-21","No Sc, msc: Supernova, no sfx, Next: [TDP10-22]","Xey go over to the door.","Se duce spre ușă."
"TDP10-22","Sc: Aiyana, msc: Supernova, sfx: ALYANA2, Next: [TDP10-22b]","Also take out the batteries in that smoke alarm. You don’t have to be in hell already jeez. ","Și scoate bateriile de la detectorul ăla de fum. Nu e nevoie să fii deja în iad, dumnezeule. "
"TDP10-22b","No Sc, msc: Supernova, sfx: Door_Chime,Door_Close, Next: [D3D-15a]","-door opens and closes with a chime-","-ușa se deschide și se închide cu un clinchet-"
"D3D-15a","No Sc, msc: Supernova, no sfx, Next: [D3D-15]","I grab my broom and give the smoke alarm a solid SMACK.","Apuc mătura și lovesc PUTERNIC detectorul de fum."
"D3D-15","No Sc, msc: Supernova, no sfx, Next: [D3D-16]","The thing falls to the ground. Aiyana was right about how annoying the noise is when you’re not ignoring it.","Cade pe podea. Aiyana avea dreptate, zgomotul era enervant când nu îl ignorai."
"D3D-16","No Sc, msc: Supernova, no sfx, Next: [D3D-16b]","Time passes.","Trece timpul."
"D3D-16b","No Sc, msc: Supernova, sfx: Text_1, Next: [PON-1,POP-1]","-phone chimes-","- se aude telefonul -"
"D3D-16b-Option-1","No Sc, msc: Supernova, sfx: Text_1, Next: [PON-1,POP-1]","",""
"D3D-16b-Option-2","No Sc, msc: Supernova, sfx: Text_1, Next: [PON-1,POP-1]D3D-16b-Option-2","",""
"PON-1","No Sc, msc: BracingForImpact, no sfx, Next: [PON-2]","It's Cassiopeia.","E Cassiopeia."
"PON-2","No Sc, msc: BracingForImpact, no sfx, Next: [PON-3]","I pick up my phone but put it back down.","Ridic telefonul, dar îl pun la loc."
"PON-3","Sc: Dmi, msc: BracingForImpact, no sfx, Next: [PON-4]"," Sorry Cassie. Just focus on getting out of here."," Scuze, Cassie. Mă gândesc cum să plec de aici."
"PON-4","No Sc, msc: BracingForImpact, no sfx, Next: [PON-5]","A sinking feeling forms in my stomach as I realize she stopped because its time for her to make her space jump.","Simt cum mi se strânge stomacul când îmi dau seama că s‑a oprit pentru că a venit momentul să facă saltul interstelar."
"PON-5","No Sc, msc: BracingForImpact, no sfx, Next: [PON-6]","She gave up.","A renunțat."
"PON-6","No Sc, msc: BracingForImpact, no sfx, Next: [PON-7]","I thought I could handle this.","Credeam că pot face față."
"PON-7","No Sc, msc: BracingForImpact, no sfx, Next: [PON-8]","I thought I would be fine.","Credeam că voi fi bine."
"PON-8","No Sc, msc: BracingForImpact, no sfx, Next: [PON-9]","Maybe it would have been better to just tell her. She must have cared if she wanted to speak to me so badly.","Poate ar fi fost mai bine să‑i fi spus pur și simplu. Trebuie să-i fi păsat, dacă a vrut atât de mult să vorbească cu mine."
"PON-9","No Sc, msc: BracingForImpact, no sfx, Next: [PON-10]","I pull up a chair next to the window and take a seat.","Trag un scaun lângă fereastră și mă așez."
"PON-10","No Sc, msc: Supernova, no sfx, Next: [PON-11]","Cosmic Fuel the place to fill to your heart’s content… ","Cosmic Fuel - locul în care te alimentezi pe placul inimii… "
"PON-11","No Sc, msc: Supernova, no sfx, Next: [PON-12]","Now it is the place where my heart feels the most empty. ","Acum e locul în care inima mea e mai goală ca niciodată. "
"PON-12","No Sc, msc: BracingForImpact, no sfx","I’m an idiot.","Sunt un idiot."
"POP-1","No Sc, msc: Supernova, no sfx, Next: [POP-2]","It's time to stop beating around the bush.","Trebuie să trecem la subiect."
"POP-2","Sc: Cassiopeia, on phone, msc: Supernova, sfx: Text_4_vibrate, Next: [POP-3]","Dmi you’re actually scaring me. Why aren’t you answering? ","Amd, mă sperii! De ce nu răspunzi? "
"POP-3","Sc: Dmi, on phone, msc: Supernova, no sfx, Next: [POP-4]","I can’t go to the Space Port.","Nu pot merge la Portul Spațial."
"POP-4","No Sc, msc: Supernova, no sfx, Next: [POP-5]","Silence.","Liniște."
"POP-5","Sc: Cassiopeia, on phone, msc: Supernova, sfx: Text_4_vibrate, Next: [POP-6]"," Are u at home?"," Ești acasă?"
"POP-6","Sc: Dmi, on phone, msc: Supernova, no sfx, Next: [POP-7]"," No."," Nu."
"POP-7","No Sc, msc: Supernova, no sfx, Next: [POP-8]","Silence.","Liniște."
"POP-8","Sc: Cassiopeia, on phone, msc: Supernova, sfx: Text_4_vibrate, Next: [POP-9]"," Give me a few minutes."," Dă-mi câteva minute."
"POP-9","Sc: Dmi, on phone, msc: Supernova, no sfx, Next: [POP-10]"," What"," Ce"
"POP-10","No Sc, msc: Supernova, no sfx, Next: [POP-11]","Cassiopeia stops replying.","Cassiopeia nu mai răspunde."
"POP-11","No Sc, msc: Supernova, no sfx, Next: [POP-12]","I stare at my phone before typing a few more replies.","Mă uit la telefon înainte să îi scriu alte mesaje."
"POP-12","No Sc, msc: Supernova, no sfx, Next: [POP-13]","Nothing.","Nimic."
"POP-13","No Sc, msc: Supernova, no sfx, Next: [POP-14]","Is she mad at me? I know this has gotta take the prize for one of the worst things to ever tell someone.","E supărată pe mine? Știu că asta trebuie să fie pe lista celor mai groaznice lucruri pe care i le poți spune cuiva."
"POP-14","No Sc, msc: Supernova, no sfx, Next: [POP-15]","Crap.","La naiba."
"POP-15","No Sc, msc: Supernova, no sfx, Next: [POP-16]","I should have just come clean earlier. Of course she’s not going to take this well. WHO WOULD? ","Ar fi trebuit să fi fost sincer de mai demult. Normal că nu o să primească bine vestea. CINE AR FACE-O? "
"POP-16","No Sc, msc: Supernova, no sfx, Next: [POP-16b]","I place my face in my hands and groan. For some reason the entire universe has been shooting me signs to just come clean and here I am a few hours from Doomsday and I just-- ","Îmi acopăr fața cu mâinile și oftez. Dintr‑un motiv sau altul, întregul univers pare să-mi tot trimită semne să spun adevărul, iar eu sunt aici, la doar câteva ore de Apocalipsă, și pur și simplu-- "
"POP-16b","No Sc, msc: Supernova, sfx: Door_Chime,Door_Open, Next: [POP-17]","-door opens and chimes-","-clopoțelul sună și ușa se deschide-"
"POP-17","Sc: Dmi, msc: Supernova, no sfx, Next: [POP-18]"," Huh?"," Ce?"
"POP-18","No Sc, msc: BracingForImpact, no sfx, Next: [POP-19]","Every atom in my body freezes as I look at the panting figure standing in the doorway.","Fiecare atom din corpul meu îngheață în clipa în care privesc silueta care gâfâie în prag."
"POP-19","Sc: Dmi, msc: BracingForImpact, no sfx, Next: [POP-20]","C-Cassiopeia…?","C-Cassiopeia…?"
"POP-20","Sc: Cassiopeia, msc: BracingForImpact, sfx: CASS1, Next: [POP-21]","You don’t know how hard it was for me to get here in the time I had left.","Nu știi cât de greu mi‑a fost să ajung aici în timpul pe care îl mai aveam."
"POP-21","No Sc, msc: BracingForImpact, no sfx, Next: [POP-22]","She punches me immediately.","Mă lovește imediat."
"POP-22","Sc: Dmi, msc: BracingForImpact, no sfx, Next: [POP-23]"," Ow! Cassie!"," Au! Cassie!"
"POP-23","No Sc, msc: BracingForImpact, no sfx, Next: [POP-24]","She punches me again.","Mă lovește din nou."
"POP-24","Sc: Cassiopeia, msc: BracingForImpact, sfx: CASS2, Next: [POP-25]","Don’t “Ow” me! YOU WOULD PICK NOW OUT OF ALL TIMES TO TELL ME YOU WEREN’T ABLE TO GET CLEARED FOR A SPACE JUMP?","Nu-mi spune mie „Au”! AI ALES FIX MOMENTUL ĂSTA, DINTRE TOATE, CA SĂ-MI SPUI CĂ NU AI APROBAREA PENTRU SALTUL INTERSTELAR?"
"POP-25","No Sc, msc: BracingForImpact, no sfx, Next: [POP-26]","She’s fuming understandably so. ","E înfuriată, pe bună dreptate. "
"POP-26","Sc: Dmi, msc: BracingForImpact, no sfx, Next: [POP-27]","I’m sorry! I didn’t want you to worry about me!","Îmi pare rău! Nu voiam să îți faci griji pentru mine!"
"POP-27","Sc: Dmi, msc: BracingForImpact, no sfx, Next: [POP-28]","Also things just weren’t the best. I…didn’t see how things would get better even if I found a way to go. ","Și lururile nu mergeau tocmai bine. Nu... nu vedeam cum s-ar fi putut îmbunătăți nici dacă aș fi găsit un mod de a pleca. "
"POP-28","No Sc, msc: BracingForImpact, no sfx, Next: [POP-29]","Cassiopeia relaxes.","Cassiopeia se relaxează."
"POP-29","Sc: Cassiopeia, msc: BracingForImpact, sfx: Cassie_Short, Next: [POP-30]"," Is anyone else here?"," Mai e altcineva aici?"
"POP-30","Sc: Dmi, msc: BracingForImpact, no sfx, Next: [POP-31]"," It's just me."," Doar eu."
"POP-31","Sc: Cassiopeia, msc: BracingForImpact, sfx: CASS4, Next: [POP-32]"," Do you guys sell Chai here?"," Vindeți chai aici?"
"POP-32","No Sc, msc: BracingForImpact, no sfx, Next: [POP-33a]","Chai has always been Cassiopeia’s choice for an end-of-the-world drink. We’ve had too many late-night “What-if?” conversations for me to not remember.","Chaiul a fost întotdeauna băutura aleasă de Cassiopeia pentru sfârșitul lumii. Am avut mult prea multe discuții în miez de noapte, de tipul „Ce-ar fi dacă?”, ca să nu-mi amintesc."
"POP-33a","Sc: Dmi, msc: BracingForImpact, sfx: , Next: [POP-33]","I’ll get that for you.","Îți aduc."
"POP-33","Sc: Cassiopeia, msc: BracingForImpact, sfx: Cassie_Short, Next: [POP-34]"," Thanks Dmi."," Mulțumesc, Amd."
"POP-34","No Sc, msc: BracingForImpact, no sfx, Next: [POP-35]","I change the settings of the hot drink machine to Chai and watch as the warm drink pours into the cup.","Schimb setările aparatului de băuturi calde pe Chai și privesc cum băutura fierbinte curge în cană."
"POP-35","No Sc, msc: BracingForImpact, no sfx, Next: [POP-36]","I place the cup down on the counter in front of me and push it toward her.","Pun cana pe tejgheaua din fața mea și o împing spre ea."
"POP-36","Sc: Cassiopeia, msc: BracingForImpact, sfx: Cassie_Short, Next: [POP-37]"," Dmi come. "," Amd, vino. "
"POP-37","No Sc, msc: BracingForImpact, no sfx, Next: [POP-38]","She moves over to the window with her Chai in hand. I grab my chair and an extra from behind the counter and drag them over to her.","Se duce la fereastră cu chai-ul în mână. Îmi iau scaunul și încă unul din spatele tejghelei și le duc spre ea."
"POP-38","No Sc, msc: BracingForImpact, no sfx, Next: [POP-38b]","She takes a long sip of her drink before sitting down.","Ia o înghițitură lungă din băutură înainte să se așeze."
"POP-38b","No Sc, msc: BracingForImpact, sfx: Smoke_Detector_Beep_2, Next: [POP-39]","-smoke alarm chirps-","-detectorul de fum țiuie-"
"POP-39","No Sc, msc: BracingForImpact, no sfx, Next: [POP-40]","Cassiopeia searches for the sound. I grab a nearby broom.","Cassiopeia caută să vadă de unde vine sunetul. Apuc o mătură din apropiere."
"POP-40","Sc: Dmi, msc: BracingForImpact, no sfx, Next: [POP-41]"," Give me a second."," O secundă."
"POP-41","No Sc, msc: BracingForImpact, no sfx, Next: [POP-42]","I land a solid SMACK at the smoke alarm and watch as it falls to pieces.","Lovesc PUTERNIC detectorul de fum și îl privesc cum cade în bucățele."
"POP-42","No Sc, msc: BracingForImpact, no sfx, Next: [POP-43]","Cassiopeia doesn’t say a word as I bring myself next to her.","Cassiopeia nu spune nimic când mă apropii de ea."
"POP-43","Sc: Cassiopeia, msc: BracingForImpact, sfx: Cassie_Short, Next: [POP-44]","As I was saying…","După cum spuneam…"
"POP-44","Sc: Cassiopeia, msc: BracingForImpact, sfx: CASS4, Next: [POP-45]"," Did you ever think about what happens after the supernova if you never told me?"," Te-ai gândit vreodată ce s-ar fi întâmplat după supernovă dacă nu mi-ai fi spus niciodată?"
"POP-45","Sc: Dmi, msc: BracingForImpact, no sfx, Next: [POP-46]","You’d carry on without me. Probably. Cassie you’re not even going to make it back in time! ","Ai fi continuat fără mine. Probabil. Cassie, nu vei apuca să te întorci la timp! "
"POP-46","No Sc, msc: BracingForImpact, no sfx, Next: [POP-47]","Cassiopeia doesn’t answer. She takes another sip of her cheap gas station Chai.","Cassiopeia nu îmi răspunde. Mai soarbe o dată din chai-ul ei ieftin de benzinărie."
"POP-47","Sc: Cassiopeia, msc: BracingForImpact, sfx: CASS3, Next: [POP-48]","Nice try. Dmi you’re one of the most important people to me. ","Frumoasă încercare. Amd, ești una dintre cele mai importante persoane din viața mea. "
"POP-48","Sc: Cassiopeia, msc: BracingForImpact, sfx: CASS1, Next: [POP-49]","I’m here because I want to be here with you!","Sunt aici pentru că vreau să fiu aici cu tine!"
"POP-49","Sc: Dmi, msc: BracingForImpact, no sfx, Next: [POP-50]"," Cass--"," Cass--"
"POP-50","Sc: Cassiopeia, msc: BracingForImpact, sfx: CASS2, Next: [POP-51]"," You have been giving me the slip for days and I knew something was up!"," M-ai tot fentat zile întregi și știam că e ceva la mijloc!"
"POP-51","No Sc, msc: BracingForImpact, no sfx, Next: [POP-52]","Tears well up in my eyes. I can’t help it.","Simt cum mi se umplu ochii de lacrimi. Nu mă pot abține."
"POP-52","Sc: Cassiopeia, msc: BracingForImpact, sfx: Cassie_Short, Next: [POP-53]","Dmi? Come on…","Amd? Haide…"
"POP-53","No Sc, msc: BracingForImpact, no sfx, Next: [POP-54]","She takes me into her arms before she wipes at my tears. She holds my face in her hands. I can’t pinpoint the emotion I see in her face.","Mă ia în brațe înainte să îmi șteargă lacrimile. Îmi încadrează fața cu mâinile ei. Nu pot să identific emoția pe care o văd pe chipul ei."
"POP-54","No Sc, msc: BracingForImpact, no sfx, Next: [POP-55]","Was it pity?","Era milă?"
"POP-55","Sc: Cassiopeia, msc: BracingForImpact, sfx: CASS1, Next: [POP-56]","I want to be here with you. Don’t cry.","Vreau să fiu aici cu tine. Nu plânge."
"POP-56","No Sc, msc: BracingForImpact, no sfx, Next: [POP-57]","…love? Was that it?","…dragoste? Asta era?"
"POP-57","Sc: Dmi, msc: BracingForImpact, no sfx, Next: [POP-58]"," I wish we had more time. I wish we could have done more things together or had a chance to just live in another galaxy. Or at least you should be able to leave-- "," Îmi doresc să fi avut mai mult timp. Îmi doresc să fi făcut mai multe lucruri împreună sau să fi avut șansa să trăim pur și simplu într-o altă galaxie. Sau cel puțin să fi putut pleca-- "
"POP-58","No Sc, msc: BracingForImpact, no sfx, Next: [POP-59]","Cassiopeia wipes at my tears some more. I see her own tears threaten to fall.","Cassiopeia îmi șterge și alte lacrimi. Îi văd lacrimile strângându-se în colțul ochilor."
"POP-59","Sc: Cassiopeia, msc: BracingForImpact, sfx: CASS3, Next: [POP-60]","I don’t want to leave without you.","Nu vreau să plec fără tine."
"POP-60","No Sc, msc: BracingForImpact, no sfx, Next: [POP-60b]","I wipe at my own tears.","Îmi șterg lacrimile."
"POP-60b","No Sc, msc: BracingForImpact, sfx: Text_1, Next: [TPOP-1]","-phone chimes-","- se aude telefonul -"
"TPOP-1","No Sc, on phone, msc: BracingForImpact, no sfx, Next: [POP-61]","SUPERNOVA IMMINENT. EVACUATE IMMEDIATELY.","SUPERNOVĂ IMINENTĂ. EVACUAȚI IMEDIAT."
"TPOP-2"," ""added missing string""","!!! DEIMOS MOON WARNING !!!","!!! ALERTĂ LUNA DEIMOS !!!"
"POP-61","Sc: Dmi, msc: BracingForImpact, no sfx, Next: [POP-62]","A little late for that isn’t it?","E cam târziu pentru asta, nu-i așa?"
"POP-62","No Sc, msc: BracingForImpact, no sfx, Next: [POP-63]","I scoot my chair closer to Cassiopeia. She’s a beacon in this time where I thought I would be alone.","Îmi trag scaunul mai aproape de Cassiopeia. Ea farul meu acum, când credeam că voi fi singur."
"POP-63","No Sc, msc: BracingForImpact, no sfx, Next: [POP-64]","I didn’t think I would be ready for this. I still don’t think I am.","Nu credeam că voi fi pregătit pentru asta. Încă nu cred că sunt."
"POP-64","No Sc, msc: BracingForImpact, no sfx, Next: [POP-65]","Cassiopeia takes my hand and smiles as she gives it a squeeze.","Cassiopeia îmi ia mâna și zâmbește în timp ce o strânge."
"POP-65","No Sc, msc: BracingForImpact, no sfx, Next: [POP-66]","Okay…","OK…"
"POP-66","No Sc, msc: BracingForImpact, no sfx, Next: [POP-67]","Alright…","Bine…"
"POP-67","Sc: Dmi, msc: BracingForImpact, no sfx, Next: [POP-68]","Thank you Cassie. ","Îți mulțumesc, Cassie. "
"POP-68","No Sc, msc: BracingForImpact, no sfx, Next: [POP-69]","She chuckles somehow she’s still smug even now. ","Râde înfundat, cumva reușește să fie arogantă chiar și acum. "
"POP-69","Sc: Cassiopeia, msc: BracingForImpact, sfx: Cassie_Short, Next: [POP-70]"," I love you too Dmi. "," Și eu te iubesc, Amd. "
"POP-70","No Sc, msc: BracingForImpact, no sfx, Next: [POP-71]","I return her laugh as our world goes white.","Îi răspund cu un zâmbet în timp ce lumea noastră se face albă."
"POP-71","No Sc, msc: BracingForImpact, no sfx","I was never really alone.","Nu eram nicodată singur."
