"location","context","source","target"
"O1","No Sc, msc: SupernovaAlt, no sfx, Next: [O2]","The Solar System. We all know it well. Home to an indescribable number of lifeforms across each planet.","Добре відома нам Сонячна система. Домівка безлічі життєвих форм із кожної планети."
"O2","No Sc, msc: SupernovaAlt, no sfx, Next: [O3]","That doesn’t matter much anymore. The Solar System is reaching its end and our Sun is reaching the end of its days. From Mercury to Uranus (Justice for Pluto) people are evacuating to escape the incoming supernova.","Та це вже не має значення. Сонячній системі скоро кінець, а наше Сонце доживає свого віку. Усі жителі планет від Меркурія до Урана (і не викреслюйте Плутон!) евакуюються, аби втекти від прийдешного вибуху наднової."
"O3","No Sc, msc: SupernovaAlt, no sfx, Next: [O4]","and I’m clocking in.","...А я виходжу на зміну."
"O4","No Sc, msc: SupernovaAlt, no sfx, Next: [O5a]","It's a slow day. Not that it wasn’t expected or anything. A lot of people have evacuated already, or they just want to spend their money elsewhere besides our dingy gas station. ","День тягнеться повільно. Не те щоб це було неочікувано. Багато хто вже евакуювався, або ж бажає витратити гроші деінде замість нашої понурої заправки. "
"O5a","No Sc, msc: SupernovaAlt, sfx: Text_1, Next: [O5b]","-phone chimes-","-дзеленьчить телефон-"
"O5b","No Sc, msc: SupernovaAlt, sfx: , Next: [T1]","Crap.","Трясця."
"T1","Sc: Cassiopeia, on phone, msc: SupernovaAlt, sfx: Pocket_Swoosh_1, Next: [TDN1-1,TDP1-1]","Hey, did you finish packing?","Гей, ти вже зібрали речі?"
"T1-Option-1","Sc: Cassiopeia, on phone, msc: SupernovaAlt, sfx: Pocket_Swoosh_1, Next: [TDN1-1,TDP1-1]","Yeah. (Lie)","Ага. (Збрехати)"
"T1-Option-2","Sc: Cassiopeia, on phone, msc: SupernovaAlt, sfx: Pocket_Swoosh_1, Next: [TDN1-1,TDP1-1]","No, I’m at work right now.","Ні, я зараз на роботі."
"TDN1-1","Sc: Dmi, on phone, msc: SupernovaAlt, no sfx, Next: [TDN1-2]","Yeah. Just handling some things right now.","Ага. Зараз із дечим ще закінчую."
"TDN1-2","Sc: Cassiopeia, on phone, msc: SupernovaAlt, sfx: Text_4_vibrate, Next: [TDN1-3]","Are you home? I can swing by your place to help.","Ти вдома? Можу забігти допомогти."
"TDN1-3","Sc: Dmi, on phone, msc: SupernovaAlt, no sfx, Next: [ROD1-1]","No, its fine. I’m at work. The grind doesn’t stop.","Ні, не треба. Я працюю. Роботі кінця-краю нема."
"TDP1-1","Sc: Dmi, on phone, msc: SupernovaAlt, no sfx, Next: [TDP1-2]","I’m on the grind right now. I’ll see about that later.","Зараз вкалую. Пізніше тим займуся."
"TDP1-2","Sc: Cassiopeia, on phone, msc: SupernovaAlt, sfx: Text_4_vibrate, Next: [TDP1-3]","Dmi the SUN is gonna explode!?!?!?!","Дмі, СОНЦЕ от-от вибухне?!?!?!"
"TDP1-3","Sc: Dmi, on phone, msc: SupernovaAlt, no sfx, Next: [ROD1-1]","Yeah, and my account is gonna overdraft.","Еге, а я скоро вичерпаю кредитний ліміт."
"ROD1-1","Sc: Rob, msc: SupernovaAlt, sfx: Rob_Short, Next: [D1D-1]","Dmi!","Дмі!"
"D1D-1","No Sc, msc: SupernovaAlt, sfx: PhoneHangUp, Next: [DD1-1]","I jump from my seat and slam my phone onto the side of the counter.","Я підскочую зі стільця й хряскаю телефоном об бік прилавка."
"DD1-1","Sc: Dmi, msc: SupernovaAlt, no sfx, Next: [D1D-2]","I wasn’t on my phone!","Я не сиділи в мобілці!"
"D1D-2","No Sc, msc: SupernovaAlt, sfx: RobHuff2, Next: [ROD1-2]","Rob huffs.","Роб пирхає."
"ROD1-2","Sc: Rob, msc: SupernovaAlt, sfx: ROB2, Next: [FOD1-1]","I’m not your mother. I’m heading out, but I’m gonna leave Flubber with you.","Я ж тобі не мамця. Мені треба йти, та я лишу з тобою Ляпку."
"FOD1-1","No Sc, msc: SupernovaAlt, sfx: FLUBBER1, Next: [DD1-2]","Flubber meows","-Ляпка нявкає-"
"DD1-2","Sc: Dmi, msc: SupernovaAlt, no sfx, Next: [ROD1-3]","Come on, Rob. What am I? A cat-sitter? and on company time?","Та ну, Робе. Я що, кото-сиділка? Ще й під час зміни?"
"ROD1-3","Sc: Rob, msc: SupernovaAlt, sfx: ROB3, Next: [DD1-3]","Well, I’ll dock your pay if you don’t!","Якщо відмовишся, я тобі зарплату поріжу!"
"DD1-3","Sc: Dmi, msc: SupernovaAlt, no sfx, Next: [ROD1-4]","Don’t you do that already?","Хіба ти й так це не робиш?"
"ROD1-4","Sc: Rob, msc: SupernovaAlt, no sfx, Next: [DD1-4]","...","..."
"DD1-4","Sc: Dmi, msc: SupernovaAlt, no sfx, Next: [ROD1-5]","...","..."
"ROD1-5","Sc: Rob, msc: SupernovaAlt, sfx: Rob_Short, Next: [ROD1-6]","...anyways.","...Так от."
"ROD1-6","Sc: Rob, msc: SupernovaAlt, sfx: ROB3, Next: [ROD1-7]","I gotta help my mom pack, and Flubber likes to play in boxes.","Мушу допомогти мамі зібрати речі, а Ляпка надто полюбляє бавитися з коробками."
"ROD1-7","Sc: Rob, msc: SupernovaAlt, sfx: ROB2, Next: [FD1-1]","Besides, she likes you anyway!","До того ж, ти все одно їй подобаєшся!"
"FD1-1","Sc: Flubber, msc: SupernovaAlt, sfx: FLUBBER2, Next: [ROD1-8]","Meow","Няв."
"ROD1-8","Sc: Rob, msc: SupernovaAlt, sfx: Rob_Short, Next: [DD1-5]","See?","Бачиш?"
"DD1-5","Sc: Dmi, msc: SupernovaAlt, no sfx, Next: [ROD1-9]","Fine...","Гаразд..."
"ROD1-9","Sc: Rob, msc: SupernovaAlt, sfx: ROB1, Next: [ROD1-10]","Thanks! Thats why I always tell people we need more Dmis at Cosmic Fuel!","Дякую! От чому я завжди кажу, що нам у Космопаливі треба більше таких, як Дмі!"
"ROD1-10","No Sc, msc: SupernovaAlt, sfx: Door_Chime,Door_Close, Next: [D1D-3]","-door opens and chimes-","-двері прочиняються з дзенькотом-"
"D1D-3","No Sc, msc: SupernovaAlt, no sfx, Next: [D1D-4]","Ugh, Rob’s always piling stuff on me like this.","Уф, Роб постійно на мене все от так спихує."
"D1D-4","No Sc, msc: SupernovaAlt, no sfx, Next: [CalderEnter]","I stare at my phone. I shouldn’t leave Cassie hanging…","Я витріщаюся на телефон. Не варто ігнорувати Кессі..."
"CalderEnter","No Sc, msc: SupernovaAlt, sfx: Door_Chime,Door_Open, Next: [D1D-5]","-door opens and chimes-","-двері прочиняються з дзенькотом-"
"D1D-5","No Sc, msc: SupernovaAlt, no sfx, Next: [D1D-6]","Cassiopeia’s got to wait.","Що ж, Кассіопеї доведеться зачекати."
"D1D-6","No Sc, msc: SupernovaAlt, no sfx, Next: [DD1-6]","The customer before me nods her head to the beat coming from her headphones. He sizes up the shelves. Almost looks like he has the intention of cleaning out our stock.","Покупець переді мною киває головою в ритм музики з навушників. Він роззирається крамницею. Навіть схоже, що збирається розкупити весь товар."
"DD1-6","Sc: Dmi, msc: SupernovaAlt, no sfx, Next: [CAD-1]","Uh, do you need anything?","Ем, ви щось шукаєте?"
"CAD-1","Sc: Calder, msc: SupernovaAlt, sfx: Calder_Short, Next: [D1D-7]","What!?","Що?!"
"D1D-7","No Sc, msc: SupernovaAlt, no sfx, Next: [DD1-7]","What type of music is that? R&B? Retro R&B?","На що ж схожа ця музика? Ритм-енд-блюз? Ретро-ритм-енд-блюз?"
"DD1-7","Sc: Dmi, msc: SupernovaAlt, no sfx, Next: [CAD-2]","DO YOU NEED ANYTHING?","ВИ ЩОСЬ ШУКАЄТЕ?"
"CAD-2","Sc: Calder, msc: SupernovaAlt, sfx: CALDER2, Next: [DD1-8]","DO I WHAT? I’M NOT GOOD AT READING LIPS!","ЩО Я? НЕ ВМІЮ ПО ГУБАМ ЧИТАТИ!"
"DD1-8","Sc: Dmi, msc: SupernovaAlt, no sfx, Next: [CAD-3]","TURN IT DOWN!","ЗРОБІТЬ ТИХІШЕ!"
"CAD-3","Sc: Calder, msc: SupernovaAlt, sfx: Calder_Short, Next: [D1D-8]","Oh!","А!"
"D1D-8","No Sc, msc: SupernovaAlt, no sfx, Next: [CAD-4]","She adjusts the volume of her headphones.","Вона прикручує гучність на навушниках."
"CAD-4","Sc: Calder, msc: SupernovaAlt, sfx: CALDER1, Next: [CAD-5]","Sorry, I sometimes forget to just turn off the music.","Вибач, іноді можу просто забути вимкнути музику."
"CAD-5","Sc: Calder, msc: SupernovaAlt, sfx: CALDER3, Next: [DD1-9a,DD1-11a]","Do you have a Doomsday sale going on?","У вас тут нема розпродажу на Судний день?"
"CAD-5-Option-1","Sc: Calder, msc: SupernovaAlt, sfx: CALDER3, Next: [DD1-9a,DD1-11a]","Doomsday Sale?","Розпродаж на Судний день?"
"CAD-5-Option-2","Sc: Calder, msc: SupernovaAlt, sfx: CALDER3, Next: [DD1-9a,DD1-11a]","Sure, if you just take it.","Звісно, просто беріть, що хочете."
"DD1-9a","Sc: Dmi, msc: SupernovaAlt, no sfx, Next: [DD1-9b]","Doomsday Sale?","Розпродаж на Судний день?"
"DD1-9b","Sc: Dmi, msc: SupernovaAlt, no sfx, Next: [CAD-6]","We’re supposed to have one?","А мав би бути?"
"CAD-6","Sc: Calder, msc: SupernovaAlt, sfx: CALDER2, Next: [D1D-9]","Well, why not? I looked it up on Froogle.","А чого ні? Я це нафруґлила."
"D1D-9","No Sc, msc: SupernovaAlt, no sfx, Next: [DD1-10]","I sigh. She’s one of those customers.","Я зітхаю. Отже, це один із тих самих клієнтів."
"DD1-10","Sc: Dmi, msc: SupernovaAlt, no sfx, Next: [CAD-9]","Sorry, there are no Doomsday promotions going on. If you cash in with your Cosmic membership that’ll take a few luncos off.","Вибачте, та на честь Судного дня знижок нема. Але якщо проб’єте Космоклубну картку, вийде на пару лунко дешевше."
"DD1-11a","Sc: Dmi, msc: SupernovaAlt, no sfx, Next: [DD1-11b]","Sure, if you just take it.","Звісно, просто беріть, що хочете."
"DD1-11b","Sc: Dmi, msc: SupernovaAlt, no sfx, Next: [D1D-10]","It’ll be 100% off then.","Буде знижка в 100%."
"D1D-10","No Sc, msc: SupernovaAlt, no sfx, Next: [CAD-7]","Calder’s eyes widen.","Колдер витріщає очі."
"CAD-7","Sc: Calder, msc: SupernovaAlt, sfx: CALDER1, Next: [D1D-11]","Really? I can just take it?","Дійсно? Можу просто брати, що захочу?"
"D1D-11","No Sc, msc: SupernovaAlt, no sfx, Next: [DD1-12]","Excitement spreads across his face.","Його обличчям розповзається азарт."
"DD1-12","Sc: Dmi, msc: SupernovaAlt, no sfx, Next: [D1D-12]","No.","Ні."
"D1D-12","No Sc, msc: SupernovaAlt, no sfx, Next: [CAD-8]","Her smile fades.","ЇЇ посмішка згасає."
"CAD-8","Sc: Calder, msc: SupernovaAlt, sfx: Calder_Short, Next: [D1D-13]","Aww man.","Та йой."
"D1D-13","No Sc, msc: SupernovaAlt, sfx: Calder_Grunt3, Next: [CAD-9]","He huffs.","Він пирхає."
"CAD-9","Sc: Calder, msc: SupernovaAlt, sfx: CALDER1, Next: [DD1-13]","Alright then, can I put 400 Luncos on pump 2, and what type of fizzy drinks do you have? You’ve gotta have a 2-for-1 deal here.","Добре, тоді мені палива на 400 лунко на другу колонку. А які у вас тут є газовані напої? Має ж бути хоч щось штибу «2 за ціною 1»."
"DD1-13","Sc: Dmi, msc: SupernovaAlt, no sfx, Next: [CalderShopChoice]","Hold on, I think I have something in mind.","Заждіть, здається, маю дещо на думці."
"CalderShopChoice","No Sc, msc: SupernovaAlt, no sfx, Next: [TDP2-1,TDN2-1]","Select an item in the shop","Виберіть товар у крамниці"
"CalderShopChoice-Option-1","No Sc, msc: SupernovaAlt, no sfx, Next: [TDP2-1,TDN2-1]","",""
"CalderShopChoice-Option-2","No Sc, msc: SupernovaAlt, no sfx, Next: [TDP2-1,TDN2-1]CalderShopChoice-Option-2","",""
"TDP2-1","No Sc, msc: SupernovaAlt, no sfx, Next: [TDP2-2]","Her eyes light up from the soda in my hand.","Побачивши газованку в моїх руках, вона аж сяє."
"TDP2-2","Sc: Calder, msc: SupernovaAlt, sfx: CALDER1, Next: [TDP2-3]","You guys carry Deia Deia Soda!? I have a coupon for those!","У вас продається «Дея Дея»? Я маю на неї купон!"
"TDP2-3","No Sc, msc: SupernovaAlt, no sfx, Next: [TDP2-4]","He pulls out a comically large coupon book and flips through the pages. She passes a coupon with a picture of Deia Deia Soda.","Він дістає комічно здоровелезну книженцію з купонами й прогортує сторінки. Тоді дістає той, на якому зображена газованка «Дея Дея»."
"TDP2-4","Sc: Dmi, msc: SupernovaAlt, no sfx, Next: [TDP2-5a]","Huh. I guess you do. I’ll ring you up.","Гм. Схоже, так і є. Зараз розрахую вас."
"TDP2-5a","No Sc, msc: SupernovaAlt, sfx: CashRegister, Next: [TDP2-5]","-register chimes-","-дзинькає касовий апарат-"
"TDP2-5","Sc: Calder, msc: SupernovaAlt, sfx: CALDER3, Next: [TDP2-6a]","Thanks!","Дякую!"
"TDP2-6a","No Sc, msc: SupernovaAlt, sfx: Door_Chime,Door_Close, Next: [TDP2-6]","-door chimes and closes-","-двері зачиняються з дзенькотом-"
"TDP2-6","No Sc, msc: SupernovaAlt, no sfx, Next: [D1D-14a]","The candle-headed alien makes his way out of the gas station. I catch a glimpse of a snazzy-looking ship outside. She’s got good taste.","Іншопланетянин, чия голова нагадує свічку, виходить із заправки. Мені в око впадає нічогенький корабель надворі. А в неї непоганий смак!"
"D1D-14a","No Sc, msc: SupernovaAlt, sfx: FLUBBER1, Next: [D1D-14]","Flubber meows","-Ляпка нявкає-"
"TDN2-1","Sc: Calder, msc: SupernovaAlt, sfx: CALDER1, Next: [TDN2-2]","Uh, this isn’t what I was really looking for.","Ем, це не зовсім те, що я шукала."
"TDN2-2","Sc: Calder, msc: SupernovaAlt, sfx: CALDER3, Next: [TDN2-3]","I’ve gotta go! I almost forgot there is a sale on 5D glasses on Uranus!","Ну, мушу бігти! Ледь не забув, що на Урані розпродаж 5Д-окулярів!"
"TDN2-3","No Sc, msc: SupernovaAlt, sfx: Door_Chime,Door_Close, Next: [D1D-14]","He bolts out of the gas station.","Він прожогом вилітає із заправки."
"D1D-14","No Sc, msc: SupernovaAlt, no sfx, Next: [D1D-15]","Flubber stares, unblinking.","Ляпка дивиться вслід, навіть не кліпаючи."
"D1D-15","No Sc, msc: SupernovaAlt, no sfx, Next: [ZD1a]","She usually does that when she’s happy!","Зазвичай вона так робить, коли щаслива!"
"ZD1a","No Sc, msc: SupernovaAlt, sfx: Door_Chime,Door_Open, Next: [D1D-16]","-door opens and chimes-","-двері прочиняються з дзенькотом-"
"D1D-16","No Sc, msc: SupernovaAlt, no sfx, Next: [ZD1]","The cloudy person who enters the gas station yawns loudly. Her badge twinkles under the industrial lights.","Хмарниця, яка заходить на заправку, голосно позіхає. Її бейджик мерехтить під яскравим освітленням."
"ZD1","Sc: Zerua, msc: SupernovaAlt, sfx: ZERUA_SLEEPY1, Next: [ZD1b]","I’m starting a new job outside of the solar system. Do you have Zolkan Coffee perchance?","Я отримали нову роботу за межами Сонячної системи. Може, у вас тут є Золканська кава?"
"ZD1b","No Sc, msc: SupernovaAlt, sfx: , Next: [TDP3-1,TDN3-1]","Select an item in the shop","Виберіть товар у крамниці"
"ZD1b-Option-1","No Sc, msc: SupernovaAlt, sfx: , Next: [TDP3-1,TDN3-1]","",""
"ZD1b-Option-2","No Sc, msc: SupernovaAlt, sfx: , Next: [TDP3-1,TDN3-1]ZD1b-Option-2","",""
"TDP3-1","Sc: Zerua, msc: SupernovaAlt, sfx: ZERUA_SLEEPY2, Next: [TDP3-2]","Oh, my stars! Thank you!","О, зорі мої! Дякую!"
"TDP3-2","No Sc, msc: SupernovaAlt, no sfx, Next: [TDP3-3]","Before the drink sits for more than a nanosecond, it takes a long sip. I don’t think I’ve ever seen anyone down hot coffee that fast before…","Навіть наносекунди не проходить з моменту, як я ставлю напій: воно тут же робить великий ковток. Не думаю, що колись бачили, як хтось так швидко пив би гарячу каву..."
"TDP3-3","Sc: Zerua, msc: SupernovaAlt, sfx: Zerua_Short, Next: [TDP3-4]","Ah, that's better.","Ах, уже краще."
"TDP3-4","No Sc, msc: SupernovaAlt, no sfx, Next: [TDP3-5]","I eye their badge and rattle my brain for a topic of conversation.","Я вдивляюся в їхній бейдж у спробах придумати тему для розмови."
"TDP3-5","Sc: Dmi, msc: SupernovaAlt, no sfx, Next: [TDP3-6]","Are you a clouditech? I think I’ve seen a badge like that before.","Ви хмаротекторка? Здається, я вже десь бачили такий бейджик."
"TDP3-6","No Sc, msc: SupernovaAlt, no sfx, Next: [TDP3-7]","It lets out a big smile. It's as if they’ve been waiting for anyone to ask them all day.","Воно широко всміхається, наче весь день чекали, поки хтось спитає про це."
"TDP3-7","Sc: Zerua, msc: SupernovaAlt, sfx: ZERUA_AWAKE2, Next: [TDP3-8]","Yes! I’m starting a new job architecting artificial clouds! I’ve been looking for a job forever.","Так! На новій посаді я проєктуватиму штучні хмари! Уже вічність шукали якусь роботу."
"TDP3-8","No Sc, msc: SupernovaAlt, no sfx, Next: [TDP3-9]","She waves her finger above her to-go cup. A mini cloud forms above their cup. Bits of snow sprinkle down. She smiles proudly.","Вона змахує пальцем над дорожнім кухлем, і з’являється хмаринка. З неї сипляться крихітні сніжинки. Вона гордо посміхається."
"TDP3-9","No Sc, msc: SupernovaAlt, no sfx, Next: [TDP3-10]","I smile too.","Я посміхаюсь у відповідь."
"TDP3-10","Sc: Dmi, msc: SupernovaAlt, no sfx, Next: [TDP3-11]","I hope your first day is all you want it to be.","Сподіваюся, перший день пройде саме так, як ви бажаєте."
"TDP3-11","Sc: Zerua, msc: SupernovaAlt, sfx: ZERUA_AWAKE1,CashRegister, Next: [TDP3-11b]"," Thank you! Please stay safe leaving the solar system soon! Tallyho!"," Дякую! Будь ласка, бережи себе й скоріше покинь Сонячну систему! Ату!"
"TDP3-11b","No Sc, msc: SupernovaAlt, sfx: Door_Chime,Door_Close, Next: [D1D-17a]","-door chimes and closes-","-двері зачиняються з дзенькотом-"
"TDN3-1","Sc: Zerua, msc: SupernovaAlt, sfx: ZERUA_SLEEPY1, Next: [TDN3-2]","This isn’t quite what I’m looking for…","Це не зовсім те, що я шукали..."
"TDN3-2","No Sc, msc: SupernovaAlt, no sfx, Next: [TDN3-3]","They pull out their phone and notice the time. It seems to wake her up a little, but not much.","Вони дістають телефон і помічають час. Здається, це трохи розштурхує її, та не сильно."
"TDN3-3","Sc: Zerua, msc: SupernovaAlt, sfx: ZERUA_AWAKE3, Next: [TDN3-4]","Oh! Look at the time. I’ll just figure out a way to stay up when I get there! Tallyho, gas station employee!","Ой! Тільки глянь на час. Що ж, уже на місці розберуся, як не заснути. Ату, роботяго з заправки!"
"TDN3-4","Sc: Dmi, msc: SupernovaAlt, no sfx, Next: [TDN3-4b]"," I have a nametag--"," Узагалі-то, моє ім’я на бейджі..."
"TDN3-4b","No Sc, msc: SupernovaAlt, sfx: Door_Chime,Door_Close, Next: [D1D-17a]TDN3-4b","-door chimes and closes-","-двері зачиняються з дзенькотом-"
"D1D-17a","No Sc, msc: SupernovaAlt, sfx: FLUBBER2, Next: [D1D-17]","Flubber meows","-Ляпка нявкає-"
"D1D-17","No Sc, msc: SupernovaAlt, sfx: Flubber_Burp, Next: [D1D-18]","Flubber floats and burps. I smile and give her a pat on the head.","Ляпка підлітає й відригує. Я посміхаюся й погладжую її по голові."
"D1D-18","No Sc, msc: SupernovaAlt, no sfx, Next: [D1D-19]","She looks proud of herself.","Здається, вона собою пишається."
"D1D-19","No Sc, msc: SupernovaAlt, sfx: Boom_2, Next: [DD1-14]","I jump up from my seat as I hear a boom come from outside.","Я чую надворі вибух і підскочую на місці."
"DD1-14","Sc: Dmi, msc: SupernovaAlt, no sfx, Next: [8D-1a]"," What the hell--!?"," Що за чортівня?!.."
"8D-1a","No Sc, msc: SupernovaAlt, sfx: Door_Chime,Door_Open, Next: [8D-1]","-door opens and chimes-","-двері прочиняються з дзенькотом-"
"8D-1","Sc: 8008, msc: SupernovaAlt, sfx: 80008_Short, Next: [DD1-15]","Sup.","Доров."
"DD1-15","Sc: Dmi, msc: SupernovaAlt, no sfx, Next: [D1D-20]","Uh, sup? What was that?","Ем, доров? Що то було?"
"D1D-20","No Sc, msc: SupernovaAlt, no sfx, Next: [8D-2]","He ignores me and his eyes- er...screen look up.","Він ігнорує мої слова і підводить очі... еее, екран."
"8D-2","Sc: 8008, msc: SupernovaAlt, sfx: 80008_2, Next: [DD1-16]","What was what?","А що було?"
"DD1-16","Sc: Dmi, msc: SupernovaAlt, no sfx, Next: [8D-3]","The boom?","Вибух?"
"8D-3","Sc: 8008, msc: SupernovaAlt, sfx: 80008_Short, Next: [DD1-17]","What boom?","Який вибух?"
"DD1-17","Sc: Dmi, msc: SupernovaAlt, no sfx, Next: [DD1-18]","The-- okay.","Ну той... забудьте."
"DD1-18","Sc: Dmi, msc: SupernovaAlt, no sfx, Next: [D1D-21]","Do you need something?","Ви щось шукаєте?"
"D1D-21","No Sc, msc: SupernovaAlt, sfx: 80008_hum2, Next: [8D-4]","A low hum comes from his circuits. He’s thinking.","Його мікросхеми видають тихий гул. Він думає."
"8D-4","Sc: 8008, msc: SupernovaAlt, sfx: 80008_1, Next: [D1D-22]","You sell any Arinator brand stuff here? That one made by that smoking cyborg from outta the solar system?","У вас тут є щось від Арінатор? Отої гарячої кіберштучки з-за меж сонячної системи?"
"D1D-22","No Sc, msc: SupernovaAlt, no sfx, Next: [DD1-19]","I’ve heard of Arinator probably. Cassiopeia’s a big fan of singers. Though something was kind of funny about this guy’s desperation. ","Можливо, я навіть чула щось про Арінатор. Кассіопея полюбляє співачок. Але в розпачі цього чувака є щось трохи кумедне. "
"DD1-19","Sc: Dmi, msc: SupernovaAlt, no sfx, Next: [8D-5]","I mean, I can check to see what we got.","Ну, можу глянути, чи в нас є щось."
"8D-5","Sc: 8008, msc: SupernovaAlt, sfx: 80008_3, Next: [8D-5b]","Sweet! I’ll also be putting 700 luncos on pump 2.","Супер! А ще я заправлюся на 700 лунко, друга колонка."
"8D-5b","No Sc, msc: SupernovaAlt, sfx: , Next: [TDP4-1,TDN4-1]","Select an item in the shop","Виберіть товар у крамниці"
"8D-5b-Option-1","No Sc, msc: SupernovaAlt, sfx: , Next: [TDP4-1,TDN4-1]","",""
"8D-5b-Option-2","No Sc, msc: SupernovaAlt, sfx: , Next: [TDP4-1,TDN4-1]8D-5b-Option-2","",""
"TDP4-1","Sc: 8008, msc: SupernovaAlt, sfx: 80008_1, Next: [TDP4-5]","Yes! Arinator’s limited edition Mint choco paste? I thought this was sold out everywhere!","Так! Лімітована Шоколадно-м’ятна паста від Арінатор? Я думав, що вона вся розпродалася!"
"TDP4-5","Sc: Dmi, msc: SupernovaAlt, no sfx, Next: [TDP4-6]","I mean, it's mint chocolate toothpaste isn’t it?","Ну, це ж шоколадно-м’ятна зубна паста, хіба ні?"
"TDP4-6","Sc: Dmi, msc: SupernovaAlt, no sfx, Next: [TDP4-7]","I don’t think anyone is in a rush to buy that.","Сумніваюся, що хтось поспішає таке купувати."
"TDP4-7","Sc: 8008, msc: SupernovaAlt, sfx: 80008_2,CashRegister, Next: [TDP4-7b]","You just don’t understand the intricacies of something like this! Anything she endorses is a godsend!","Ти просто не шариш у цій справі! Усе, що вона рекламує — дарунок богів!"
"TDP4-7b","No Sc, msc: SupernovaAlt, sfx: Door_Close,Door_Chime, Next: [TDP4-8]","-door chimes and closes-","-двері зачиняються з дзенькотом-"
"TDP4-8","No Sc, msc: SupernovaAlt, no sfx, Next: [TDP4-9]","He wipes his face (screen?). Then blasts off with his bang of Arinator branded toothpaste in hand.","Він витирає обличчя (екран?) та відлітає, тримаючи в руках свій тюбик зубної пасти від Арінатор."
"TDP4-9","No Sc, msc: SupernovaAlt, no sfx, Next: [D1D-24a]","Glad he found what he wanted.","Раді, що він знайшов те, що хотів."
"TDN4-1","Sc: 8008, msc: SupernovaAlt, sfx: 80008_Short, Next: [TDN4-2]","Bro.","Бро."
"TDN4-2","Sc: 8008, msc: SupernovaAlt, sfx: 80008_3, Next: [TDN4-3]"," This is NOT Arinator. She only has her face on the cover of all her products dude."," В якому місці ЦЕ Арінатор? На її товари всього лише наліплене її обличчя, чуваче."
"TDN4-3","No Sc, msc: SupernovaAlt, no sfx, Next: [TDN4-4]","His facial screen switches to a video of a cyborg woman performing a song on stage. Her fans are screaming their lungs out.","На екрані його обличчя вмикається відео з жінкою-кіборгом, що виступає на сцені. Її фанати зривають горлянки."
"TDN4-4","Sc: 8008, msc: SupernovaAlt, sfx: 80008_1, Next: [TDN4-5]","See? You don’t recognize her?","Дивися! Невже не впізнаєш?"
"TDN4-5","Sc: Dmi, msc: SupernovaAlt, no sfx, Next: [TDN4-6]","Oh, well...I don’t think I really know her stuff.","Ой, ну... не впевнені, чи знаю щось із її репертуару."
"TDN4-6","Sc: 8008, msc: SupernovaAlt, sfx: 80008_2, Next: [TDN4-6b]","Fine...I’ll just get gas.","Гаразд... Тоді я просто заправлюся."
"TDN4-6b","No Sc, msc: SupernovaAlt, sfx: Door_Chime,Door_Close, Next: [TDN4-7]","-door chimes and closes-","-двері зачиняються з дзенькотом-"
"TDN4-7","No Sc, msc: SupernovaAlt, no sfx, Next: [TDN4-8]","I stare out the window and watch as 8008 picks up a gas pump and guzzles it straight from the nozzle. His screen shows a sad face with a tear. He then blasts off into space.","Через вікно я бачу, як 1515 бере заправний пістолет і глитає пальне прямо з нього. На його екрані висвічується сумне личко зі сльозою. Тоді він стрімголов відлітає в космос."
"TDN4-8","No Sc, msc: SupernovaAlt, no sfx, Next: [D1D-24a]","Poor guy.","Бідося."
"D1D-24a","No Sc, msc: SupernovaAlt, sfx: Door_Chime,Door_Open, Next: [D1D-24]","-door opens and chimes-","-двері прочиняються з дзенькотом-"
"D1D-24","No Sc, msc: SupernovaAlt, no sfx, Next: [CRD1]","An old man enters the gas station. He seems to have some kind of air of caution around him. The way he whips his head around makes him look like he is expecting an attack at any moment.","На заправку заходить старигань. Здається, від нього віє осторогою. Він вертить головою навкруги так, наче в будь-яку мить очікує нападу."
"CRD1","Sc: Crust, msc: SupernovaAlt, sfx: Crust_Short, Next: [DD1-20]","Salutations, Martian.","Вітання марсіанам."
"DD1-20","Sc: Dmi, msc: SupernovaAlt, no sfx, Next: [CRD2]","Uh, hello? Do you need something, sir?","Ем, вітаю? Ви щось шукаєте, пане?"
"CRD2","Sc: Crust, msc: SupernovaAlt, sfx: CRUST2, Next: [D1D-25]","Yes, I actually have a list here…","Так, узагалі в мене навіть список є..."
"D1D-25","No Sc, msc: SupernovaAlt, no sfx, Next: [CRD3]","He pulls out a tiny holosheet and starts to read off of it.","Він дістає крихітний гололисточок і починає читати з нього:"
"CRD3","Sc: Crust, msc: SupernovaAlt, sfx: CRUST3, Next: [DD1-21]","I’m looking for duct tape, five laser blasters, a medkit, a flaming katana--","Мені потрібна ізолента, п’ять лазерних бластерів, аптечка, полум’яна катана..."
"DD1-21","Sc: Dmi, msc: SupernovaAlt, no sfx, Next: [D1D-26]","Sir, this is a gas station.","Пане, це заправна станція."
"D1D-26","No Sc, msc: SupernovaAlt, no sfx, Next: [CRD4]","He stares blankly at me.","Він втупляється в мене очима."
"CRD4","Sc: Crust, msc: SupernovaAlt, sfx: CRUST1, Next: [DD1-22]","...Can I at least get the katana?","...Ну хоча б катану можна?"
"DD1-22","Sc: Dmi, msc: SupernovaAlt, no sfx, Next: [D1D-27]"," What do you even need a Katana for?!"," Нащо вам узагалі катана?!"
"D1D-27","No Sc, msc: SupernovaAlt, sfx: Crust_Laugh, Next: [CRD5]","The man lets out a hearty laugh. He slaps his rocky chest. Pebbles fall off him.","Чоловік сміється від усього серця. Ляскає себе по кам’янистим грудям. З них сипляться крем’яхи."
"CRD5","Sc: Crust, msc: SupernovaAlt, sfx: CRUST2, Next: [CRD6]","Doomsday is in just three days! While you’re in here wasting away working MINIMUM wage!","Судний день уже за три дні! А ти тут гаєш час на роботі за МІНІМАЛЬНУ ставку!"
"CRD6","Sc: Crust, msc: SupernovaAlt, sfx: CRUST1, Next: [DD1-23]","I, Crust, from Mercury, will look at this burning ball of hell gas, and say…","А я, Корі з Меркурія, дивитимуся на цю полум’яну кулю пекельного газу й скажу..."
"DD1-23","Sc: Dmi, msc: SupernovaAlt, no sfx, Next: [CRD7]","…","..."
"CRD7","Sc: Crust, msc: SupernovaAlt, sfx: Crust_Short, Next: [D1D-28]","No.","Ні."
"D1D-28","No Sc, msc: SupernovaAlt, no sfx, Next: [DD1-24]","He smiles widely.","Він широко всміхається."
"DD1-24","Sc: Dmi, msc: SupernovaAlt, no sfx, Next: [CRD8]","Sir, I don’t think you will survive a supernova.","Пане, не думаю, що ви переживете вибух наднової."
"CRD8","Sc: Crust, msc: SupernovaAlt, sfx: CRUST2, Next: [CRD9]","I will. Born from the crust of Mercury, I can survive anything.","Переживу. Я народився з кори Меркурія, тож здатен витримати будь-що."
"CRD9","Sc: Crust, msc: SupernovaAlt, sfx: CRUST1, Next: [D1D-29]","Besides didn’t you hear? The supernova is a cover-up by the intergalactic association--","До слова, хіба ти не чули? Надновою інтергалактична асоціація намагається приховати..."
"D1D-29","No Sc, msc: SupernovaAlt, no sfx, Next: [DD1-25]","Oh, brother. ","Ой лишенько. "
"DD1-25","Sc: Dmi, msc: SupernovaAlt, no sfx, Next: [CRD10]","How about this Crust? I can help you get something that can help you out in your…","Корі, як вам таке: я допоможу вибрати щось, що згодиться у вашому..."
"CRD10","Sc: Crust, msc: SupernovaAlt, sfx: CRUST2, Next: [DD1-26]","My supernova bunker.","Бункері від наднової."
"DD1-26","Sc: Dmi, msc: SupernovaAlt, no sfx, Next: [DD1-27]","Your supernova bunker.","Вашому бункері від наднової."
"DD1-27","Sc: Dmi, msc: SupernovaAlt, no sfx, Next: [DD1-27b]"," Alright... a nonperishable snack will be good."," Гаразд... не завадить перекус, що не зіпсується."
"DD1-27b","No Sc, msc: SupernovaAlt, no sfx, Next: [TDP5-1,TDN5-1]","Select an item in the shop","Виберіть товар у крамниці"
"DD1-27b-Option-1","No Sc, msc: SupernovaAlt, no sfx, Next: [TDP5-1,TDN5-1]","",""
"DD1-27b-Option-2","No Sc, msc: SupernovaAlt, no sfx, Next: [TDP5-1,TDN5-1]DD1-27b-Option-2","",""
"TDP5-1","Sc: Crust, msc: SupernovaAlt, sfx: CRUST3, Next: [TDP5-2]","Jerky! You’re thinking like a true survivor kid! This is great!","Джерки! А ти мислиш, як справжні виживальники, мальку! Це те, що треба!"
"TDP5-2","Sc: Dmi, msc: SupernovaAlt, no sfx, Next: [TDP5-3]","Heh, thanks. I just remembered it from a TV show called Survivorz.","Хех, дякую. Просто згадали, як колись бачили це в програмі під назвою «Вижити за будь-яку ціну»."
"TDP5-3","No Sc, msc: SupernovaAlt, no sfx, Next: [TDP5-4]","Before you could even ring it up the man opens the bag and starts eating the jerky.","Я навіть не встигаю пробити джерки, як він розриває пачку й починає їх їсти."
"TDP5-4","Sc: Crust, msc: SupernovaAlt, sfx: CRUST1, Next: [TDP5-5]","Hm, you got somewhere to go kid? I can formally invite you to my bunker if ya want.","Гм, мальку, тобі є куди подітися? Як хочеш, можу формально запросити тебе до свого бункера."
"TDP5-5","Sc: Dmi, msc: SupernovaAlt, no sfx, Next: [TDP5-6]","Oh, nah. I’ll be here.","Ой, та ні. Я лишуся тут."
"TDP5-6","No Sc, msc: SupernovaAlt, no sfx, Next: [TDP5-7]","Crust chokes on a piece of jerky and coughs. He bumps his chest a few times.","Корі давиться шматком джерки, кашляє і кілька разів ударяє себе в груди."
"TDP5-7","Sc: Crust, msc: SupernovaAlt, sfx: CRUST2, Next: [TDP5-8]","Why? Don’t you got someone special to go home to?","Чому? Хіба на тебе вдома не чекає хтось особливий?"
"TDP5-8","Sc: Crust, msc: SupernovaAlt, sfx: CRUST1, Next: [TDP5-9]","I’d expect you young’uns to hightail it outta here.","Я очікував, що весь молодняк звідси драпака дасть."
"TDP5-9","No Sc, msc: SupernovaAlt, no sfx, Next: [TDP5-10]","A familiar face flashes in my mind. My normal bored expression cracks.","Перед очима спливає знайоме обличчя. Мій звичний зануджений образ обличчя дає тріщину."
"TDP5-10","Sc: Dmi, msc: SupernovaAlt, no sfx, Next: [TDP5-11]","She’ll be fine without me. Besides, I like to be kept busy.","З нею все буде гаразд і без мене. До того ж, зайнятість мені до душі."
"TDP5-11","No Sc, msc: SupernovaAlt, no sfx, Next: [TDP5-11b]","Crust doesn’t speak. I listen to his chewing. He rummages in his pocket to give me his luncos.","Корі мовчить. Я слухаю, як він жує. Тоді він копирсається в кишені й простягає мені свої лунко."
"TDP5-11b","No Sc, msc: SupernovaAlt, sfx: CashRegister, Next: [TDP5-12]","-cash register chime-","-дзинькає касовий апарат-"
"TDP5-12","Sc: Crust, msc: SupernovaAlt, sfx: CRUST1, Next: [TDP5-13]","Don’t be too sure about that kid. Don’t choose for others how important you are to them.","Я б не був такий упевнений, мальку. Не варто за інших вирішувати, наскільки ти їм важливі."
"TDP5-13","Sc: Crust, msc: SupernovaAlt, sfx: CRUST2, Next: [TDP5-14]","I’m gonna be fine when things go down, but you won’t. Talk to who you’re thinking bout.","Коли понесеться, зі мною все буде добре, а от із тобою — ні. Тож поговори з тими, про кого думаєш."
"TDP5-14","No Sc, msc: SupernovaAlt, no sfx, Next: [TDP5-15]","I don’t answer. It's a bit surprising I feel I am getting life advice from this apocalyptic junkie of some sort.","Я не відповідаю. Узагалі почуваюся дивно, що мені дає життєві поради якийсь апокаліптичний фанатик."
"TDP5-15","No Sc, msc: SupernovaAlt, no sfx, Next: [TDP5-16]","He smiles and waves at me before leaving. I watch the small bits of rock fall to the ground.","Він посміхається і махає мені рукою, перш ніж піти. Я дивлюсь, як на підлогу осипаються уламки каменів."
"TDP5-16","No Sc, msc: SupernovaAlt, no sfx, Next: [D1D-30a]","I’ll be cleaning that up.","Доведеться за ним прибрати."
"TDN5-1","Sc: Crust, msc: SupernovaAlt, sfx: CRUST2, Next: [TDN5-2]","Sorry kid, but I don’t really think something like this is going to be much use in my bunker.","Вибач, мальку, але сумніваюся, що з цього в моєму бункері буде хоч якась користь."
"TDN5-2","Sc: Crust, msc: SupernovaAlt, sfx: CRUST1, Next: [TDN5-3]","You sure you don’t have blasters in the back?","У вас там на складі точно не завалялися бластери?"
"TDN5-3","Sc: Dmi, msc: SupernovaAlt, no sfx, Next: [TDN5-4]","We’re still just a gas station, sir.","Пане, це все ще проста заправка."
"TDN5-4","Sc: Crust, msc: SupernovaAlt, sfx: Crust_Short, Next: [TDN5-5]"," Alright."," Ну добре."
"TDN5-5","Sc: Crust, msc: SupernovaAlt, sfx: CRUST2, Next: [D1D-30a]","Stay safe, kid. I gotta go prep my bunker some more.","Бережи себе, мальку. А мені треба далі готувати бункер."
"D1D-30a","No Sc, msc: SupernovaAlt, sfx: Door_Chime,Door_Close, Next: [D1D-30]","-door chimes and closes-","-двері зачиняються з дзенькотом-"
"D1D-30","No Sc, msc: SupernovaAlt, no sfx, Next: [D1D-31]","It's almost closing time…","Уже майже час закриватися..."
"D1D-31","No Sc, msc: SupernovaAlt, no sfx, Next: [D1D-31b]","Flubber lounges in her usual spot. I smile and scratch under her chin.","Ляпка розляглася на звичному місці. Я всміхаюся й почісую їй підборіддя."
"D1D-31b","No Sc, msc: SupernovaAlt, sfx: FLUBBER2, Next: [DD1-28]","Flubber Meows","-Ляпка нявкає-"
"DD1-28","Sc: Dmi, msc: SupernovaAlt, no sfx, Next: [DD1-28b]","We had a good day didn’t we?","Хороший у нас був день, еге ж?"
"DD1-28b","No Sc, msc: SupernovaAlt, sfx: Text_1, Next: [D1D-32]","-phone chimes-","-дзеленьчить телефон-"
"D1D-32","No Sc, msc: SupernovaAlt, no sfx, Next: [T2]","I facepalm as I remember I never messaged Cassiopeia back.","Я ляскаю себе по обличчю, згадавши, що так і не відписали Кассіопеї."
"T2","Sc: Cassiopeia, on phone, msc: SupernovaAlt, sfx: Pocket_Swoosh_1, Next: [T3]","Dmi? Are u ghosting me?","Дмі? Ти мене ігнориш?"
"T3","Sc: Cassiopeia, on phone, msc: SupernovaAlt, sfx: Text_4_vibrate, Next: [TDP6-1,TDN6-1]","Not cool! im worried about u!","Не круто! я ж переживаю!"
"T3-Option-1","Sc: Cassiopeia, on phone, msc: SupernovaAlt, sfx: Text_4_vibrate, Next: [TDP6-1,TDN6-1]","Sorry, got caught up.","Вибач, завтикали."
"T3-Option-2","Sc: Cassiopeia, on phone, msc: SupernovaAlt, sfx: Text_4_vibrate, Next: [TDP6-1,TDN6-1]","You don’t need to keep messaging.","Не обов’язково мені написувати."
"TDP6-1","Sc: Dmi, on phone, msc: SupernovaAlt, no sfx, Next: [TDP6-2]","Lot more customers on this route than i thought we would ","На цьому маршруті набагато більше клієнтів, ніж я очікували "
"TDP6-2","Sc: Cassiopeia, on phone, msc: SupernovaAlt, sfx: Text_4_vibrate, Next: [TDP6-3]","its a good time to roadtrip when the solar system is getting wiped ya know??","ну знаєш, коли ще подорожувати сонячною системою, як не перед її загибеллю??"
"TDP6-3","Sc: Dmi, on phone, msc: SupernovaAlt, no sfx, Next: [TDP6-4]","More like I met a rock dude named Crust who wanted to buy a katana to defend himself from the imminent supernova. ","До нас прийшов кам’яний чувак, що назвався Корі й хотів купити катану, аби захиститися від прийдешнього вибуху наднової. "
"TDP6-4","Sc: Cassiopeia, on phone, msc: SupernovaAlt, sfx: Text_4_vibrate, Next: [TDP6-5]","What? Stop lying to me. xD Ur job isn’t that interesting","Що? Годі брехати хд У тебе не настільки цікава робота"
"TDP6-5","Sc: Dmi, on phone, msc: SupernovaAlt, no sfx, Next: [TDP6-6]","U know how Mars is, we’re weirdo central.","Ну, ти ж знаєш, як воно на Марсі — диваків хоч греблю гати."
"TDP6-6","Sc: Cassiopeia, on phone, msc: SupernovaAlt, sfx: Text_4_vibrate, Next: [D1D-33]","thats true. U live there","правда. Ти ж там живеш"
"D1D-33","No Sc, msc: SupernovaAlt, no sfx, Next: [D1D-34]","I chuckle. That was a good one actually.","Я хихочу. Хороший жарт, насправді."
"D1D-34","No Sc, msc: SupernovaAlt, no sfx, Next: [T4]","We chat with each other and for a second it feels like the world isn’t coming to an end soon.","Ми переписуємося далі, і на мить навіть здається, що кінця світу не буде."
"TDN6-1","Sc: Dmi, on phone, msc: SupernovaAlt, no sfx, Next: [TDN6-2]","I’ll just get back to u when i get back to u.","Я відповім тобі тоді, коли зможу."
"TDN6-2","Sc: Cassiopeia, on phone, msc: SupernovaAlt, sfx: Text_4_vibrate, Next: [TDN6-3]","Ouch, remind me to never be worried about u again :/","Ауч, наступного разу нагадай ніколи про тебе більше не турбуватися :/"
"TDN6-3","Sc: Dmi, on phone, msc: SupernovaAlt, no sfx, Next: [TDN6-4]","Nah, I didn’t mean it like that. I’m just busy.","Та ні, я не це мали на увазі. Просто зайняті."
"TDN6-4","Sc: Cassiopeia, on phone, msc: SupernovaAlt, sfx: Text_4_vibrate, Next: [D1D-35]","Yeah, yeah I get it.","Ага, ага, ясно."
"D1D-35","No Sc, msc: SupernovaAlt, no sfx, Next: [T4]","I could’ve handled that a bit better.","Можна було розрулити це трохи краще."
"T4","Sc: Cassiopeia, on phone, msc: SupernovaAlt, sfx: Text_4_vibrate, Next: [T5]","Are u sure ur not calling off tomorrow? I know the money isn’t good enough at Cosmic Fuel where u need to work a day before Doomsday. :/","Упевнені, що не візьмеш завтра вихідний? Я ж знаю, що на Космопаливі не платять аж настільки добре, аби працювати напередодні Судного дня. :/"
"T5","Sc: Dmi, on phone, msc: SupernovaAlt, sfx: Text_4_vibrate, Next: [T6]","Maybe I LIKE working for a megacorp.","А може мені ПОДОБАЄТЬСЯ працювати на мегакорпорацію."
"T6","Sc: Cassiopeia, on phone, msc: SupernovaAlt, sfx: Text_4_vibrate, Next: [T7]","shut up","стулися"
"T7","Sc: Dmi, on phone, msc: SupernovaAlt, no sfx, Next: [D1D-36]","ok ","ок "
"D1D-36","No Sc, msc: SupernovaAlt, no sfx, Next: [D1D-37]","I should clock out for the day","Час закінчувати зміну."
"D1D-37","No Sc, msc: SupernovaAlt, no sfx, Next: [D1D-38]","I say goodbye to Flubber. She for some reason is a lot better at closing than I am. I never know what she does when we leave her alone.","Я прощаюся з Ляпкою. Чомусь закриття даються їй набагато краще, ніж мені. Навіть не знаю, що вона робить, лишившися наодинці."
"D1D-38","No Sc, msc: SupernovaAlt, no sfx, Next: [D1D-39]","I don’t really know why I’m coming back in tomorrow. I should be packing with Cassie. We may not be able to do anything fancy like a space jump but…","Не впевнені, нащо приходити сюди й завтра. Варто було б збирати речі разом із Кессі. Можливо, розкіш типу космічного стрибка нам не світить, але..."
"D1D-39","No Sc, msc: SupernovaAlt, no sfx, Next: [D1D-40]","…","..."
"D1D-40","No Sc, msc: SupernovaAlt, no sfx, Next: [D1D-40b]","I need some sleep for tomorrow.","Треба виспатися перед завтрашнім днем."
"D1D-40b","No Sc, msc: SupernovaAlt, sfx: Door_Open,Door_Chime,Door_Close, Next: [Day2Transition]","-door opens and closes with a chime-","-двері відчиняються й зачиняються з дзенькотом-"
"Day2Transition","No Sc, msc: SupernovaAlt, no sfx, Next: [D2D-1]","DAY 2","2-Й ДЕНЬ"
"D2D-1","No Sc, msc: Supernova, no sfx, Next: [ROD2-1]","I jab my fingers against the screen of my phone the little avatar hops up and down in an effort to dodge the man-eating kale.","Я стукаю пальцями по екрану телефона, і крихітний персонаж стрибає й пригинається в спробах ухилитися від капустини-людожерки."
"ROD2-1","Sc: Rob, msc: Supernova, sfx: Rob_Short, Next: [D2D-2]","Dmi!","Дмі!"
"D2D-2","No Sc, msc: Supernova, no sfx, Next: [DD2-1]","I yelp and nearly drop my phone. I catch it just before it slips out of my fingers and glare at the slime man in front of me.","Я скрикую і ледь не впускаю телефон. Ловлю його саме перед тим, як він випадає з моїх пальців і зиркаю на слизовика переді мною."
"DD2-1","Sc: Dmi, msc: Supernova, no sfx, Next: [D2D-3]","You’ve seriously got to stop doing that!","Серйозно, годі так робити!"
"D2D-3","No Sc, msc: Supernova, sfx: Rob_Laugh, Next: [ROD2-2]","Rob bursts into laughter.","Роб вибухає сміхом."
"ROD2-2","Sc: Rob, msc: Supernova, sfx: ROB3, Next: [DD2-2]","It’s just too funny. Look you got goosebumps on your goosebumps! ","Але це так кумедно. Глянь, навіть у твоїх сирот повиступали сироти! "
"DD2-2","Sc: Dmi, msc: Supernova, no sfx, Next: [ROD2-3]","whatever how’s packing? ","Ну біс із тим, як ваші збори? "
"ROD2-3","Sc: Rob, msc: Supernova, sfx: ROB2, Next: [D2D-4]","We’ll be done by tonight. Then we leave tomorrow morning in time for our space jump outta here.","Сьогодні вночі закінчимо. А завтра зранку виїжджаємо, аби якраз встигнути на космічний стрибок звідсіля."
"D2D-4","No Sc, msc: Supernova, no sfx, Next: [D2D-5]","Ah a space jump. That's everyone’s ticket outta the solar system to go wherever they’re going next. ","Ага, космічний стрибок. Квиток із Сонячної системи для тих, кому є куди рухатися далі. "
"D2D-5","No Sc, msc: Supernova, no sfx, Next: [D2D-6]","They are ways outta here without one but the trip is pretty grueling.","Можна вибратися й іншими способами, але така подорож неабияк виснажить."
"D2D-6","No Sc, msc: Supernova, no sfx, Next: [ROD2-4]","Not to mention the luncos to afford a space jump is insane.","До того ж, ціна космічного стрибка просто божевільна."
"ROD2-4","Sc: Rob, msc: Supernova, sfx: ROB1, Next: [ROD2-5]","I’ll come pick up Flubber at the end of the day.","Повернуся за Ляпкою ввечері."
"ROD2-5","Sc: Rob, msc: Supernova, sfx: ROB3, Next: [D2D-7]","Also smile a little today! Use that slogan of ours to brighten their days. ","І хоч трохи сьогодні посміхайся! Покращ клієнтам день нашим слоганом! "
"D2D-7","No Sc, msc: Supernova, no sfx, Next: [DD2-3]","Ugh.","Уф."
"DD2-3","Sc: Dmi, msc: Supernova, no sfx, Next: [ROD2-6]","I’ll try.","Спробую."
"ROD2-6","Sc: Rob, msc: Supernova, sfx: ROB2, Next: [FD2-1]","Great! I’ll see you later. Be nice to Flubber!","Чудово! Побачимося пізніше. Не ображай Ляпку!"
"FD2-1","Sc: Flubber, msc: Supernova, sfx: FLUBBER1, Next: [DD2-4]","Mreoww…","Мряввв..."
"DD2-4","Sc: Dmi, msc: Supernova, no sfx, Next: [DD2-4b]","We’re pals aren’t we Flubber? ","Ми з тобою друзяки, чи не так, Ляпко? "
"DD2-4b","No Sc, msc: Supernova, sfx: Door_Chime,Door_Close, Next: [D2D-8]","-door chimes and closes-","-двері зачиняються з дзенькотом-"
"D2D-8","No Sc, msc: Supernova, no sfx, Next: [D2D-9a]","Flubber gives me a slow blink.","Ляпка повільно кліпає на мене очима."
"D2D-9a","No Sc, msc: Supernova, sfx: Door_Chime,Door_Open, Next: [D2D-9]","-door opens and chimes-","-двері прочиняються з дзенькотом-"
"D2D-9","No Sc, msc: Supernova, no sfx, Next: [DD2-5]","A two-headed beastman enters. They don’t say a word. I yawn and start spouting the “Cosmic Fuel welcome”.","Заходить двоголовий вовколюд. Обидві голови мовчать. Я позіхаю і починаю повторювати стандартне привітання на Космопаливі."
"DD2-5","Sc: Dmi, msc: Supernova, no sfx, Next: [D2D-10]","Welcome to Cosmic Fuel. Fill to your heart’s content that’s the Cosmic Fuel way. ","Вітаю на Космопаливі. Заправляйте, скільки душа бажає — саме так Космопаливо вчиняє! "
"D2D-10","No Sc, msc: Supernova, no sfx, Next: [D2D-11]","The beastmen frantically grab items and stuff them into a bag.","Вовколюди поспішно хапають товари і закидують їх у пакет."
"D2D-11","No Sc, msc: Supernova, no sfx, Next: [DD2-6]","Well that’s not at all what I meant. ","Ну, я зовсім не це мали на увазі. "
"DD2-6","Sc: Dmi, msc: Supernova, no sfx, Next: [D2D-12]","You guys using cash or credit?","Платитимете карткою чи готівкою?"
"D2D-12","No Sc, msc: Supernova, no sfx, Next: [ROM1]","The more dimwitted looking one whispers to the sharper one and they stalk forward.","Той, що має дурніший вигляд, щось шепоче розумнішому, і вони підходять ближче."
"ROM1","Sc: Romulus, msc: Supernova, sfx: ROMULUS1, Next: [D2D-13]","This is a stick up! Open the register!","Це пограбування! Відкривай касу!"
"D2D-13","No Sc, msc: Supernova, no sfx, Next: [REM1]","The dimwitted-looking beast-man pulls out a stick from his pocket and points at me.","Вовколюд дурнуватого вигляду дістає з кишені гілку й вказує нею на мене."
"REM1","Sc: Remus, msc: Supernova, sfx: REMUS1, Next: [ROM2]","and give us those Saturn dogs behind you!","І жени сюди он ті сатурндоги, що за тобою!"
"ROM2","Sc: Romulus, msc: Supernova, sfx: Romulus_Short, Next: [D2D-14]","Yeah! And--","Так! І ще..."
"D2D-14","No Sc, msc: Supernova, no sfx, Next: [REM2]","The sharp-eyed beastman glares at his brother.","Гостроокий вовколюд витріщається на брата."
"REM2","Sc: Remus, msc: Supernova, sfx: REMUS2, Next: [ROM3]","Sorry Romulus stickups make me hungry. ","Вибач, Ромуле, від пограбувань у мене прокидається апетит. "
"ROM3","Sc: Romulus, msc: Supernova, sfx: ROMULUS3, Next: [REM3]","You’re worse than a chihuahua. When I said we’re doing a stickup I didn’t mean to put a literal stickup! ","Ти гірший за чіхуахуа. Коли я сказав, що ми влаштуємо пограбування, я не мав на увазі буквально помахати гілкою з граба! "
"REM3","Sc: Remus, msc: Supernova, sfx: REMUS2, Next: [ROM4]","Oh did I mess up again? Are we not getting Saturn dogs? ","Йой, я знов облажався? То сатурндогів ми не отримаємо? "
"ROM4","Sc: Romulus, msc: Supernova, sfx: ROMULUS2, Next: [D2D-15]","No you didn’t mess up Remus. Let’s get you that hot dog. No no let’s get you two of them. How about that? ","Ні, Ремусе, не облажався. Давай купимо тобі той хотдог. Ні-ні, знаєш, краще два. Що думаєш? "
"D2D-15","No Sc, msc: Supernova, sfx: Remus_Howl, Next: [D2D-15b]","Remus howls with excitement.","Ремус щасливо завиває."
"D2D-15b","No Sc, msc: Supernova, no sfx, Next: [TDP7-1,TDN7-1]","Select an item in the shop","Виберіть товар у крамниці"
"D2D-15b-Option-1","No Sc, msc: Supernova, no sfx, Next: [TDP7-1,TDN7-1]","",""
"D2D-15b-Option-2","No Sc, msc: Supernova, no sfx, Next: [TDP7-1,TDN7-1]D2D-15b-Option-2","",""
"TDP7-1","No Sc, msc: Supernova, no sfx, Next: [TDP7-2]","I slide two Saturn dogs to the pair. Remus helps himself and scarfs it down.","Я підсовую до них два сатурндоги. Ремус тут же запихається ними."
"TDP7-2","Sc: Romulus, msc: Supernova, sfx: ROMULUS1, Next: [TDP7-3]","and now the register--","А тепер відкривай касу..."
"TDP7-3","Sc: Remus, msc: Supernova, sfx: REMUS1, Next: [TDP7-4]","Rom… they were so nice and gave us a Saturn dog. Do we have to?","Роме... вони такі чемні й дали нам сатурндоги. Це обов’язково?"
"TDP7-4","Sc: Romulus, msc: Supernova, sfx: ROMULUS3, Next: [TDP7-5]","Of course! We came all this way just to--","Ну звісно ж! Ми аж сюди приперлися тільки для того, щоб..."
"TDP7-5","Sc: Remus, msc: Supernova, sfx: Remus_Short, Next: [TDP7-6]","To steal?","Красти?"
"TDP7-6","No Sc, msc: Supernova, no sfx, Next: [TDP7-7]","Romulus stutters in shock.","Ромул шоковано затинається."
"TDP7-7","No Sc, msc: Supernova, no sfx, Next: [TDP7-8]","Remus doesn’t look too different from a kicked puppy.","Ремуса не відрізниш від щеняти, яке хтось копнув."
"TDP7-8","Sc: Remus, msc: Supernova, sfx: REMUS1, Next: [TDP7-9]","Mom always told us stealing was bad. We should pay!","Мама завжди казала, що красти — погано. Треба заплатити!"
"TDP7-9","Sc: Dmi, msc: Supernova, no sfx, Next: [TDP7-10]","I don’t really care either way to be honest… ","Якщо чесно, мені все одно... "
"TDP7-10","No Sc, msc: Supernova, no sfx, Next: [TDP7-11]","The two ignore me. I can practically hear the galaxy’s smallest violin play for the two.","Вони мене ігнорують. Я майже чую, як на фоні грає найманюніша скрипка в галактиці."
"TDP7-11","Sc: Romulus, msc: Supernova, sfx: ROMULUS2, Next: [TDP7-12]","You’re right Rem… I can’t do it. I wanted to be the tough guy so bad… everything is going to get blown to smithereens!","Маєш рацію, Реме... Я не можу. Так сильно хотів здаватися брутальним... усе ж скоро розлетиться на друзки!"
"TDP7-12","Sc: Romulus, msc: Supernova, sfx: ROMULUS1, Next: [TDP7-13]","I just wanted to do something cool!","Просто хотів зробити щось круте!"
"TDP7-13","Sc: Romulus, msc: Supernova, sfx: ROMULUS3, Next: [TDP7-14]","Will you ever forgive me?","Ти мені пробачиш?"
"TDP7-14","Sc: Remus, msc: Supernova, sfx: REMUS2, Next: [TDP7-15]","You’re the best big brother ever! Of course I will! ","Ти — найкращий старший брат на світі! Ну звісно ж пробачу! "
"TDP7-15","No Sc, msc: Supernova, no sfx, Next: [TDP7-16]","The two beastmen burst into tears.","Вовколюди вмиваються слізьми."
"TDP7-16","No Sc, msc: Supernova, no sfx, Next: [TDP7-17]","I just stand there watching the two go through a whole movie scene together.","Я ж просто стою й дивлюся, як брати немовби переживають цілий епізод із фільму."
"TDP7-17","No Sc, msc: Supernova, no sfx, Next: [TDP7-18]","Romulus sets a pile of luncos on the counter.","Ромул висипає на прилавок жменю лунко."
"TDP7-18","Sc: Romulus, msc: Supernova, sfx: ROMULUS1, Next: [D2D-16a]","Keep the change. We’re sorry for bothering you.","Не треба решти. Вибач, що потурбували."
"TDN7-1","No Sc, msc: Supernova, no sfx, Next: [TDN7-2]","Romulus grits his teeth.","Ромул скрегоче зубами."
"TDN7-2","Sc: Romulus, msc: Supernova, sfx: ROMULUS1, Next: [TDN7-3]","Is this some kind of joke? We asked for Saturn dogs!","Це що, жарт якийсь? Ми ж просили сатурндоги!"
"TDN7-3","Sc: Dmi, msc: Supernova, no sfx, Next: [TDN7-4]","I know.","Знаю."
"TDN7-4","Sc: Romulus, msc: Supernova, sfx: ROMULUS2, Next: [TDN7-5]","Why give us this?","А чому тоді даєш нам це?"
"TDN7-5","Sc: Dmi, msc: Supernova, no sfx, Next: [TDN7-6]","You’re already helping yourself to the shelves. Why don’t you get them yourself?","Ви й так нагребли речей із поличок. Може, хотдоги теж візьмете самі?"
"TDN7-6","Sc: Romulus, msc: Supernova, sfx: Romulus_Short, Next: [TDN7-7]","I--","Я..."
"TDN7-7","Sc: Remus, msc: Supernova, sfx: REMUS1, Next: [TDN7-8]","Aww…I think they’re mad at us Rom. ","Йоййй... Роме, здається, ми їх розізлили. "
"TDN7-8","Sc: Remus, msc: Supernova, sfx: REMUS2, Next: [TDN7-9]","I told you we shouldn’t steal.","Я ж казав, що красти не варто."
"TDN7-9","Sc: Romulus, msc: Supernova, sfx: ROMULUS1, Next: [TDN7-10]","STOP TAKING ME AS A FOOL REM!","ГОДІ МЕНЕ ЗА ПРИДУРКА ТРИМАТИ, РЕМЕ!"
"TDN7-10","Sc: Dmi, msc: Supernova, no sfx, Next: [TDN7-11]","Hey! He’s not taking you as a fool.","Гей! Він не тримає тебе за придурка."
"TDN7-11","No Sc, msc: Supernova, no sfx, Next: [TDN7-12]","Romulus’ eyes shine with a hopeful look.","В очах Ромула проблискує надія."
"TDN7-12","Sc: Dmi, msc: Supernova, no sfx, Next: [TDN7-13]","I’m taking you as a fool too.","А от я тримаю."
"TDN7-13","No Sc, msc: Supernova, no sfx, Next: [TDN7-14]","Romulus drops the bag on the ground. He looks close to tears.","Ромул впускає на підлогу пакет. Здається, що зараз розплачеться."
"TDN7-14","Sc: Romulus, msc: Supernova, sfx: ROMULUS2, Next: [D2D-16a]","Remus…lets just go.","Реме... просто ходімо вже."
"D2D-16a","No Sc, msc: Supernova, sfx: Door_Chime,Door_Close, Next: [D2D-16]","-door chimes and closes-","-двері зачиняються з дзенькотом-"
"D2D-16","No Sc, msc: Supernova, no sfx, Next: [T8]","I reach for my phone. Cassiopeia’s not going to believe this.","Я тягнуся до телефона. Кассіопея не повірить."
"T8","Sc: Dmi, on phone, msc: Supernova, sfx: Pocket_Swoosh_2, Next: [T9]","Sorry i didnt get to you yet. I was getting robbed.","вибач за довге мовчання. мене грабували."
"T9","Sc: Cassiopeia, on phone, msc: Supernova, sfx: Text_4_vibrate, Next: [T10]","WHAT?","ЩО?!"
"T10","Sc: Dmi, on phone, msc: Supernova, no sfx, Next: [T11]","chill they didnt take anything. They were two beastmen but they didnt seem to be following their own plan. ","та спокійно, нічого врешті не вкрали. просто прийшли два вовколюди, які, схоже, не погодили між собою план. "
"T11","Sc: Dmi, on phone, msc: Supernova, no sfx, Next: [T12]","I didnt care much it's not like it's my gas station. i Think i hurt their feelings.","мені-то пофігу, типу, заправка ж не моя. та здається, я зачепили їхні почуття"
"T12","Sc: Dmi, on phone, msc: Supernova, no sfx, Next: [T13]","u could say they were all bark and no bite.","можна сказати і вовки ситі, і кози цілі."
"T13","Sc: Cassiopeia, on phone, msc: Supernova, sfx: Text_4_vibrate, Next: [T14]","did u just…ugh.","це ти щойно... уфф."
"T14","Sc: Cassiopeia, on phone, msc: Supernova, sfx: Text_4_vibrate, Next: [T15]","im going to ignore that for my own sanity.","проігнорую це, аби самій не здуріти."
"T15","Sc: Cassiopeia, on phone, msc: Supernova, sfx: Text_4_vibrate, Next: [D2D-17]","like holy stars im so glad nothing happened. I dont even understand why u have to work there so close to doomsday…","хвала зорям, що нічого страшного не сталося. узагалі не розумію, чому тобі доводиться працювати напередодні судного дня..."
"D2D-17","No Sc, msc: Supernova, no sfx, Next: [D2D-18]","I could tell where she was getting at. A day before the supernova and I still had no means of getting any tickets for a space jump.","Я розумію, до чого вона веде. До вибуху наднової один день, а я й досі без шансів здобути квиток на космічний стрибок."
"D2D-18","No Sc, msc: Supernova, no sfx, Next: [T16]","I drum my fingers on the desk and think of my next reply.","Я обдумую наступну відповідь, постукуючи пальцями по прилавку."
"T16","Sc: Dmi, on phone, msc: Supernova, no sfx, Next: [T17]","Weird question but what if we just couldn’t talk anymore? ","Може, дивне питання, але що як ми більше не зможемо спілкуватися? "
"T17","Sc: Cassiopeia, on phone, msc: Supernova, sfx: Text_4_vibrate, Next: [TDP8-1,TDN8-1]","what type of question is that :(","що це взагалі за питання :("
"T17-Option-1","Sc: Cassiopeia, on phone, msc: Supernova, sfx: Text_4_vibrate, Next: [TDP8-1,TDN8-1]","Just curious…","Просто цікаво..."
"T17-Option-2","Sc: Cassiopeia, on phone, msc: Supernova, sfx: Text_4_vibrate, Next: [TDP8-1,TDN8-1]","You ask me dumb questions all the time.","Ти ж завжди ставиш дурні запитання."
"TDP8-1","Sc: Dmi, on phone, msc: Supernova, no sfx, Next: [TDP8-2]","its not every day people leave their planet in droves for the impending death of the sun.","не кожного ж дня народ стадом тікає з власної планети, бо от-от загине сонце."
"TDP8-2","Sc: Cassiopeia, on phone, msc: Supernova, sfx: Text_4_vibrate, Next: [TDP8-3]","Well I’d miss the hell out of you. ","Ну, я б за тобою збіса сумувала. "
"TDP8-3","Sc: Dmi, on phone, msc: Supernova, no sfx, Next: [TDP8-4]","…Really?","...Правда?"
"TDP8-4","Sc: Cassiopeia, on phone, msc: Supernova, sfx: Text_4_vibrate, Next: [TDP8-5]","Duh? What makes you think I check up on you all the time?","Тю? А чого, по-твоєму, я тобі весь час написую?"
"TDP8-5","Sc: Dmi, on phone, msc: Supernova, no sfx, Next: [TDP8-6]","…I don’t know.","...Не знаю."
"TDP8-6","Sc: Dmi, on phone, msc: Supernova, no sfx, Next: [TDP8-7]","I kind of feel like I’ve been dragging you down… with me being sad all the time.","Мені здається, що я тобі набридаю... тим, що весь час сумні."
"TDP8-7","Sc: Cassiopeia, on phone, msc: Supernova, sfx: Text_4_vibrate, Next: [TDP8-8]","what? We all get sad. We’re together till the end. Nothing will ever change that.","що? іноді сумують усі. Але ми разом до кінця. І ніщо цього не змінить."
"TDP8-8","Sc: Dmi, on phone, msc: Supernova, no sfx, Next: [TDP8-9]","Thank you. For always caring.","Дякую. За те, що завжди турбуєшся."
"TDP8-9","Sc: Cassiopeia, on phone, msc: Supernova, sfx: Text_4_vibrate, Next: [TDP8-10a]","Of course. I have to go :( I’m getting called away but I always have your back! ","Нема за що. Мені треба йти :( Маю бути деінде, але я завжди тебе підтримаю! "
"TDP8-10a","No Sc, msc: Supernova, sfx: Door_Chime,Door_Open, Next: [TDP8-10]","-door opens and chimes-","-двері прочиняються з дзенькотом-"
"TDP8-10","No Sc, msc: Supernova, no sfx, Next: [TDP8-11]","I find myself smiling at my phone. I could’ve reread this line a couple hundred times.","Я помічаю, що посміхаюся мобілці. Це повідомлення я могли б перечитувати ще пару сотен разів."
"TDP8-11","No Sc, msc: Supernova, sfx: KKILI1, Next: [DD2-7]","That must be someone special you’re talking to.","Певно, переписуєшся з кимось особливим."
"TDN8-1","Sc: Cassiopeia, on phone, msc: Supernova, sfx: Text_4_vibrate, Next: [TDN8-2]","...","..."
"TDN8-2","Sc: Cassiopeia, on phone, msc: Supernova, sfx: Text_4_vibrate, Next: [TDN8-3]","Wow that was harsh…","вау, це було грубо..."
"TDN8-3","No Sc, msc: Supernova, no sfx, Next: [TDN8-4]","I panic. Crap would it be bad to backtrack? ","Я панікую. Трясця, буде тупо дати задню? "
"TDN8-4","Sc: Dmi, on phone, msc: Supernova, no sfx, Next: [TDN8-5]","Sorry, i didn’t mean that","Вибач, фігню сказанули"
"TDN8-5","Sc: Dmi, on phone, msc: Supernova, no sfx, Next: [TDN8-6]","i don’t think ur questions are stupid.","я не вважаю твої питання дурними."
"TDN8-6","Sc: Cassiopeia, on phone, msc: Supernova, sfx: Text_4_vibrate, Next: [TDN8-7]",":/ you’re a jerk sometimes. u know that?",":/ іноді ти ще те гівно, знаєш?"
"TDN8-7","Sc: Dmi, on phone, msc: Supernova, no sfx, Next: [TDN8-8]","Yeah…I can see that right now. I’m really sorry.","Ага... мені це вже ясно. Справді, пробач. "
"TDN8-8","Sc: Cassiopeia, on phone, msc: Supernova, sfx: Text_4_vibrate, Next: [TDN8-9]","Well to answer your question. Even though you’re a grade A jerk sometimes.","Я відповім. Хоч іноді ти й буваєш першокласним гівном."
"TDN8-9","Sc: Cassiopeia, on phone, msc: Supernova, sfx: Text_4_vibrate, Next: [TDN8-10]","I’d still miss seeing you.","Я б усе одно сумувала за нашими зустрічами."
"TDN8-10","Sc: Cassiopeia, on phone, msc: Supernova, sfx: Text_4_vibrate, Next: [TDN8-11]","I just wish you were a bit more honest with me.","Просто хотілося б, аби ти були зі мною трохи чеснішими."
"TDN8-11","Sc: Dmi, on phone, msc: Supernova, no sfx, Next: [TDN8-12]","What do you mean honest?","У якому сенсі — чеснішими?"
"TDN8-12","Sc: Cassiopeia, on phone, msc: Supernova, sfx: Text_4_vibrate, Next: [TDN8-13]","I know thats not the real reason why you’re asking me that.","Я знаю, що ти не просто так про це питаєш."
"TDN8-13","Sc: Cassiopeia, on phone, msc: Supernova, sfx: Text_4_vibrate, Next: [TDN8-14]","I gotta go. I’ll talk to you later. Just stop acting so weird with me.","Мені треба йти. Поговоримо пізніше. Просто годі так дивно зі мною поводитися."
"TDN8-14","No Sc, msc: Supernova, no sfx, Next: [TDN8-14a]","I groan to myself.","Я тихенько стогну."
"TDN8-14a","No Sc, msc: Supernova, sfx: Door_Chime,Door_Open, Next: [TDN8-15]","-door opens and chimes-","-двері прочиняються з дзенькотом-"
"TDN8-15","Sc: Dmi, msc: Supernova, no sfx, Next: [TDN8-16]","Why did I say that? Out of every reason I could have given her?","Чому я це сказали? Можна ж було навести будь-яку причину."
"TDN8-16","Sc: Dmi, msc: Supernova, no sfx, Next: [TDN8-17]","Stupid! Stupid! Stupid!","Дурило! Дурило! Дурило!"
"TDN8-17","Sc: K'Kili the Destroyer, msc: Supernova, sfx: KKILI1, Next: [DD2-7]","It couldn’t be that stupid to be doing all that.","Сумніваюся, що настільки дурило, аби аж так поводитися."
"DD2-7","Sc: Dmi, msc: Supernova, no sfx, Next: [DD2-8]","Whoa!","Ох йой!"
"DD2-8","Sc: Dmi, msc: Supernova, no sfx, Next: [D2D-19]","Sorry it’s slow today. So uh I’ve been on my phone a bit more. ","Вибачте, клієнтів сьогодні мало. То ж я, еее, трохи частіше заглядаю в телефон. "
"D2D-19","No Sc, msc: Supernova, no sfx, Next: [D2D-20]","I take in the woman. From the ringlets across her body she seems to be a shapeshifter. ","Я оглядаю жінку перед собою. З кружалець, якими вкрите її тіло, можна припустити, що вона мінливиця. "
"D2D-20","No Sc, msc: Supernova, no sfx, Next: [D2D-21]","Something feels awfully familiar about her like I’ve seen her somewhere before.","Є в ній щось до біса знайоме — немовби я десь її вже бачили."
"D2D-21","No Sc, msc: Supernova, no sfx, Next: [KD1]","She doesn’t seem to notice the interest she has a knowing smile as her attention still seems on me and my phone. ","Здається, моєї зацікавленості вона не помічає, адже й досі з розумінням усміхається, розглядаючи мене та мобілку. "
"KD1","Sc: K'Kili the Destroyer, msc: Supernova, sfx: KKILI2, Next: [DD2-9]","They must sound important to you. Just relax I’m sure you’re lovely to speak to. ","Підозрюю, вони для тебе дуже важливі. Та розслабся, упевнена, ти дуже приємні в спілкуванні. "
"DD2-9","Sc: Dmi, msc: Supernova, no sfx, Next: [D2D-22]","It depends on the day.","Це вже який видасться день."
"D2D-22","No Sc, msc: Supernova, no sfx, Next: [KD2]","She laughs.","Вона сміється."
"KD2","Sc: K'Kili the Destroyer, msc: Supernova, sfx: KKILI3, Next: [D2D-23]","Hit me with it. What’s got you stressed?","Ну, давай уже. Чого ти всі на нервах?"
"D2D-23","No Sc, msc: Supernova, no sfx, Next: [D2D-24]","I think for a second. Do I actually want to just spill my guts out to this complete stranger?","Я мить вагаюся. Чи справді варто отак викладати всю душу абсолютній незнайомці?"
"D2D-24","No Sc, msc: Supernova, no sfx, Next: [D2D-25]","…","..."
"D2D-25","No Sc, msc: Supernova, no sfx, Next: [DD2-10]","Actually yeah. I can’t pay for a therapist anyways. Why not. ","А дійсно. Усе одно не маю грошей на терапію. Чому б і ні? "
"DD2-10","Sc: Dmi, msc: Supernova, no sfx, Next: [D2D-26]","I don’t know how to tell her I don’t qualify for a space jump so I’m going to be stuck here.","Не знаю, як сказати їй, що не можу собі дозволити космічний стрибок, тож застрягли тут."
"D2D-26","No Sc, msc: Supernova, no sfx, Next: [DD2-11]","The not-therapist nods as she listens to me.","Не-терапевтка киває, поки мене вислуховує."
"DD2-11","Sc: Dmi, msc: Supernova, no sfx, Next: [KD3]","I’ve been trying to just carry on but I think she knows something is wrong. ","Я намагалися продовжувати все як є, але думаю, вона розуміє — щось не так. "
"KD3","Sc: K'Kili the Destroyer, msc: Supernova, sfx: KKILI2, Next: [D2D-27]","Well you’re going to traumatize the stars outta her when she finds out you’re gonna be space dust and you never warned her. ","Та ти її до зірок травмуєш, якщо вона без жодного попередження дізнається, що від тебе лишився один космічний пил. "
"D2D-27","No Sc, msc: Supernova, no sfx, Next: [D2D-28]","I choke. When she puts it that way…","До горла підступає клубок. Коли вона це так подає..."
"D2D-28","No Sc, msc: Supernova, no sfx, Next: [DD2-12]","I try to search for a way to back out despite this being my fault we’re having this very personal conversation at a gas station counter.","Я намагаюсь якось припинити цю дуже особисту розмову на заправці, хоча вона взагалі розпочалася з моєї провини."
"DD2-12","Sc: Dmi, msc: Supernova, no sfx, Next: [KD4]","Is there something in particular you’re looking for or…? ","Ви щось конкретне шукаєте чи?.. "
"KD4","Sc: K'Kili the Destroyer, msc: Supernova, sfx: KKILI1, Next: [D2D-29]","I see what you’re doing here.","Ага, я знаю, до чого ти ведеш."
"D2D-29","No Sc, msc: Supernova, no sfx, Next: [KD5]","She plays along though.","Та все ж вона підігрує мені."
"KD5","Sc: K'Kili the Destroyer, msc: Supernova, sfx: KKILI3, Next: [KD6]","I’ll put 900 luncos on pump 5.","Я заправлюся на 900 лунко, п’ята колонка."
"KD6","Sc: K'Kili the Destroyer, msc: Supernova, sfx: KKILI2, Next: [D2D-30]","And are any of those behind you good? Looking to get something for my wife back on our ship.","Позаду тебе є щось смачненьке? Хотіла дружині на корабель узяти. "
"D2D-30","No Sc, msc: Supernova, no sfx, Next: [DD2-13]","She points to the hot food machines behind me and I shrug.","Вона вказує мені за спину, де на стійці підігрівається їжа, і я знизую плечима."
"DD2-13","Sc: Dmi, msc: Supernova, no sfx, Next: [DD2-14]","Nothing to write home about but I think they’re pretty good. ","Нічого особливого, та, на мою думку, цілком смачно. "
"DD2-14","Sc: Dmi, msc: Supernova, no sfx, Next: [D2D-31]","Especially if you’re hungry.","Особливо якщо ви голодні."
"D2D-31","No Sc, msc: Supernova, no sfx, Next: [KD7]","She lets out a hearty laugh.","Вона гучно сміється."
"KD7","Sc: K'Kili the Destroyer, msc: Supernova, sfx: KKILI1, Next: [KD8]","Oh man. I know that feeling when food is good just cuz you haven’t had anything. ","О, так. Знаю, як добре смакує їжа, просто бо не встиг нічого перехопити. "
"KD8","Sc: K'Kili the Destroyer, msc: Supernova, sfx: KKILI3, Next: [KD8b]","Something with a good crunch to it seems like something my wife would like.","Думаю, моя дружина б не відмовилася від чогось хрусткого."
"KD8b","No Sc, msc: Supernova, no sfx, Next: [TDP9-1,TDN9-1]","Select an item in the shop","Виберіть товар у крамниці"
"KD8b-Option-1","No Sc, msc: Supernova, no sfx, Next: [TDP9-1,TDN9-1]","",""
"KD8b-Option-2","No Sc, msc: Supernova, no sfx, Next: [TDP9-1,TDN9-1]KD8b-Option-2","",""
"TDP9-1","Sc: K'Kili the Destroyer, msc: Supernova, sfx: KKILI2, Next: [TDP9-2]","What are these called again? M’Ghooni Nachos?","Скажи ще раз, як вони називаються? Начос «М’ґуні»?"
"TDP9-2","Sc: Dmi, msc: Supernova, no sfx, Next: [TDP9-3]","It's got a little kick to it. If your wife likes spice I’m sure she’d be into it.","Вони трошки гостренькі. Якщо ваша дружина любителька спецій, їй ці точно зайдуть."
"TDP9-3","Sc: K'Kili the Destroyer, msc: Supernova, sfx: KKILI3, Next: [TDP9-4]","I’m Martian. I can handle more than a little kick.","Я марсіанка. З гострими відчуттями справляюся на відмінно."
"TDP9-4","No Sc, msc: Supernova, no sfx, Next: [TDP9-5]","The alleged shapeshifter lifts up a chip and chomps down on it.","Ймовірна мінливиця бере чипсину й ласує нею."
"TDP9-5","Sc: K'Kili the Destroyer, msc: Supernova, sfx: KKILI2, Next: [TDP9-6]","Oh! That's a pretty solid nacho.","О! А непогані начос."
"TDP9-6","Sc: Dmi, msc: Supernova, no sfx, Next: [TDP9-7]","Yeah my friend would usually call me to bring some back with me back when we were roommates. ","Ага, моя подружка вічно просила принести їх із роботи, коли ми жили разом.  "
"TDP9-7","Sc: K'Kili the Destroyer, msc: Supernova, sfx: KKILI1, Next: [TDP9-8]","They’ve got good taste. Can you get one for me too?","У них добрий смак. А не набереш ще й мені порцію?"
"TDP9-8","No Sc, msc: Supernova, no sfx, Next: [D2D-32]","I nod as I go over to the machine and get out a second batch of M’Ghooni Nachos.","Я киваю і підходжу до машини, щоби взяти другу партію начос «М’ґуні»."
"TDN9-1","No Sc, msc: Supernova, no sfx, Next: [TDN9-2]","K’Kili inspects the food presented to her.","К’Кілі оглядає подану їй їжу."
"TDN9-2","Sc: K'Kili the Destroyer, msc: Supernova, sfx: KKILI1, Next: [TDN9-3]","Hmm I don’t mean to be rude kid but I don’t think she’s going to like this. ","Гм-м, не хочу ображати тебе, мальку, та не думаю, що їй це сподобається. "
"TDN9-3","Sc: K'Kili the Destroyer, msc: Supernova, sfx: KKILI2, Next: [TDN9-4]","I wouldn’t really call this crunchy either.","І не те щоб воно було дуже хрустке."
"TDN9-4","Sc: Dmi, msc: Supernova, no sfx, Next: [TDN9-5]","You sure she might not like this better?","Упевнені, що це їй не сподобається більше?"
"TDN9-5","Sc: K'Kili the Destroyer, msc: Supernova, sfx: KKILI3, Next: [TDN9-6]","Pretty sure I’d know what she likes best.","Думаю, я краще знаю, що їй подобається."
"TDN9-6","No Sc, msc: Supernova, no sfx, Next: [TDN9-7]","I sigh. Seems my gas station munchies intuition failed me today.","Я зітхаю. Схоже, моє чуття на смаколики із заправки мене підвело."
"TDN9-7","Sc: Dmi, msc: Supernova, no sfx, Next: [TDN9-8]","Sorry bout that.","Вибачте."
"TDN9-8","Sc: K'Kili the Destroyer, msc: Supernova, sfx: KKILI1, Next: [D2D-32]","It's fine. I’ll take the gas at least.","Та все гаразд. Хоча б уже заправлюся."
"D2D-32","No Sc, msc: Supernova, no sfx, Next: [KD9]","The woman grabs her wallet in her pocket.","Жінка дістає з кишені гаманець."
"KD9","Sc: K'Kili the Destroyer, msc: Supernova, sfx: KKILI2, Next: [DD2-15]","You take cards don’t you? Or did that stop for Doomsday?","Ви приймаєте картки, так? Чи Судний день усе загальмував?"
"DD2-15","Sc: Dmi, msc: Supernova, no sfx, Next: [D2D-33]","Nothing stops at Cosmic Fuel for Doomsday.","У Космопаливі ніщо не зупиняється на Судний день."
"D2D-33","No Sc, msc: Supernova, no sfx, Next: [D2D-34]","The woman cooly passes a card to me. I grab for it and freeze as I realize she passed me an ID.","Вона байдуже простягає мені картку. Я беру її і завмираю, розуміючи, що це насправді паспорт."
"D2D-34","No Sc, msc: Supernova, no sfx, Next: [D2D-35]","The name is one I remember very well as it was all over the Martian news. ","Ім’я на ньому мені добре знайоме, бо його крутили по всім марсіанським новинам. "
"D2D-35","No Sc, msc: Supernova, no sfx, Next: [KD10]","Holy crap. This woman is like… an urban legend on Mars.","От тобі й на! Ця жінка, типу... планетська легенда на Марсі."
"KD10","Sc: K'Kili the Destroyer, msc: Supernova, sfx: KKili_Short, Next: [D2D-36]","Did my card decline?","Оплата не пройшла?"
"D2D-36","No Sc, msc: Supernova, no sfx, Next: [KD11]","All six of her eyes widen as she realizes her debit card isn’t in my hand and she snatches it.","Вона вирячує всі шість очей, коли бачить у моїй руці зовсім не ту картку, і вихоплює її."
"KD11","Sc: K'Kili the Destroyer, msc: Supernova, sfx: KKili_Short, Next: [D2D-37]","Wrong card! Wrong card!","Помилилася карткою! Помилилася карткою!"
"D2D-37","No Sc, msc: Supernova, no sfx, Next: [D2D-38]","K’Kili passes me the right card.","К’Кілі передає мені потрібну картку."
"D2D-38","No Sc, msc: Supernova, no sfx, Next: [KD12]","We sit in awkward silence.","Ми ніяково стоїмо в тиші."
"KD12","Sc: K'Kili the Destroyer, msc: Supernova, sfx: KKILI1, Next: [KD12b]","Are you going to ring me up or…?","То ти мене розрахуєш чи?.."
"KD12b","No Sc, msc: Supernova, sfx: CashRegister, Next: [DD2-16]","-cash register noise-","-дзенькає касовий апарат-"
"DD2-16","Sc: Dmi, msc: Supernova, no sfx, Next: [DD2-17]","Eh I work at a gas station. I’m sure I’ve probably served someone with jaded pasts tons of times before. ","Та я ж працюю на заправці. Певні, що купу разів уже обслуговували когось із насиченим минулим. "
"DD2-17","Sc: Dmi, msc: Supernova, no sfx, Next: [D2D-39]","You’re not going to throw me in the nearest black hole and take my place aren’t you?","Ви ж не плануєте мене скинути в найближчу чорну діру і зайняти моє місце, так?"
"D2D-39","No Sc, msc: Supernova, no sfx, Next: [KD13]","K’Kili laughs.","К’Кілі сміється."
"KD13","Sc: K'Kili the Destroyer, msc: Supernova, sfx: KKILI3, Next: [DD2-18]","Not at all. I didn’t really use my powers like that. I can’t really shapeshift anymore anyways.","Звісно ж ні. Я не так використовувала свої здібності. Та й перетворюватися більше не можу."
"DD2-18","Sc: Dmi, msc: Supernova, no sfx, Next: [D2D-40]","Oh?","Оу?"
"D2D-40","No Sc, msc: Supernova, no sfx, Next: [KD14]","She points to her antenna.","Вона вказує на свою антену."
"KD14","Sc: K'Kili the Destroyer, msc: Supernova, sfx: KKILI2, Next: [KD15]","My antenna is a little bent. So I can’t really do that anymore. ","Моя антена трошки погнулася. То вже не можу робити подібне. "
"KD15","Sc: K'Kili the Destroyer, msc: Supernova, sfx: KKILI1, Next: [D2D-41]","I felt like my world was falling apart when it first happened but my wife has been so supportive. I mean I got injured trying to help her in the first place. ","Коли це сталося, мені здалося, наче мій світ розлетівся на друзки, але дружина так мене підтримувала. Ну, саме рятуючи її я так-то й поранилася. "
"D2D-41","No Sc, msc: Supernova, no sfx, Next: [KD16]","K’Kili lifts up her hand to show her ring. I can see the admiration and pride coming from her.","К’Кілі підносить руку, показуючи каблучку. Я бачу на її обличчі вираз захоплення і гордості."
"KD16","Sc: K'Kili the Destroyer, msc: Supernova, sfx: KKILI3, Next: [DD2-19]","My wife means everything to me. A part of me is happy we can get away and start new somewhere else.","Моя дружина — моє все. Я навіть трохи щаслива, що ми зможемо вирватися звідси й почати нове життя."
"DD2-19","Sc: Dmi, msc: Supernova, no sfx, Next: [KD17]","Wow…she sounds so lucky to have you.","Вау... Їй пощастило мати вас."
"KD17","Sc: K'Kili the Destroyer, msc: Supernova, sfx: KKili_Short, Next: [D2D-42]","I’m the lucky one.","Скоріше, це мені пощастило."
"D2D-42","No Sc, msc: Supernova, no sfx, Next: [KD18]","K’Kili reaches over and places a hand on my shoulder. She has a strong grip. She probably could pull me over the counter like this.","К’Кілі тягнеться і кладе руку на моє плече. А вона сильна. Певно, змогла б просто так перетягнути мене через прилавок."
"KD18","Sc: K'Kili the Destroyer, msc: Supernova, sfx: KKILI1, Next: [KD19]","Listen kid. You don’t know me and I don’t know you too well but I feel like I should tell you… ","Послухай, мальку. Не те щоб ми добре знайомі, та все ж я відчуваю, що мушу тобі сказати... "
"KD19","Sc: K'Kili the Destroyer, msc: Supernova, sfx: KKILI2, Next: [KD20]","I don’t really know what your baggage is with whoever you’re talking to but be honest. I can tell they mean a lot to you. ","Не уявляю навіть, що в тебе за проблеми з тими, з кими ти там говориш, але будь чесними. Я бачу, що вони багато значать для тебе. "
"KD20","Sc: K'Kili the Destroyer, msc: Supernova, sfx: KKILI3, Next: [DD2-20]","I need you to really think about what they mean to you. Don’t you want to see them?","Добряче подумай про те, наскільки вони тобі важливі. Ти ж хочеш їх побачити?"
"DD2-20","Sc: Dmi, msc: Supernova, no sfx, Next: [D2D-43]","I…can’t anyways… It's too late.","Я... усе одно не можу... Уже запізно."
"D2D-43","No Sc, msc: Supernova, no sfx, Next: [KD21]","K’Kili lets go of my shoulder.","К’Кілі відпускає моє плече."
"KD21","Sc: K'Kili the Destroyer, msc: Supernova, sfx: KKILI1, Next: [DD2-21]","I know… Just talk to them.","Знаю... Просто поговори з ними."
"DD2-21","Sc: Dmi, msc: Supernova, no sfx, Next: [KD22]","…I’ll try.","...Я спробую."
"KD22","Sc: K'Kili the Destroyer, msc: Supernova, sfx: KKILI3, Next: [D2D-44]","It's all you can do right?","Що ж іще можна зробити, еге ж?"
"D2D-44","No Sc, msc: Supernova, no sfx, Next: [KD23]","She squints at my name tag.","Вона примружується, щоби роздивитися мій бейджик."
"KD23","Sc: K'Kili the Destroyer, msc: Supernova, sfx: KKILI2, Next: [D2D-45]","You seem like a good kid. I’ll leave a nice review for you on Welp.","Ти наче окей, мальку. Напишу тобі гарний відгук."
"D2D-45","No Sc, msc: Supernova, no sfx, Next: [D2D-45b]","The woman offers me a smile and walks out of the Cosmic Fuel with nachos in hand.","Жінка всміхається мені й виходить з Космопалива, тримаючи начос у руках."
"D2D-45b","No Sc, msc: Supernova, sfx: Door_Chime,Door_Close, Next: [D2D-46]","-door chimes and closes-","-двері зачиняються з дзенькотом-"
"D2D-46","No Sc, msc: Supernova, no sfx, Next: [D2D-47]","I don’t move. Never in my life did I think I would be getting a pep talk about relationships with a customer who just wanted to buy snacks.","Я не рухаюся. Ніколи в житті не подумали б, що мене повчатиме щодо стосунків відвідувачка, яка просто хотіла придбати смаколиків."
"D2D-47","No Sc, msc: Supernova, no sfx, Next: [D2D-48]","I should be on my way out of here. Maybe catching a ride outta here on a new planet but here I am. ","Я мали б уже летіти звідси. Можливо, зловити попутку кудись на іншу планету, але я... "
"D2D-48","No Sc, msc: Supernova, no sfx, Next: [D2D-49]","Doomed.","Приречені."
"D2D-49","No Sc, msc: Supernova, no sfx, Next: [D2D-50]","…","..."
"D2D-50","No Sc, msc: Supernova, no sfx, Next: [D2D-51]","Some time passes. I don’t get any more customers and I try to busy myself with the monotony of cleaning.","Минає деякий час. Ніхто не заходить, і я намагюся відволіктися одноманітним прибиранням."
"D2D-51","No Sc, msc: Supernova, no sfx, Next: [D2D-52]","I think Flubber notices something is wrong cuz I find her wanting to brush up against me more as she tries to move off of her usual lounging spot.","Схоже, Ляпка помічає, що щось не так, бо починає частіше ластитися до мене, покинувши улюблений куточок."
"D2D-52","No Sc, msc: Supernova, no sfx, Next: [D2D-53]","Rob eventually comes by. His usual cheery disposition fades as he picks up Flubber.","Нарешті приходить Роб. Він забирає Ляпку, і його звичний радісний настрій згасає."
"D2D-53","No Sc, msc: Supernova, no sfx, Next: [D2D-54]","I think it finally hit him about what was going to happen.","Схоже, він тільки зараз усвідомив, що скоро станеться."
"D2D-54","No Sc, msc: Supernova, no sfx, Next: [D2D-55]","…","..."
"D2D-55","No Sc, msc: Supernova, no sfx, Next: [D2D-55b]","I need to rest before tomorrow.","Мушу відпочити перед завтрашнім днем."
"D2D-55b","No Sc, msc: Supernova, sfx: Door_Open,Door_Chime,Door_Close, Next: [Day3Transition]","-door opens and closes with a chime-","-двері відчиняються й зачиняються з дзенькотом-"
"Day3Transition","No Sc, msc: Supernova, no sfx, Next: [D3D-1]","DAY 3","3-Й ДЕНЬ"
"D3D-1","No Sc, msc: Supernova, no sfx, Next: [D3D-2]","Doomsday.","Судний день"
"D3D-2","No Sc, msc: Supernova, no sfx, Next: [D3D-3]","Feels a lot quieter than how I’d imagined it.","Навколо набагато тихіше, ніж я cобі уявляли."
"D3D-3","No Sc, msc: Supernova, no sfx, Next: [D3D-4]","Well most people evacuated… it makes sense it's this quiet. ","Що ж, більшість уже евакуювалася... Не дивно, що тут так тихо. "
"D3D-4","No Sc, msc: Supernova, no sfx, Next: [D3D-4b]","There’s no Flubber no Rob just me. ","Нема ні Ляпки, ані Роба — тільки я. "
"D3D-4b","No Sc, msc: Supernova, sfx: Text_1, Next: [T18]","-phone chimes-","-дзеленьчить телефон-"
"T18","Sc: Cassiopeia, on phone, msc: Supernova, sfx: Pocket_Swoosh_2, Next: [T19]","Dmi did you get my message about where to meet me at the Space Port? You haven’t been answering me since last night. ","Дмі, ти бачили моє повідомлення про місце зустрічі на Космічному порту? Ти мені зі вчора не відповідаєш. "
"T19","Sc: Dmi, on phone, msc: Supernova, no sfx, Next: [T20]"," Sorry just been so busy. You know how it is. "," Вибач, були дуже зайняті. Знаєш, як воно буває. "
"T20","Sc: Cassiopeia, on phone, msc: Supernova, sfx: Text_4_vibrate, Next: [D3D-5]","What’s wrong with you? I would think this is a pretty big time to answer your messages! I mean we got the last space jumps of the day! ","Та що з тобою не так? Мені здається, зараз як ніколи важливо відповідати на повідомлення! Ну типу, нам лишаються останні на сьогодні космічні стрибки! "
"D3D-5","No Sc, msc: Supernova, no sfx, Next: [D3D-6]","For once I feel tears threaten to fall from my face as I stare at my phone.","Я дивлюся на екран і вперше за довгий час відчуваю, що сльози от-от покотяться по щоках."
"D3D-6","No Sc, msc: Supernova, no sfx, Next: [T21]","I wipe my face. Why am I such a loser? I don’t wanna weigh her down. I’m doing her a favor by not telling her!","Я протираю обличчя. Чому ж я такі невдаха? Не хочу її обтяжувати. Їй же буде краще, якщо я нічого не скажу!"
"T21","Sc: Cassiopeia, on phone, msc: Supernova, no sfx, Next: [DD3-1a]"," Dmi?"," Дмі?"
"DD3-1a","No Sc, msc: Supernova, sfx: Smoke_Detector_Beep_2, Next: [DD3-1]","-smoke alarm chirps-","-цвірінькає пожежна сигналізація-"
"DD3-1","Sc: Dmi, msc: Supernova, no sfx, Next: [D3D-7]"," Really? Today of all days?"," Серйозно? Саме сьогодні?"
"D3D-7","No Sc, msc: Supernova, no sfx, Next: [D3D-8]","You’d think after all this time smoke alarms wouldn’t work the same way as they did hundreds of years ago.","Хто б міг подумати, що стільки часу потому пожежні сигналізації працюватимуть так само погано, як і кількасот років тому."
"D3D-8","No Sc, msc: Supernova, no sfx, Next: [AD1a]","I tune it out as I busy myself with my normal routine. Cleaning waiting more cleaning and more waiting. ","Я ігнорую її і продовжую займатися звичними речами. Прибирання, очікування, ще більше прибирання і ще довше очікування. "
"AD1a","No Sc, msc: Supernova, sfx: Door_Chime,Door_Open, Next: [AD1]","-door opens and chimes-","-двері прочиняються з дзенькотом-"
"AD1","Sc: Aiyana, msc: Supernova, sfx: ALYANA1, Next: [D3D-9]","Oh wow. You’re actually open. ","Оу, вау. Ви досі відчинені. "
"D3D-9","No Sc, msc: Supernova, no sfx, Next: [D3D-10]","My head whips up from where I was brooming from the already pristine floors.","Мій погляд відривається від підмітання вже бездогано чистої підлоги."
"D3D-10","No Sc, msc: Supernova, no sfx, Next: [DD3-2]","Xey holds a phone in xeir hand.","Зі тримає в руці телефон."
"DD3-2","Sc: Dmi, msc: Supernova, no sfx, Next: [D3D-11]"," Oh hey. Uh what are you doing here? "," О, привіт. Е-е, що робиш тут? "
"D3D-11","No Sc, msc: Supernova, no sfx, Next: [D3D-12]","The person walks towards the counter. I walk behind it just as I usually would.","Людина підходить до прилавка. Я заходжу за нього, як і завжди."
"D3D-12","No Sc, msc: Supernova, sfx: Smoke_Detector_Beep_2, Next: [AD2]","Xey pause as xey look up at the chirping smoke alarm. I watch the gears turn as xey decide to ignore it.","Зі зупиняється, подивившися на пожежну сигналізацію, що й далі цвірінькає. Зі хвильку обробляє інформацію, а тоді вирішує не зважати."
"AD2","Sc: Aiyana, msc: Supernova, sfx: ALYANA2, Next: [DD3-3]"," I wanted to see if I can get a snack or something. My phone said this place was open. I wanted to grab something before going back home to Earth. "," Хотіли глянути якісь смаколики абощо. Телефон сказав, що тут відчинено. Узяти би щось до того, як повернуся додому на Землю. "
"DD3-3","Sc: Dmi, msc: Supernova, no sfx, Next: [D3D-13]"," Earth?"," Землю?"
"D3D-13","No Sc, msc: Supernova, no sfx, Next: [AD3]","Earth isn’t a planet you hear too often when it came to human inhabitants. Despite the supernova, Earth has already been deemed unfavorable for living compared to anywhere else.","Нечасто чуєш, що людина з Землі. Цю планету визнали непридатною для життя в порівнянні з іншими ще задовго до вибуху наднової."
"AD3","Sc: Aiyana, msc: Supernova, sfx: ALYANA3, Next: [AD4]"," Yeah some people actually still live there. "," Ага, деякі люди ще там живуть. "
"AD4","Sc: Aiyana, msc: Supernova, sfx: ALYANA1, Next: [D3D-14]"," and by some people I mean me."," І під «деякими» людьми я маю на увазі себе."
"D3D-14","No Sc, msc: Supernova, no sfx, Next: [DD3-4]","I chuckle.","Я хихочу."
"DD3-4","Sc: Dmi, msc: Supernova, no sfx, Next: [AD5]"," Well what are you looking for? I can help you pick out something. "," То що ти шукаєш? Можу підказати щось. "
"AD5","Sc: Aiyana, msc: Supernova, sfx: ALYANA3, Next: [AD6]","Well to be honest…I don’t really care. What do you think is good? ","Чесно кажучи... мені так-то все одно. Що б ти порекомендували? "
"AD6","Sc: Aiyana, msc: Supernova, sfx: Alyana_Short, Next: [AD6b]","I’ll take anything.","Погоджуся на будь-що."
"AD6b","No Sc, msc: Supernova, no sfx, Next: [TDP10-1]","Select an item in the shop","Виберіть товар у крамниці"
"AD6b-Option-1","No Sc, msc: Supernova, no sfx, Next: [TDP10-1]","",""
"AD6b-Option-2","No Sc, msc: Supernova, no sfx, Next: [TDP10-1]AD6b-Option-2","",""
"TDP10-1","Sc: Aiyana, msc: Supernova, sfx: ALYANA1, Next: [TDP10-2]","Hmm don’t think I’ve tried this before. ","Гм-м, здається, я ще це не пробували. "
"TDP10-2","Sc: Aiyana, msc: Supernova, sfx: Alyana_Short, Next: [TDP10-3]"," How many luncos is it?"," Скільки з мене лунко?"
"TDP10-3","Sc: Dmi, msc: Supernova, no sfx, Next: [TDP10-4]","I’d be crazy to make this company richer by charging you.","Збагачувати цю компанію за твій рахунок уже було б божевіллям."
"TDP10-4","Sc: Aiyana, msc: Supernova, sfx: Alyana_Short, Next: [TDP10-4a]"," Just checking."," Просто уточнюю."
"TDP10-4a","Sc: Aiyana, msc: Supernova, sfx: ALYANA1, Next: [TDP10-5]"," So what possessed you to clock in when you could be at home or better yet at the Space Port on your way out of here? "," Хто в тебе вселився, що ти на роботі, а не сидиш удома чи готуєшся звалити з того ж Космічного порту? "
"TDP10-5","Sc: Dmi, msc: Supernova, no sfx, Next: [TDP10-6]"," Just a coward who thinks working at a gas station is more comfortable than confronting my problems head-on."," Мотузяна душа, яка думає, що робота на заправці безтурботніша за вирішення своїх проблем."
"TDP10-6","Sc: Dmi, msc: Supernova, no sfx, Next: [TDP10-7]"," What about you?"," А в тебе хто?"
"TDP10-7","No Sc, msc: Supernova, no sfx, Next: [TDP10-8]","Xey let out a bitter laugh.","Зі гірко всміхається."
"TDP10-8","Sc: Aiyana, msc: Supernova, sfx: Alyana_Short, Next: [TDP10-9]"," I stayed behind."," Я самі вирішили лишилися."
"TDP10-9","Sc: Aiyana, msc: Supernova, sfx: ALYANA2, Next: [TDP10-10]"," You might think it's stupid but I want to stay with the Earth in its final moments. "," Може, це дурна ідея, але я хочу бути із Землею в її останні години. "
"TDP10-10","Sc: Aiyana, msc: Supernova, sfx: ALYANA1, Next: [TDP10-11]","Everyone left it behind and I just don’t want to do the same. I did too much for that floating rock in space. I tried my best. ","Усі полишили її, але я не хочу. Я забагато вклали в цю космічну каменюку. Старались, як могли. "
"TDP10-11","Sc: Dmi, msc: Supernova, no sfx, Next: [TDP10-12]","You’re just going to get sent to hell with it?","То просто полетиш у пекло разом із нею?"
"TDP10-12","Sc: Aiyana, msc: Supernova, sfx: ALYANA2, Next: [TDP10-13]"," That does make it sound cooler when you say it like that."," Твоя версія звучить набагато крутіше."
"TDP10-13","Sc: Dmi, msc: Supernova, no sfx, Next: [TDP10-14]","I don’t really think it's stupid.","Як на мене, ця ідея не така вже й дурна."
"TDP10-14","Sc: Dmi, msc: Supernova, no sfx, Next: [TDP10-15]","What's your name? Might as well ask while we’re here.","Як тебе звати? Спитаю, поки ми ще тут."
"TDP10-15","Sc: Aiyana, msc: Supernova, sfx: ALYANA3, Next: [TDP10-16]"," It's Aiyana. Nothing special to it."," Аяна. Нічого особливого."
"TDP10-16","No Sc, msc: Supernova, no sfx, Next: [TDP10-17]","Xey look at my name tag. I see as xeir eyes look back down to double check.","Зі дивиться на мій бейджик. Я бачу, як погляд знову опускається, щоби запевнитися."
"TDP10-17","Sc: Aiyana, msc: Supernova, sfx: Alyana_Short, Next: [TDP10-18]"," Thanks for the free stuff Dmi. "," Дякую за халявні штуки, Дмі. "
"TDP10-18","Sc: Dmi, msc: Supernova, no sfx, Next: [TDP10-19]"," It's no problem. Just enjoy it. Thanks for being my last customer."," Та без проблем. Насолоджуйся. Дякую, що були моїми останніми відвідувачами."
"TDP10-19","Sc: Aiyana, msc: Supernova, sfx: ALYANA1, Next: [TDP10-20]","For what it's worth I think they deserve to know. There isn’t much time left. ","Хай там як, вони заслуговують знати. У тебе обмаль часу. "
"TDP10-20","Sc: Aiyana, msc: Supernova, sfx: ALYANA3, Next: [TDP10-21]","I don’t think anyone should go out with regrets.","Не думаю, що варто помирати, жалкуючи про щось."
"TDP10-21","No Sc, msc: Supernova, no sfx, Next: [TDP10-22]","Xey go over to the door.","Зі підходить до дверей."
"TDP10-22","Sc: Aiyana, msc: Supernova, sfx: ALYANA2, Next: [TDP10-22b]","Also take out the batteries in that smoke alarm. You don’t have to be in hell already jeez. ","І витягни батарейки з пожежної сигналізації. Тобі не обов’язково прямо зараз варитися в пеклі, божечки. "
"TDP10-22b","No Sc, msc: Supernova, sfx: Door_Chime,Door_Close, Next: [D3D-15a]","-door opens and closes with a chime-","-двері відчиняються й зачиняються з дзенькотом-"
"D3D-15a","No Sc, msc: Supernova, no sfx, Next: [D3D-15]","I grab my broom and give the smoke alarm a solid SMACK.","Я беру мітлу і від душі гепаю по пожежній сигналізації."
"D3D-15","No Sc, msc: Supernova, no sfx, Next: [D3D-16]","The thing falls to the ground. Aiyana was right about how annoying the noise is when you’re not ignoring it.","Прилад падає на землю. Аяна були праві: звук дійсно набридає, якщо його не ігнорувати."
"D3D-16","No Sc, msc: Supernova, no sfx, Next: [D3D-16b]","Time passes.","Минає час."
"D3D-16b","No Sc, msc: Supernova, sfx: Text_1, Next: [PON-1,POP-1]","-phone chimes-","-дзеленьчить телефон-"
"D3D-16b-Option-1","No Sc, msc: Supernova, sfx: Text_1, Next: [PON-1,POP-1]","",""
"D3D-16b-Option-2","No Sc, msc: Supernova, sfx: Text_1, Next: [PON-1,POP-1]D3D-16b-Option-2","",""
"PON-1","No Sc, msc: BracingForImpact, no sfx, Next: [PON-2]","It's Cassiopeia.","Це Кассіопея."
"PON-2","No Sc, msc: BracingForImpact, no sfx, Next: [PON-3]","I pick up my phone but put it back down.","Я беру телефон, але потім вертаю його на місце."
"PON-3","Sc: Dmi, msc: BracingForImpact, no sfx, Next: [PON-4]"," Sorry Cassie. Just focus on getting out of here."," Вибач, Кессі. Зосередься на тому, щоби вирватися звідси."
"PON-4","No Sc, msc: BracingForImpact, no sfx, Next: [PON-5]","A sinking feeling forms in my stomach as I realize she stopped because its time for her to make her space jump.","Мені гнітить серце, коли я усвідомлюю, що вона більше не пише, бо їй уже час здійснювати космічний стрибок."
"PON-5","No Sc, msc: BracingForImpact, no sfx, Next: [PON-6]","She gave up.","Вона здалася."
"PON-6","No Sc, msc: BracingForImpact, no sfx, Next: [PON-7]","I thought I could handle this.","Я думали, що витримаю це."
"PON-7","No Sc, msc: BracingForImpact, no sfx, Next: [PON-8]","I thought I would be fine.","Що зі мною все буде гаразд."
"PON-8","No Sc, msc: BracingForImpact, no sfx, Next: [PON-9]","Maybe it would have been better to just tell her. She must have cared if she wanted to speak to me so badly.","Можливо, варто було їй усе розповістити. Вона, напевно, хвилювалася, якщо так прагла поговорити."
"PON-9","No Sc, msc: BracingForImpact, no sfx, Next: [PON-10]","I pull up a chair next to the window and take a seat.","Я присуваю стілець до вікна і сідаю."
"PON-10","No Sc, msc: Supernova, no sfx, Next: [PON-11]","Cosmic Fuel the place to fill to your heart’s content… ","У Космопаливі заправляй, скільки душа забажає... "
"PON-11","No Sc, msc: Supernova, no sfx, Next: [PON-12]","Now it is the place where my heart feels the most empty. ","Та зараз тут моя душа пуста, як ніколи. "
"PON-12","No Sc, msc: BracingForImpact, no sfx","I’m an idiot.","Я дурнило."
"POP-1","No Sc, msc: Supernova, no sfx, Next: [POP-2]","It's time to stop beating around the bush.","Час припиняти ходити довкола."
"POP-2","Sc: Cassiopeia, on phone, msc: Supernova, sfx: Text_4_vibrate, Next: [POP-3]","Dmi you’re actually scaring me. Why aren’t you answering? ","Ти мене лякаєш, Дмі. Чого не відповідаєш? "
"POP-3","Sc: Dmi, on phone, msc: Supernova, no sfx, Next: [POP-4]","I can’t go to the Space Port.","Я не можу піти до Космічного порту."
"POP-4","No Sc, msc: Supernova, no sfx, Next: [POP-5]","Silence.","Тиша."
"POP-5","Sc: Cassiopeia, on phone, msc: Supernova, sfx: Text_4_vibrate, Next: [POP-6]"," Are u at home?"," Ти вдома?"
"POP-6","Sc: Dmi, on phone, msc: Supernova, no sfx, Next: [POP-7]"," No."," Ні."
"POP-7","No Sc, msc: Supernova, no sfx, Next: [POP-8]","Silence.","Тиша."
"POP-8","Sc: Cassiopeia, on phone, msc: Supernova, sfx: Text_4_vibrate, Next: [POP-9]"," Give me a few minutes."," Почекай кілька хвилинок."
"POP-9","Sc: Dmi, on phone, msc: Supernova, no sfx, Next: [POP-10]"," What"," Що."
"POP-10","No Sc, msc: Supernova, no sfx, Next: [POP-11]","Cassiopeia stops replying.","Кассіопея більше не відповідає."
"POP-11","No Sc, msc: Supernova, no sfx, Next: [POP-12]","I stare at my phone before typing a few more replies.","Я витріщаюся в екран, а тоді пишу ще пару повідомлень."
"POP-12","No Sc, msc: Supernova, no sfx, Next: [POP-13]","Nothing.","Ніщо."
"POP-13","No Sc, msc: Supernova, no sfx, Next: [POP-14]","Is she mad at me? I know this has gotta take the prize for one of the worst things to ever tell someone.","Вона образилась? Не знаю, чи взагалі можливо повідомити гіршу за це річ."
"POP-14","No Sc, msc: Supernova, no sfx, Next: [POP-15]","Crap.","Трясця."
"POP-15","No Sc, msc: Supernova, no sfx, Next: [POP-16]","I should have just come clean earlier. Of course she’s not going to take this well. WHO WOULD? ","Варто було все сказати раніше. Звісно, що вона не буде в захваті. ХТО БУВ БИ? "
"POP-16","No Sc, msc: Supernova, no sfx, Next: [POP-16b]","I place my face in my hands and groan. For some reason the entire universe has been shooting me signs to just come clean and here I am a few hours from Doomsday and I just-- ","Я зариваю обличчя в руки й охаю. Цілий всесвіт з якоїсь причини продовжував натякати мені в усьому зізнатися, і от, за кілька годин до Судного дня, я просто...  "
"POP-16b","No Sc, msc: Supernova, sfx: Door_Chime,Door_Open, Next: [POP-17]","-door opens and chimes-","-двері прочиняються з дзенькотом-"
"POP-17","Sc: Dmi, msc: Supernova, no sfx, Next: [POP-18]"," Huh?"," Га?"
"POP-18","No Sc, msc: BracingForImpact, no sfx, Next: [POP-19]","Every atom in my body freezes as I look at the panting figure standing in the doorway.","Кожен атом мого тіла завмирає, коли я бачу захекану постать на порозі."
"POP-19","Sc: Dmi, msc: BracingForImpact, no sfx, Next: [POP-20]","C-Cassiopeia…?","К-Кассіопея?.."
"POP-20","Sc: Cassiopeia, msc: BracingForImpact, sfx: CASS1, Next: [POP-21]","You don’t know how hard it was for me to get here in the time I had left.","Ти навіть не уявляєш, як тяжко було сюди добратися за той час, що лишився."
"POP-21","No Sc, msc: BracingForImpact, no sfx, Next: [POP-22]","She punches me immediately.","Вона одразу ж мене вдаряє."
"POP-22","Sc: Dmi, msc: BracingForImpact, no sfx, Next: [POP-23]"," Ow! Cassie!"," Ауч! Кессі!"
"POP-23","No Sc, msc: BracingForImpact, no sfx, Next: [POP-24]","She punches me again.","І ще разок."
"POP-24","Sc: Cassiopeia, msc: BracingForImpact, sfx: CASS2, Next: [POP-25]","Don’t “Ow” me! YOU WOULD PICK NOW OUT OF ALL TIMES TO TELL ME YOU WEREN’T ABLE TO GET CLEARED FOR A SPACE JUMP?","Не треба мені тут ніяких «ауч»! САМЕ ЗАРАЗ ТИ ВИРІШУЄШ МЕНІ СКАЗАТИ, ЩО НЕ ОТРИМАЛИ ДОЗВІЛ НА КОСМІЧНИЙ СТРИБОК?"
"POP-25","No Sc, msc: BracingForImpact, no sfx, Next: [POP-26]","She’s fuming understandably so. ","Вона розлючена, і не без причини. "
"POP-26","Sc: Dmi, msc: BracingForImpact, no sfx, Next: [POP-27]","I’m sorry! I didn’t want you to worry about me!","Вибач! Я не хотіли тебе турбувати!"
"POP-27","Sc: Dmi, msc: BracingForImpact, no sfx, Next: [POP-28]","Also things just weren’t the best. I…didn’t see how things would get better even if I found a way to go. ","І не те щоб у мене добре йшли справи. Я... не уявляли, що могло б змінитися, навіть якби я змогли полетіти. "
"POP-28","No Sc, msc: BracingForImpact, no sfx, Next: [POP-29]","Cassiopeia relaxes.","Кассіопея заспокоюється."
"POP-29","Sc: Cassiopeia, msc: BracingForImpact, sfx: Cassie_Short, Next: [POP-30]"," Is anyone else here?"," Тут є хтось іще?"
"POP-30","Sc: Dmi, msc: BracingForImpact, no sfx, Next: [POP-31]"," It's just me."," Тільки я."
"POP-31","Sc: Cassiopeia, msc: BracingForImpact, sfx: CASS4, Next: [POP-32]"," Do you guys sell Chai here?"," У вас тут є чай масала?"
"POP-32","No Sc, msc: BracingForImpact, no sfx, Next: [POP-33a]","Chai has always been Cassiopeia’s choice for an end-of-the-world drink. We’ve had too many late-night “What-if?” conversations for me to not remember.","Кассіопея завжди казала, що перед кінцем світу хотіла б випити чай масала. Ми стільки ночей провели, обговорюючі різні «а що, як?», і я це добре запам’ятали."
"POP-33a","Sc: Dmi, msc: BracingForImpact, sfx: , Next: [POP-33]","I’ll get that for you.","Зараз тобі зроблю."
"POP-33","Sc: Cassiopeia, msc: BracingForImpact, sfx: Cassie_Short, Next: [POP-34]"," Thanks Dmi."," Дякую, Дмі."
"POP-34","No Sc, msc: BracingForImpact, no sfx, Next: [POP-35]","I change the settings of the hot drink machine to Chai and watch as the warm drink pours into the cup.","Я перемикаю автомат із гарячими напоями на чай масала і дивлюся, як тепла рідина заливається в горня."
"POP-35","No Sc, msc: BracingForImpact, no sfx, Next: [POP-36]","I place the cup down on the counter in front of me and push it toward her.","Ставлю його на прилавок і підштовхую ближче до неї."
"POP-36","Sc: Cassiopeia, msc: BracingForImpact, sfx: Cassie_Short, Next: [POP-37]"," Dmi come. "," Ходи сюди, Дмі. "
"POP-37","No Sc, msc: BracingForImpact, no sfx, Next: [POP-38]","She moves over to the window with her Chai in hand. I grab my chair and an extra from behind the counter and drag them over to her.","Вона підходить до вікна з горням у руках. Я беру для два стільця з-за прилавку і підсовую їх до неї. "
"POP-38","No Sc, msc: BracingForImpact, no sfx, Next: [POP-38b]","She takes a long sip of her drink before sitting down.","Вона робить великий ковток напою перш ніж сісти."
"POP-38b","No Sc, msc: BracingForImpact, sfx: Smoke_Detector_Beep_2, Next: [POP-39]","-smoke alarm chirps-","-цвірінькає пожежна сигналізація-"
"POP-39","No Sc, msc: BracingForImpact, no sfx, Next: [POP-40]","Cassiopeia searches for the sound. I grab a nearby broom.","Кассіопея шукає джерело звуку. Я хапаю мітлу, шо неподалік."
"POP-40","Sc: Dmi, msc: BracingForImpact, no sfx, Next: [POP-41]"," Give me a second."," Зачекай секундочку."
"POP-41","No Sc, msc: BracingForImpact, no sfx, Next: [POP-42]","I land a solid SMACK at the smoke alarm and watch as it falls to pieces.","Я від душі гепаю по пожежній сигналізації й дивлюся, як вона розлітається на друзки."
"POP-42","No Sc, msc: BracingForImpact, no sfx, Next: [POP-43]","Cassiopeia doesn’t say a word as I bring myself next to her.","Кассіопея нічого не каже, поки я вертаюся до неї."
"POP-43","Sc: Cassiopeia, msc: BracingForImpact, sfx: Cassie_Short, Next: [POP-44]","As I was saying…","Як я і казала..."
"POP-44","Sc: Cassiopeia, msc: BracingForImpact, sfx: CASS4, Next: [POP-45]"," Did you ever think about what happens after the supernova if you never told me?"," А ти задумувалися, що сталося б після вибуху наднової, якби ти мені нічого не сказали?"
"POP-45","Sc: Dmi, msc: BracingForImpact, no sfx, Next: [POP-46]","You’d carry on without me. Probably. Cassie you’re not even going to make it back in time! ","Ти б жила без мене. Напевне. Кессі, тепер ти не встигнеш повернутися! "
"POP-46","No Sc, msc: BracingForImpact, no sfx, Next: [POP-47]","Cassiopeia doesn’t answer. She takes another sip of her cheap gas station Chai.","Кассіопея не відповідає. Вона робить ще ковток дешевого чаю масала із заправки."
"POP-47","Sc: Cassiopeia, msc: BracingForImpact, sfx: CASS3, Next: [POP-48]","Nice try. Dmi you’re one of the most important people to me. ","Гарна спроба, Дмі. Ти — найважливіше, що в мене є. "
"POP-48","Sc: Cassiopeia, msc: BracingForImpact, sfx: CASS1, Next: [POP-49]","I’m here because I want to be here with you!","Я тут, бо хочу бути з тобою!"
"POP-49","Sc: Dmi, msc: BracingForImpact, no sfx, Next: [POP-50]"," Cass--"," Касс..."
"POP-50","Sc: Cassiopeia, msc: BracingForImpact, sfx: CASS2, Next: [POP-51]"," You have been giving me the slip for days and I knew something was up!"," Ти мене вже котрий день уникали, тож я здогадалася, що щось не так!"
"POP-51","No Sc, msc: BracingForImpact, no sfx, Next: [POP-52]","Tears well up in my eyes. I can’t help it.","На моїх очах виступають сльози. Я вже не можу стримуватися."
"POP-52","Sc: Cassiopeia, msc: BracingForImpact, sfx: Cassie_Short, Next: [POP-53]","Dmi? Come on…","Дмі? Годі тобі..."
"POP-53","No Sc, msc: BracingForImpact, no sfx, Next: [POP-54]","She takes me into her arms before she wipes at my tears. She holds my face in her hands. I can’t pinpoint the emotion I see in her face.","Вона мене обіймає, а потім витирає сльози. Тримає в руках моє обличчя. А мені не зрозуміти, що за почуття я бачу на її."
"POP-54","No Sc, msc: BracingForImpact, no sfx, Next: [POP-55]","Was it pity?","Це жалість?"
"POP-55","Sc: Cassiopeia, msc: BracingForImpact, sfx: CASS1, Next: [POP-56]","I want to be here with you. Don’t cry.","Я хочу бути тут, із тобою. Не плач."
"POP-56","No Sc, msc: BracingForImpact, no sfx, Next: [POP-57]","…love? Was that it?","...Любов? Може, це вона?"
"POP-57","Sc: Dmi, msc: BracingForImpact, no sfx, Next: [POP-58]"," I wish we had more time. I wish we could have done more things together or had a chance to just live in another galaxy. Or at least you should be able to leave-- "," Якби ж ми мали більше часу. Ми ще стільки всього могли б зробити разом, якби жили в іншій галактиці. Чи принаймні ти могла б полетіти... "
"POP-58","No Sc, msc: BracingForImpact, no sfx, Next: [POP-59]","Cassiopeia wipes at my tears some more. I see her own tears threaten to fall.","Кассіопея знову витирає мої сльози. Я бачу, що і вона ледь не плаче."
"POP-59","Sc: Cassiopeia, msc: BracingForImpact, sfx: CASS3, Next: [POP-60]","I don’t want to leave without you.","Я не хочу летіти без тебе."
"POP-60","No Sc, msc: BracingForImpact, no sfx, Next: [POP-60b]","I wipe at my own tears.","Я витираю сльози."
"POP-60b","No Sc, msc: BracingForImpact, sfx: Text_1, Next: [TPOP-1]","-phone chimes-","-дзеленьчить телефон-"
"TPOP-1","No Sc, on phone, msc: BracingForImpact, no sfx, Next: [POP-61]","SUPERNOVA IMMINENT. EVACUATE IMMEDIATELY.","ЗАГРОЗА ВИБУХУ НАДНОВОЇ. НЕГАЙНО ЕВАКУЮЙТЕСЯ."
"TPOP-2"," ""added missing string""","!!! DEIMOS MOON WARNING !!!","!!! УВАГА: МІСЯЦЬ ДЕЙМОС !!!"
"POP-61","Sc: Dmi, msc: BracingForImpact, no sfx, Next: [POP-62]","A little late for that isn’t it?","Для цього вже трохи запізно, ні?"
"POP-62","No Sc, msc: BracingForImpact, no sfx, Next: [POP-63]","I scoot my chair closer to Cassiopeia. She’s a beacon in this time where I thought I would be alone.","Я присуваю свій стілець ближче до Кассіопеї. Зараз, коли здавалося, що я залишуся на самоті, вона — мій промінчик світла."
"POP-63","No Sc, msc: BracingForImpact, no sfx, Next: [POP-64]","I didn’t think I would be ready for this. I still don’t think I am.","Я й не думали, що буду готові до цього. Досі не думаю."
"POP-64","No Sc, msc: BracingForImpact, no sfx, Next: [POP-65]","Cassiopeia takes my hand and smiles as she gives it a squeeze.","Кассіопея бере мене за руку і злегка стискає її."
"POP-65","No Sc, msc: BracingForImpact, no sfx, Next: [POP-66]","Okay…","Окей..."
"POP-66","No Sc, msc: BracingForImpact, no sfx, Next: [POP-67]","Alright…","Гаразд..."
"POP-67","Sc: Dmi, msc: BracingForImpact, no sfx, Next: [POP-68]","Thank you Cassie. ","Дякую тобі, Кессі. "
"POP-68","No Sc, msc: BracingForImpact, no sfx, Next: [POP-69]","She chuckles somehow she’s still smug even now. ","Вона посміюється — вигляд у неї навіть зараз самовдоволений. "
"POP-69","Sc: Cassiopeia, msc: BracingForImpact, sfx: Cassie_Short, Next: [POP-70]"," I love you too Dmi. "," Я теж тебе люблю, Дмі. "
"POP-70","No Sc, msc: BracingForImpact, no sfx, Next: [POP-71]","I return her laugh as our world goes white.","Я посміююся їй у відповідь, коли світ спалахує білим."
"POP-71","No Sc, msc: BracingForImpact, no sfx","I was never really alone.","Насправді я ніколи не були на самоті."
