"location","context","source","target"
"O1","No Sc, msc: SupernovaAlt, no sfx, Next: [O2]","The Solar System. We all know it well. Home to an indescribable number of lifeforms across each planet.","Ai cũng biết Hệ Mặt Trời. Đó là mái nhà chung của hằng hà sa số các hành tinh và loài sinh vật cùng nhau sinh sống."
"O2","No Sc, msc: SupernovaAlt, no sfx, Next: [O3]","That doesn’t matter much anymore. The Solar System is reaching its end and our Sun is reaching the end of its days. From Mercury to Uranus (Justice for Pluto) people are evacuating to escape the incoming supernova.","Nhưng Mặt Trời sắp chết nên sẽ phát nổ và đưa mọi thứ về với cát bụi. Cư dân khắp Hệ Mặt Trời, từ Sao Thủy đến Sao Thiên Vương (và cả Sao Diêm Vương!!), đều đang lũ lượt rời đi để tránh vụ nổ siêu tân tinh sắp ập đến."
"O3","No Sc, msc: SupernovaAlt, no sfx, Next: [O4]","and I’m clocking in.","Còn tôi thì vừa chấm công."
"O4","No Sc, msc: SupernovaAlt, no sfx, Next: [O5a]","It's a slow day. Not that it wasn’t expected or anything. A lot of people have evacuated already, or they just want to spend their money elsewhere besides our dingy gas station. ","Một ngày yên ắng. Cũng không có gì lạ. Người ta tháo chạy cả rồi, còn ai mà có tiền thì cũng chẳng buồn tạt qua cái trạm xăng tồi tàn này. "
"O5a","No Sc, msc: SupernovaAlt, sfx: Text_1, Next: [O5b]","-phone chimes-","[chuông điện thoại reo]"
"O5b","No Sc, msc: SupernovaAlt, sfx: , Next: [T1]","Crap.","Thôi chết."
"T1","Sc: Cassiopeia, on phone, msc: SupernovaAlt, sfx: Pocket_Swoosh_1, Next: [TDN1-1,TDP1-1]","Hey, did you finish packing?","Ê, dọn đồ chưa?"
"T1-Option-1","Sc: Cassiopeia, on phone, msc: SupernovaAlt, sfx: Pocket_Swoosh_1, Next: [TDN1-1,TDP1-1]","Yeah. (Lie)","Rồi. (nói dối)"
"T1-Option-2","Sc: Cassiopeia, on phone, msc: SupernovaAlt, sfx: Pocket_Swoosh_1, Next: [TDN1-1,TDP1-1]","No, I’m at work right now.","Chưa, đang đi làm."
"TDN1-1","Sc: Dmi, on phone, msc: SupernovaAlt, no sfx, Next: [TDN1-2]","Yeah. Just handling some things right now.","Ừ, đang hơi bận xíu."
"TDN1-2","Sc: Cassiopeia, on phone, msc: SupernovaAlt, sfx: Text_4_vibrate, Next: [TDN1-3]","Are you home? I can swing by your place to help.","Có nhà không? Để qua phụ nè."
"TDN1-3","Sc: Dmi, on phone, msc: SupernovaAlt, no sfx, Next: [ROD1-1]","No, its fine. I’m at work. The grind doesn’t stop.","Thôi khỏi, tớ đang đi làm. Sao mà nghỉ được."
"TDP1-1","Sc: Dmi, on phone, msc: SupernovaAlt, no sfx, Next: [TDP1-2]","I’m on the grind right now. I’ll see about that later.","Tớ đang ở chỗ làm rồi. Chuyện đó tính sau nhé."
"TDP1-2","Sc: Cassiopeia, on phone, msc: SupernovaAlt, sfx: Text_4_vibrate, Next: [TDP1-3]","Dmi the SUN is gonna explode!?!?!?!","Mặt Trời sắp NỔ TUNG á Mi ơi??? A lô?!"
"TDP1-3","Sc: Dmi, on phone, msc: SupernovaAlt, no sfx, Next: [ROD1-1]","Yeah, and my account is gonna overdraft.","Mặt Trời cho nổ tung luôn số nợ của tớ thì hay biết mấy."
"ROD1-1","Sc: Rob, msc: SupernovaAlt, sfx: Rob_Short, Next: [D1D-1]","Dmi!","Mi!"
"D1D-1","No Sc, msc: SupernovaAlt, sfx: PhoneHangUp, Next: [DD1-1]","I jump from my seat and slam my phone onto the side of the counter.","Tôi nhảy dựng khỏi ghế và quăng chiếc điện thoại vào góc bàn."
"DD1-1","Sc: Dmi, msc: SupernovaAlt, no sfx, Next: [D1D-2]","I wasn’t on my phone!","Cháu có dùng điện thoại đâu!"
"D1D-2","No Sc, msc: SupernovaAlt, sfx: RobHuff2, Next: [ROD1-2]","Rob huffs.","Rob gằn giọng."
"ROD1-2","Sc: Rob, msc: SupernovaAlt, sfx: ROB2, Next: [FOD1-1]","I’m not your mother. I’m heading out, but I’m gonna leave Flubber with you.","Miễn trình bày. Chú có việc ra ngoài xíu, trông con Múp Míp giùm nhé."
"FOD1-1","No Sc, msc: SupernovaAlt, sfx: FLUBBER1, Next: [DD1-2]","Flubber meows","Múp Míp kêu meo meo."
"DD1-2","Sc: Dmi, msc: SupernovaAlt, no sfx, Next: [ROD1-3]","Come on, Rob. What am I? A cat-sitter? and on company time?","Nhìn cháu giống con sen lắm hả? Đang trong giờ làm mà bắt trông boss?"
"ROD1-3","Sc: Rob, msc: SupernovaAlt, sfx: ROB3, Next: [DD1-3]","Well, I’ll dock your pay if you don’t!","Cằn nhằn nữa là khỏi lĩnh lương tháng này nhé!"
"DD1-3","Sc: Dmi, msc: SupernovaAlt, no sfx, Next: [ROD1-4]","Don’t you do that already?","Chứ lương tháng trước đã trả đâu?"
"ROD1-4","Sc: Rob, msc: SupernovaAlt, no sfx, Next: [DD1-4]","...","..."
"DD1-4","Sc: Dmi, msc: SupernovaAlt, no sfx, Next: [ROD1-5]","...","..."
"ROD1-5","Sc: Rob, msc: SupernovaAlt, sfx: Rob_Short, Next: [ROD1-6]","...anyways.","Ờ thì..."
"ROD1-6","Sc: Rob, msc: SupernovaAlt, sfx: ROB3, Next: [ROD1-7]","I gotta help my mom pack, and Flubber likes to play in boxes.","Chú qua phụ má dọn đồ. Mà Múp Míp thích chui vào mấy cái thùng lắm."
"ROD1-7","Sc: Rob, msc: SupernovaAlt, sfx: ROB2, Next: [FD1-1]","Besides, she likes you anyway!","Với lại nhỏ cũng bám cháu mà!"
"FD1-1","Sc: Flubber, msc: SupernovaAlt, sfx: FLUBBER2, Next: [ROD1-8]","Meow","Meo~"
"ROD1-8","Sc: Rob, msc: SupernovaAlt, sfx: Rob_Short, Next: [DD1-5]","See?","Thấy chưa?"
"DD1-5","Sc: Dmi, msc: SupernovaAlt, no sfx, Next: [ROD1-9]","Fine...","Dạ rồi, để cháu..."
"ROD1-9","Sc: Rob, msc: SupernovaAlt, sfx: ROB1, Next: [ROD1-10]","Thanks! Thats why I always tell people we need more Dmis at Cosmic Fuel!","Cảm ơn nhiều nhé! Chỗ này mà có nhiều người như cháu thì tốt biết mấy!"
"ROD1-10","No Sc, msc: SupernovaAlt, sfx: Door_Chime,Door_Close, Next: [D1D-3]","-door opens and chimes-","[cửa mở, chuông cửa reo]"
"D1D-3","No Sc, msc: SupernovaAlt, no sfx, Next: [D1D-4]","Ugh, Rob’s always piling stuff on me like this.","Hừ, cứ gặp mình là ổng nhờ hết cái này tới cái kia."
"D1D-4","No Sc, msc: SupernovaAlt, no sfx, Next: [CalderEnter]","I stare at my phone. I shouldn’t leave Cassie hanging…","Tôi lại nhìn điện thoại. Chắc nên nhắn lại ngay chứ để Tiên chờ..."
"CalderEnter","No Sc, msc: SupernovaAlt, sfx: Door_Chime,Door_Open, Next: [D1D-5]","-door opens and chimes-","[cửa mở, chuông cửa reo]"
"D1D-5","No Sc, msc: SupernovaAlt, no sfx, Next: [D1D-6]","Cassiopeia’s got to wait.","Thôi Tiên ráng chờ thêm tí nữa nhé."
"D1D-6","No Sc, msc: SupernovaAlt, no sfx, Next: [DD1-6]","The customer before me nods her head to the beat coming from her headphones. He sizes up the shelves. Almost looks like he has the intention of cleaning out our stock.","Vị khách trước mặt tôi đung đưa theo điệu nhạc bên tai. Người ấy nhìn ngang, ngó dọc như thể muốn hốt sạch những gì còn sót lại."
"DD1-6","Sc: Dmi, msc: SupernovaAlt, no sfx, Next: [CAD-1]","Uh, do you need anything?","Ờm... Quý khách muốn mua gì ạ?"
"CAD-1","Sc: Calder, msc: SupernovaAlt, sfx: Calder_Short, Next: [D1D-7]","What!?","Hả!?"
"D1D-7","No Sc, msc: SupernovaAlt, no sfx, Next: [DD1-7]","What type of music is that? R&B? Retro R&B?","Nhạc gì vậy nhỉ? R&B? Hay là Retro R&B?"
"DD1-7","Sc: Dmi, msc: SupernovaAlt, no sfx, Next: [CAD-2]","DO YOU NEED ANYTHING?","QUÝ KHÁCH MUỐN MUA GÌ Ạ?"
"CAD-2","Sc: Calder, msc: SupernovaAlt, sfx: CALDER2, Next: [DD1-8]","DO I WHAT? I’M NOT GOOD AT READING LIPS!","CÁI GÌ MÀ BUA? NÓI KHÔNG NGHE GÌ HẾT!"
"DD1-8","Sc: Dmi, msc: SupernovaAlt, no sfx, Next: [CAD-3]","TURN IT DOWN!","MÌNH TẮT NHẠC GIÚP EM!"
"CAD-3","Sc: Calder, msc: SupernovaAlt, sfx: Calder_Short, Next: [D1D-8]","Oh!","À!"
"D1D-8","No Sc, msc: SupernovaAlt, no sfx, Next: [CAD-4]","She adjusts the volume of her headphones.","Anh/chị ấy liền giảm âm lượng tai nghe."
"CAD-4","Sc: Calder, msc: SupernovaAlt, sfx: CALDER1, Next: [CAD-5]","Sorry, I sometimes forget to just turn off the music.","Xin lỗi bạn nha, lâu lâu mình cứ quên tắt nhạc."
"CAD-5","Sc: Calder, msc: SupernovaAlt, sfx: CALDER3, Next: [DD1-9a,DD1-11a]","Do you have a Doomsday sale going on?","Bên bạn có giảm giá mừng ngày tận thế không?"
"CAD-5-Option-1","Sc: Calder, msc: SupernovaAlt, sfx: CALDER3, Next: [DD1-9a,DD1-11a]","Doomsday Sale?","Mừng ngày tận thế á?"
"CAD-5-Option-2","Sc: Calder, msc: SupernovaAlt, sfx: CALDER3, Next: [DD1-9a,DD1-11a]","Sure, if you just take it.","Tất nhiên rồi, giảm bao nhiêu cũng có."
"DD1-9a","Sc: Dmi, msc: SupernovaAlt, no sfx, Next: [DD1-9b]","Doomsday Sale?","Mừng ngày tận thế á?"
"DD1-9b","Sc: Dmi, msc: SupernovaAlt, no sfx, Next: [CAD-6]","We’re supposed to have one?","Ngày này mà cũng có giảm giá nữa hả?"
"CAD-6","Sc: Calder, msc: SupernovaAlt, sfx: CALDER2, Next: [D1D-9]","Well, why not? I looked it up on Froogle.","Chứ sao? Mình ""sợt"" trên mạng thấy ghi vậy."
"D1D-9","No Sc, msc: SupernovaAlt, no sfx, Next: [DD1-10]","I sigh. She’s one of those customers.","Tôi thở dài. Nhìn là biết đang đòi giảm giá."
"DD1-10","Sc: Dmi, msc: SupernovaAlt, no sfx, Next: [CAD-9]","Sorry, there are no Doomsday promotions going on. If you cash in with your Cosmic membership that’ll take a few luncos off.","Xin lỗi anh chị, hiện tại bên em không có chương trình khuyến mại. Nhưng nếu mình đổi điểm thành viên thì sẽ được giá tốt hơn đó ạ."
"DD1-11a","Sc: Dmi, msc: SupernovaAlt, no sfx, Next: [DD1-11b]","Sure, if you just take it.","Tất nhiên rồi, giảm bao nhiêu cũng có."
"DD1-11b","Sc: Dmi, msc: SupernovaAlt, no sfx, Next: [D1D-10]","It’ll be 100% off then.","Giảm 100% cũng được nữa."
"D1D-10","No Sc, msc: SupernovaAlt, no sfx, Next: [CAD-7]","Calder’s eyes widen.","Mắt anh/chị ấy tròn xoe."
"CAD-7","Sc: Calder, msc: SupernovaAlt, sfx: CALDER1, Next: [D1D-11]","Really? I can just take it?","Thiệt hả? Là muốn lấy cái gì cũng được?"
"D1D-11","No Sc, msc: SupernovaAlt, no sfx, Next: [DD1-12]","Excitement spreads across his face.","Nét mặt người này bỗng rạng rỡ hơn hẳn."
"DD1-12","Sc: Dmi, msc: SupernovaAlt, no sfx, Next: [D1D-12]","No.","Tùy món ạ, như cái chổi với cái cốc giấy này."
"D1D-12","No Sc, msc: SupernovaAlt, no sfx, Next: [CAD-8]","Her smile fades.","Thế là nụ cười trên môi chợt tắt."
"CAD-8","Sc: Calder, msc: SupernovaAlt, sfx: Calder_Short, Next: [D1D-13]","Aww man.","Chán thế."
"D1D-13","No Sc, msc: SupernovaAlt, sfx: Calder_Grunt3, Next: [CAD-9]","He huffs.","Anh/chị ấy thở dài."
"CAD-9","Sc: Calder, msc: SupernovaAlt, sfx: CALDER1, Next: [DD1-13]","Alright then, can I put 400 Luncos on pump 2, and what type of fizzy drinks do you have? You’ve gotta have a 2-for-1 deal here.","Vậy thôi cho mình đổ 400 Nguyệt tệ ở trụ bơm số 2 nhé. Với lại ở đây có bán nước ngọt không? Ít ra cũng phải có mua 2 tặng 1 chứ."
"DD1-13","Sc: Dmi, msc: SupernovaAlt, no sfx, Next: [CalderShopChoice]","Hold on, I think I have something in mind.","Anh chị chờ chút nhé, em nhớ là có."
"CalderShopChoice","No Sc, msc: SupernovaAlt, no sfx, Next: [TDP2-1,TDN2-1]","Select an item in the shop","Hãy chọn một sản phẩm trong tiệm"
"CalderShopChoice-Option-1","No Sc, msc: SupernovaAlt, no sfx, Next: [TDP2-1,TDN2-1]","","CalderShopChoice-Option-1
"
"CalderShopChoice-Option-2","No Sc, msc: SupernovaAlt, no sfx, Next: [TDP2-1,TDN2-1]CalderShopChoice-Option-2","","CalderShopChoice-Option-2
"
"TDP2-1","No Sc, msc: SupernovaAlt, no sfx, Next: [TDP2-2]","Her eyes light up from the soda in my hand.","Mắt anh/chị ấy sáng rực khi thấy tôi cầm chai nước ngọt."
"TDP2-2","Sc: Calder, msc: SupernovaAlt, sfx: CALDER1, Next: [TDP2-3]","You guys carry Deia Deia Soda!? I have a coupon for those!","Ở đây có nước ngọt Deia Deia luôn?! Đợi chút, mình có phiếu giảm giá!"
"TDP2-3","No Sc, msc: SupernovaAlt, no sfx, Next: [TDP2-4]","He pulls out a comically large coupon book and flips through the pages. She passes a coupon with a picture of Deia Deia Soda.","Anh/chị ấy lôi ra nguyên một album phiếu giảm giá rồi lướt qua từng trang, sau đó đưa tôi một cái có hình chai nước ngọt Deia Deia."
"TDP2-4","Sc: Dmi, msc: SupernovaAlt, no sfx, Next: [TDP2-5a]","Huh. I guess you do. I’ll ring you up.","Có luôn à. Dạ cho em xin nhé."
"TDP2-5a","No Sc, msc: SupernovaAlt, sfx: CashRegister, Next: [TDP2-5]","-register chimes-","[tiếng máy tính tiền]"
"TDP2-5","Sc: Calder, msc: SupernovaAlt, sfx: CALDER3, Next: [TDP2-6a]","Thanks!","Cảm ơn nhá!"
"TDP2-6a","No Sc, msc: SupernovaAlt, sfx: Door_Chime,Door_Close, Next: [TDP2-6]","-door chimes and closes-","[chuông cửa reo, cửa đóng]"
"TDP2-6","No Sc, msc: SupernovaAlt, no sfx, Next: [D1D-14a]","The candle-headed alien makes his way out of the gas station. I catch a glimpse of a snazzy-looking ship outside. She’s got good taste.","Vị khách lạ có đầu hình nến bước ra khỏi trạm xăng. Tôi nhìn thoáng qua thì thấy một chiếc tàu bay trông khá sành điệu. Đúng là người có gu."
"D1D-14a","No Sc, msc: SupernovaAlt, sfx: FLUBBER1, Next: [D1D-14]","Flubber meows","Múp Míp kêu meo meo."
"TDN2-1","Sc: Calder, msc: SupernovaAlt, sfx: CALDER1, Next: [TDN2-2]","Uh, this isn’t what I was really looking for.","Ẹc, cái này không hợp khẩu vị mình lắm."
"TDN2-2","Sc: Calder, msc: SupernovaAlt, sfx: CALDER3, Next: [TDN2-3]","I’ve gotta go! I almost forgot there is a sale on 5D glasses on Uranus!","Thôi mình đi trước nhé! Suýt thì quên Sao Thiên Vương đang có đợt đại hạ giá kính 5D!"
"TDN2-3","No Sc, msc: SupernovaAlt, sfx: Door_Chime,Door_Close, Next: [D1D-14]","He bolts out of the gas station.","Anh/chị ấy phóng cái vèo ra khỏi trạm xăng."
"D1D-14","No Sc, msc: SupernovaAlt, no sfx, Next: [D1D-15]","Flubber stares, unblinking.","Múp Míp nhìn chằm chằm vào tôi, không chớp mắt."
"D1D-15","No Sc, msc: SupernovaAlt, no sfx, Next: [ZD1a]","She usually does that when she’s happy!","Hình như em ấy hay làm vậy mỗi khi thấy vui."
"ZD1a","No Sc, msc: SupernovaAlt, sfx: Door_Chime,Door_Open, Next: [D1D-16]","-door opens and chimes-","[cửa mở, chuông cửa reo]"
"D1D-16","No Sc, msc: SupernovaAlt, no sfx, Next: [ZD1]","The cloudy person who enters the gas station yawns loudly. Her badge twinkles under the industrial lights.","Vị khách tóc mây bước vào trạm xăng, ngáp to. Huy hiệu trên ngực cô ấy lấp lánh dưới ánh đèn huỳnh quang."
"ZD1","Sc: Zerua, msc: SupernovaAlt, sfx: ZERUA_SLEEPY1, Next: [ZD1b]","I’m starting a new job outside of the solar system. Do you have Zolkan Coffee perchance?","Tôi vừa tìm được việc mới ngoài Hệ Mặt Trời. Ở đây mà có cà phê Laura—ý tôi là Zolkan thì hết sảy."
"ZD1b","No Sc, msc: SupernovaAlt, sfx: , Next: [TDP3-1,TDN3-1]","Select an item in the shop","Hãy chọn một sản phẩm trong tiệm"
"ZD1b-Option-1","No Sc, msc: SupernovaAlt, sfx: , Next: [TDP3-1,TDN3-1]","","ZD1b-Option-1
"
"ZD1b-Option-2","No Sc, msc: SupernovaAlt, sfx: , Next: [TDP3-1,TDN3-1]ZD1b-Option-2","","ZD1b-Option-2
"
"TDP3-1","Sc: Zerua, msc: SupernovaAlt, sfx: ZERUA_SLEEPY2, Next: [TDP3-2]","Oh, my stars! Thank you!","Thánh thần thiên hà ơi! Cảm ơn nhé!"
"TDP3-2","No Sc, msc: SupernovaAlt, no sfx, Next: [TDP3-3]","Before the drink sits for more than a nanosecond, it takes a long sip. I don’t think I’ve ever seen anyone down hot coffee that fast before…","Cốc cà phê mới rót ra khoảng một nano giây thì cô ấy đã tu liền một hơi. Trần đời chưa thấy ai như cái người này, uống cà phê nóng mà như húp nước lã..."
"TDP3-3","Sc: Zerua, msc: SupernovaAlt, sfx: Zerua_Short, Next: [TDP3-4]","Ah, that's better.","Ôi chà, phê thật đó."
"TDP3-4","No Sc, msc: SupernovaAlt, no sfx, Next: [TDP3-5]","I eye their badge and rattle my brain for a topic of conversation.","Tôi nhìn vào chiếc huy hiệu trên người cô ấy và cố gắng tìm chuyện để nói."
"TDP3-5","Sc: Dmi, msc: SupernovaAlt, no sfx, Next: [TDP3-6]","Are you a clouditech? I think I’ve seen a badge like that before.","Quý khách là kỹ sư thời tiết à? Cái huy hiệu này nhìn quen lắm."
"TDP3-6","No Sc, msc: SupernovaAlt, no sfx, Next: [TDP3-7]","It lets out a big smile. It's as if they’ve been waiting for anyone to ask them all day.","Vị khách ấy cười toe toét, cứ như thể đã chờ ai hỏi câu này cả ngày rồi."
"TDP3-7","Sc: Zerua, msc: SupernovaAlt, sfx: ZERUA_AWAKE2, Next: [TDP3-8]","Yes! I’m starting a new job architecting artificial clouds! I’ve been looking for a job forever.","Chính xác! Tôi sắp làm kiến trúc sư thiết kế mây nhân tạo! Chật vật lắm mới tìm được việc đó."
"TDP3-8","No Sc, msc: SupernovaAlt, no sfx, Next: [TDP3-9]","She waves her finger above her to-go cup. A mini cloud forms above their cup. Bits of snow sprinkle down. She smiles proudly.","Cô ấy ngoe nguẩy ngón tay trên chiếc cốc khi nãy, hô biến ra một đám mây nhỏ có tuyết rơi bên dưới, rồi mỉm cười đầy hãnh diện."
"TDP3-9","No Sc, msc: SupernovaAlt, no sfx, Next: [TDP3-10]","I smile too.","Tôi cũng mỉm cười."
"TDP3-10","Sc: Dmi, msc: SupernovaAlt, no sfx, Next: [TDP3-11]","I hope your first day is all you want it to be.","Chúc chị ngày đầu đi làm thuận buồm xuôi gió nhé."
"TDP3-11","Sc: Zerua, msc: SupernovaAlt, sfx: ZERUA_AWAKE1,CashRegister, Next: [TDP3-11b]"," Thank you! Please stay safe leaving the solar system soon! Tallyho!"," Cảm ơn cậu. Nhớ giữ an toàn, với thu dọn đồ đạc sớm đi nha. Tôi bay trước đây!"
"TDP3-11b","No Sc, msc: SupernovaAlt, sfx: Door_Chime,Door_Close, Next: [D1D-17a]","-door chimes and closes-","[chuông cửa reo, cửa đóng]"
"TDN3-1","Sc: Zerua, msc: SupernovaAlt, sfx: ZERUA_SLEEPY1, Next: [TDN3-2]","This isn’t quite what I’m looking for…","Tôi không thích cái này lắm..."
"TDN3-2","No Sc, msc: SupernovaAlt, no sfx, Next: [TDN3-3]","They pull out their phone and notice the time. It seems to wake her up a little, but not much.","Vị khách lấy điện thoại ra xem giờ. Làm vậy dường như khiến cho cô ấy tỉnh táo hơn chút."
"TDN3-3","Sc: Zerua, msc: SupernovaAlt, sfx: ZERUA_AWAKE3, Next: [TDN3-4]","Oh! Look at the time. I’ll just figure out a way to stay up when I get there! Tallyho, gas station employee!","Ối trời ơi! Sắp trễ giờ rồi. Lết ra đó trước đã, tới nơi còn buồn ngủ hẵng tính sau. Tôi bay trước nhé, bye cậu bán xăng!"
"TDN3-4","Sc: Dmi, msc: SupernovaAlt, no sfx, Next: [TDN3-4b]"," I have a nametag--"," Ơ, em có đeo bảng tên mà..."
"TDN3-4b","No Sc, msc: SupernovaAlt, sfx: Door_Chime,Door_Close, Next: [D1D-17a]TDN3-4b","-door chimes and closes-","[chuông cửa reo, cửa đóng]"
"D1D-17a","No Sc, msc: SupernovaAlt, sfx: FLUBBER2, Next: [D1D-17]","Flubber meows","Múp Míp kêu meo meo."
"D1D-17","No Sc, msc: SupernovaAlt, sfx: Flubber_Burp, Next: [D1D-18]","Flubber floats and burps. I smile and give her a pat on the head.","Múp Míp lơ lửng trên không rồi ợ một cái. Tôi mỉm cười rồi xoa đầu em ấy."
"D1D-18","No Sc, msc: SupernovaAlt, no sfx, Next: [D1D-19]","She looks proud of herself.","Em ấy trông khá tự mãn."
"D1D-19","No Sc, msc: SupernovaAlt, sfx: Boom_2, Next: [DD1-14]","I jump up from my seat as I hear a boom come from outside.","Đột nhiên có tiếng nổ bên ngoài làm tôi nhảy dựng khỏi ghế."
"DD1-14","Sc: Dmi, msc: SupernovaAlt, no sfx, Next: [8D-1a]"," What the hell--!?"," Cái quái gì—!?"
"8D-1a","No Sc, msc: SupernovaAlt, sfx: Door_Chime,Door_Open, Next: [8D-1]","-door opens and chimes-","[cửa mở, chuông cửa reo]"
"8D-1","Sc: 8008, msc: SupernovaAlt, sfx: 80008_Short, Next: [DD1-15]","Sup.","Ây dô."
"DD1-15","Sc: Dmi, msc: SupernovaAlt, no sfx, Next: [D1D-20]","Uh, sup? What was that?","Ờ... ây dô? Mới nãy có chuyện gì vậy?"
"D1D-20","No Sc, msc: SupernovaAlt, no sfx, Next: [8D-2]","He ignores me and his eyes- er...screen look up.","Cậu ta lờ tôi đi, ánh mắt—à không, màn hình ngước lên."
"8D-2","Sc: 8008, msc: SupernovaAlt, sfx: 80008_2, Next: [DD1-16]","What was what?","Chuyện gì là sao?"
"DD1-16","Sc: Dmi, msc: SupernovaAlt, no sfx, Next: [8D-3]","The boom?","Tiếng nổ hồi nãy ấy?"
"8D-3","Sc: 8008, msc: SupernovaAlt, sfx: 80008_Short, Next: [DD1-17]","What boom?","Cái gì nổ?"
"DD1-17","Sc: Dmi, msc: SupernovaAlt, no sfx, Next: [DD1-18]","The-- okay.","Thì cái—thôi không có gì đâu."
"DD1-18","Sc: Dmi, msc: SupernovaAlt, no sfx, Next: [D1D-21]","Do you need something?","Cậu muốn mua gì?"
"D1D-21","No Sc, msc: SupernovaAlt, sfx: 80008_hum2, Next: [8D-4]","A low hum comes from his circuits. He’s thinking.","Có tiếng rè phát ra từ mạch điện. Cậu ấy đang suy nghĩ."
"8D-4","Sc: 8008, msc: SupernovaAlt, sfx: 80008_1, Next: [D1D-22]","You sell any Arinator brand stuff here? That one made by that smoking cyborg from outta the solar system?","Ở đây có bán món gì của Arinator không? Cái hãng của cô ca sĩ người máy siêu ""choáy"", siêu nổi ngoài Hệ Mặt Trời ấy?"
"D1D-22","No Sc, msc: SupernovaAlt, no sfx, Next: [DD1-19]","I’ve heard of Arinator probably. Cassiopeia’s a big fan of singers. Though something was kind of funny about this guy’s desperation. ","Tiên hâm mộ nhiều ca sĩ nên mình có nghe qua cái tên này rồi. Nhưng fan cuồng như cậu này thì rõ là hiếm gặp. "
"DD1-19","Sc: Dmi, msc: SupernovaAlt, no sfx, Next: [8D-5]","I mean, I can check to see what we got.","Chờ chút, để tôi xem thử còn gì không."
"8D-5","Sc: 8008, msc: SupernovaAlt, sfx: 80008_3, Next: [8D-5b]","Sweet! I’ll also be putting 700 luncos on pump 2.","OK! Với cho tôi đổ 700 Nguyệt tệ ở trụ bơm số 2 nhé."
"8D-5b","No Sc, msc: SupernovaAlt, sfx: , Next: [TDP4-1,TDN4-1]","Select an item in the shop","Hãy chọn một sản phẩm trong tiệm"
"8D-5b-Option-1","No Sc, msc: SupernovaAlt, sfx: , Next: [TDP4-1,TDN4-1]","","8D-5b-Option-1
"
"8D-5b-Option-2","No Sc, msc: SupernovaAlt, sfx: , Next: [TDP4-1,TDN4-1]8D-5b-Option-2","","8D-5b-Option-2
"
"TDP4-1","Sc: 8008, msc: SupernovaAlt, sfx: 80008_1, Next: [TDP4-5]","Yes! Arinator’s limited edition Mint choco paste? I thought this was sold out everywhere!","Trời đất ơi! Kem đánh răng vị Socola Bạc hà Phiên bản Giới hạn của Arinator?! Hoá ra còn chỗ này có."
"TDP4-5","Sc: Dmi, msc: SupernovaAlt, no sfx, Next: [TDP4-6]","I mean, it's mint chocolate toothpaste isn’t it?","Thì... tại cái này là kem đánh răng socola bạc hà mà?"
"TDP4-6","Sc: Dmi, msc: SupernovaAlt, no sfx, Next: [TDP4-7]","I don’t think anyone is in a rush to buy that.","Ai đời mà đổ xô đi mua mấy cái thứ như vậy."
"TDP4-7","Sc: 8008, msc: SupernovaAlt, sfx: 80008_2,CashRegister, Next: [TDP4-7b]","You just don’t understand the intricacies of something like this! Anything she endorses is a godsend!","Nói vậy là không hiểu thiết kế tinh xảo của sản phẩm này rùi. Chị ấy quảng cáo cái gì là cái đó phải xịn!"
"TDP4-7b","No Sc, msc: SupernovaAlt, sfx: Door_Close,Door_Chime, Next: [TDP4-8]","-door chimes and closes-","[chuông cửa reo, cửa đóng]"
"TDP4-8","No Sc, msc: SupernovaAlt, no sfx, Next: [TDP4-9]","He wipes his face (screen?). Then blasts off with his bang of Arinator branded toothpaste in hand.","Cậu ấy lau mặt (màn hình?), sau đó phóng đi cùng tuýp kem đánh răng Arinator trong tay."
"TDP4-9","No Sc, msc: SupernovaAlt, no sfx, Next: [D1D-24a]","Glad he found what he wanted.","Thôi thì cũng vui là cậu ta được như ý."
"TDN4-1","Sc: 8008, msc: SupernovaAlt, sfx: 80008_Short, Next: [TDN4-2]","Bro.","Bruh."
"TDN4-2","Sc: 8008, msc: SupernovaAlt, sfx: 80008_3, Next: [TDN4-3]"," This is NOT Arinator. She only has her face on the cover of all her products dude."," Cái này ĐÂU PHẢI của Arinator. Sản phẩm nào của cổ mà chả in mỗi mặt cổ?"
"TDN4-3","No Sc, msc: SupernovaAlt, no sfx, Next: [TDN4-4]","His facial screen switches to a video of a cyborg woman performing a song on stage. Her fans are screaming their lungs out.","Cái mặt màn hình của cậu ấy chuyển sang video cô ca sĩ người máy biểu diễn trên sân khấu. Khán giả bên dưới thì gào thét cuồng nhiệt."
"TDN4-4","Sc: 8008, msc: SupernovaAlt, sfx: 80008_1, Next: [TDN4-5]","See? You don’t recognize her?","Đây này? Ai mà chẳng biết tới cổ?"
"TDN4-5","Sc: Dmi, msc: SupernovaAlt, no sfx, Next: [TDN4-6]","Oh, well...I don’t think I really know her stuff.","Ừ thì... Chắc vẫn có tôi nè?"
"TDN4-6","Sc: 8008, msc: SupernovaAlt, sfx: 80008_2, Next: [TDN4-6b]","Fine...I’ll just get gas.","Vậy thôi... Tôi đổ xăng thôi."
"TDN4-6b","No Sc, msc: SupernovaAlt, sfx: Door_Chime,Door_Close, Next: [TDN4-7]","-door chimes and closes-","[chuông cửa reo, cửa đóng]"
"TDN4-7","No Sc, msc: SupernovaAlt, no sfx, Next: [TDN4-8]","I stare out the window and watch as 8008 picks up a gas pump and guzzles it straight from the nozzle. His screen shows a sad face with a tear. He then blasts off into space.","Tôi nhìn ra cửa sổ thì thấy 8008 đang cầm cái vòi bơm xăng uống ừng ực. Màn hình của cậu ấy hiện lên một khuôn mặt buồn, có vài ba giọt nước mắt. Xong việc, cậu ta phóng vào không gian."
"TDN4-8","No Sc, msc: SupernovaAlt, no sfx, Next: [D1D-24a]","Poor guy.","Tội nghiệp."
"D1D-24a","No Sc, msc: SupernovaAlt, sfx: Door_Chime,Door_Open, Next: [D1D-24]","-door opens and chimes-","[cửa mở, chuông cửa reo]"
"D1D-24","No Sc, msc: SupernovaAlt, no sfx, Next: [CRD1]","An old man enters the gas station. He seems to have some kind of air of caution around him. The way he whips his head around makes him look like he is expecting an attack at any moment.","Một vị khách đứng tuổi bước vào trạm xăng. Hắn toát ra vẻ đề phòng, xoay đầu từ bên này sang bên kia như thể đã sẵn sàng đỡ đòn tấn công từ mọi phía."
"CRD1","Sc: Crust, msc: SupernovaAlt, sfx: Crust_Short, Next: [DD1-20]","Salutations, Martian.","Kính chào, người Sao Hỏa."
"DD1-20","Sc: Dmi, msc: SupernovaAlt, no sfx, Next: [CRD2]","Uh, hello? Do you need something, sir?","Ờm... chào anh? Anh muốn mua gì?"
"CRD2","Sc: Crust, msc: SupernovaAlt, sfx: CRUST2, Next: [D1D-25]","Yes, I actually have a list here…","Đây, viết ra sẵn rồi này."
"D1D-25","No Sc, msc: SupernovaAlt, no sfx, Next: [CRD3]","He pulls out a tiny holosheet and starts to read off of it.","Hắn mở tờ giấy hologram nhỏ ra và đọc từng chữ."
"CRD3","Sc: Crust, msc: SupernovaAlt, sfx: CRUST3, Next: [DD1-21]","I’m looking for duct tape, five laser blasters, a medkit, a flaming katana--","Ta cần mua 1 cuộn băng keo, 5 khẩu súng laser, 1 bộ sơ cứu, 1 thanh katana bắt lửa—"
"DD1-21","Sc: Dmi, msc: SupernovaAlt, no sfx, Next: [D1D-26]","Sir, this is a gas station.","Anh ơi, chỗ này là trạm xăng."
"D1D-26","No Sc, msc: SupernovaAlt, no sfx, Next: [CRD4]","He stares blankly at me.","Hắn nhìn tôi như thể không hiểu ý."
"CRD4","Sc: Crust, msc: SupernovaAlt, sfx: CRUST1, Next: [DD1-22]","...Can I at least get the katana?","...Thế có bán kiếm katana không?"
"DD1-22","Sc: Dmi, msc: SupernovaAlt, no sfx, Next: [D1D-27]"," What do you even need a Katana for?!"," Anh cần mua katana làm cái gì?!"
"D1D-27","No Sc, msc: SupernovaAlt, sfx: Crust_Laugh, Next: [CRD5]","The man lets out a hearty laugh. He slaps his rocky chest. Pebbles fall off him.","Hắn cười khằng khặc rồi đập mạnh vào bộ ngực bằng đá của mình. Có vài viên đá rơi xuống."
"CRD5","Sc: Crust, msc: SupernovaAlt, sfx: CRUST2, Next: [CRD6]","Doomsday is in just three days! While you’re in here wasting away working MINIMUM wage!","Ba ngày nữa là tận thế rồi! Mà chú mày còn ngồi đây lãng phí thì giờ chỉ để nhận lương BA CỌC BA ĐỒNG!"
"CRD6","Sc: Crust, msc: SupernovaAlt, sfx: CRUST1, Next: [DD1-23]","I, Crust, from Mercury, will look at this burning ball of hell gas, and say…","Ta đây, Thạch Trụ, người Sao Thủy, sẽ nhìn thẳng vào mắt quả cầu lửa đang cháy kia, và nói..."
"DD1-23","Sc: Dmi, msc: SupernovaAlt, no sfx, Next: [CRD7]","…","..."
"CRD7","Sc: Crust, msc: SupernovaAlt, sfx: Crust_Short, Next: [D1D-28]","No.","Đừng hòng."
"D1D-28","No Sc, msc: SupernovaAlt, no sfx, Next: [DD1-24]","He smiles widely.","Hắn ta cười toe toét."
"DD1-24","Sc: Dmi, msc: SupernovaAlt, no sfx, Next: [CRD8]","Sir, I don’t think you will survive a supernova.","Anh ơi, em thấy anh không chịu nổi áp suất của vụ nổ đâu."
"CRD8","Sc: Crust, msc: SupernovaAlt, sfx: CRUST2, Next: [CRD9]","I will. Born from the crust of Mercury, I can survive anything.","Sao lại không? Da thịt ta là đất Sao Thủy, ta chịu được mọi thứ."
"CRD9","Sc: Crust, msc: SupernovaAlt, sfx: CRUST1, Next: [D1D-29]","Besides didn’t you hear? The supernova is a cover-up by the intergalactic association--","Mà nhóc không biết à? ""Vụ nổ siêu tân tinh"" chỉ là chiêu trò của Hiệp hội Liên Thiên hà nhằm che đậy—"
"D1D-29","No Sc, msc: SupernovaAlt, no sfx, Next: [DD1-25]","Oh, brother. ","Tới rồi đó. "
"DD1-25","Sc: Dmi, msc: SupernovaAlt, no sfx, Next: [CRD10]","How about this Crust? I can help you get something that can help you out in your…","Hay giờ vầy đi. Tận thế thì mình phải có đồ dự trữ chứ đúng không? Giờ anh mua cái gì đó để dành—"
"CRD10","Sc: Crust, msc: SupernovaAlt, sfx: CRUST2, Next: [DD1-26]","My supernova bunker.","Trong hầm trú ẩn của ta."
"DD1-26","Sc: Dmi, msc: SupernovaAlt, no sfx, Next: [DD1-27]","Your supernova bunker.","—trong hầm trú ẩn của anh đi."
"DD1-27","Sc: Dmi, msc: SupernovaAlt, no sfx, Next: [DD1-27b]"," Alright... a nonperishable snack will be good."," Ờ... vậy lấy món nào mà để lâu được ấy."
"DD1-27b","No Sc, msc: SupernovaAlt, no sfx, Next: [TDP5-1,TDN5-1]","Select an item in the shop","Hãy chọn một sản phẩm trong tiệm"
"DD1-27b-Option-1","No Sc, msc: SupernovaAlt, no sfx, Next: [TDP5-1,TDN5-1]","","DD1-27b-Option-1
"
"DD1-27b-Option-2","No Sc, msc: SupernovaAlt, no sfx, Next: [TDP5-1,TDN5-1]DD1-27b-Option-2","","DD1-27b-Option-2
"
"TDP5-1","Sc: Crust, msc: SupernovaAlt, sfx: CRUST3, Next: [TDP5-2]","Jerky! You’re thinking like a true survivor kid! This is great!","Thịt khô à! Nhóc có tư duy sinh tồn đấy! Quá đỉnh!"
"TDP5-2","Sc: Dmi, msc: SupernovaAlt, no sfx, Next: [TDP5-3]","Heh, thanks. I just remembered it from a TV show called Survivorz.","Hì hì, cảm ơn anh. Em có xem ""Chốn hoang sơ"" trên TV nên cũng biết chút đỉnh."
"TDP5-3","No Sc, msc: SupernovaAlt, no sfx, Next: [TDP5-4]","Before you could even ring it up the man opens the bag and starts eating the jerky.","Tôi chưa kịp tính tiền thì hắn ta đã mở bịch ra ăn trước rồi."
"TDP5-4","Sc: Crust, msc: SupernovaAlt, sfx: CRUST1, Next: [TDP5-5]","Hm, you got somewhere to go kid? I can formally invite you to my bunker if ya want.","Hừm, có chỗ nào để trú ẩn chưa nhóc? Nếu muốn thì qua hầm của anh sống đỡ đi, anh mày mời thật lòng."
"TDP5-5","Sc: Dmi, msc: SupernovaAlt, no sfx, Next: [TDP5-6]","Oh, nah. I’ll be here.","Thôi, anh. Em ở lại đây."
"TDP5-6","No Sc, msc: SupernovaAlt, no sfx, Next: [TDP5-7]","Crust chokes on a piece of jerky and coughs. He bumps his chest a few times.","Hắn mắc nghẹn miếng thịt khô ngay cổ rồi ho sặc sụa. Hắn đập vào ngực mấy lần."
"TDP5-7","Sc: Crust, msc: SupernovaAlt, sfx: CRUST2, Next: [TDP5-8]","Why? Don’t you got someone special to go home to?","Hả? Chứ bộ nhóc không còn ai để về à?"
"TDP5-8","Sc: Crust, msc: SupernovaAlt, sfx: CRUST1, Next: [TDP5-9]","I’d expect you young’uns to hightail it outta here.","Anh tưởng mấy đứa nít ranh như tụi mày phải vọt trước chứ."
"TDP5-9","No Sc, msc: SupernovaAlt, no sfx, Next: [TDP5-10]","A familiar face flashes in my mind. My normal bored expression cracks.","Một khuôn mặt thân quen thoáng qua trong tâm trí tôi. Tôi không còn giữ được vẻ thản nhiên."
"TDP5-10","Sc: Dmi, msc: SupernovaAlt, no sfx, Next: [TDP5-11]","She’ll be fine without me. Besides, I like to be kept busy.","Không có em, bạn ấy sẽ ổn thôi. Mà em cũng thích làm này làm kia cho bận."
"TDP5-11","No Sc, msc: SupernovaAlt, no sfx, Next: [TDP5-11b]","Crust doesn’t speak. I listen to his chewing. He rummages in his pocket to give me his luncos.","Thạch Tượng không nói gì. Tôi ngồi nghe hắn nhai nhóp nhép. Hắn lục lọi trong túi mấy đồng tiền lẻ để đưa tôi."
"TDP5-11b","No Sc, msc: SupernovaAlt, sfx: CashRegister, Next: [TDP5-12]","-cash register chime-","[tiếng máy tính tiền]"
"TDP5-12","Sc: Crust, msc: SupernovaAlt, sfx: CRUST1, Next: [TDP5-13]","Don’t be too sure about that kid. Don’t choose for others how important you are to them.","Đừng có quả quyết như vậy. Sao mà biết mình quan trọng đến đâu trong mắt người khác."
"TDP5-13","Sc: Crust, msc: SupernovaAlt, sfx: CRUST2, Next: [TDP5-14]","I’m gonna be fine when things go down, but you won’t. Talk to who you’re thinking bout.","Trời có sập thì anh cũng đâu hề hấn gì, nhưng chú mày thì có đấy. Đang nghĩ đến ai thì lo mà đi nói chuyện với họ đi."
"TDP5-14","No Sc, msc: SupernovaAlt, no sfx, Next: [TDP5-15]","I don’t answer. It's a bit surprising I feel I am getting life advice from this apocalyptic junkie of some sort.","Tôi không đáp lời. Hơi bất ngờ khi mình được dạy đời bởi một kẻ cuồng tận thế như hắn."
"TDP5-15","No Sc, msc: SupernovaAlt, no sfx, Next: [TDP5-16]","He smiles and waves at me before leaving. I watch the small bits of rock fall to the ground.","Hắn mỉm cười rồi vẫy tay chào tôi trước khi đi. Tôi nhìn những vụn đá nhỏ rơi xuống nền nhà."
"TDP5-16","No Sc, msc: SupernovaAlt, no sfx, Next: [D1D-30a]","I’ll be cleaning that up.","Lát hồi tôi sẽ phải dọn cái đống ấy."
"TDN5-1","Sc: Crust, msc: SupernovaAlt, sfx: CRUST2, Next: [TDN5-2]","Sorry kid, but I don’t really think something like this is going to be much use in my bunker.","Thôi khỏi nhé nhóc, anh thấy để cái này trong hầm trú ẩn cũng không có ích gì."
"TDN5-2","Sc: Crust, msc: SupernovaAlt, sfx: CRUST1, Next: [TDN5-3]","You sure you don’t have blasters in the back?","Bộ trong kho không còn bộ phản lực nào à?"
"TDN5-3","Sc: Dmi, msc: SupernovaAlt, no sfx, Next: [TDN5-4]","We’re still just a gas station, sir.","Chỗ này là trạm xăng, anh à."
"TDN5-4","Sc: Crust, msc: SupernovaAlt, sfx: Crust_Short, Next: [TDN5-5]"," Alright."," Rồi rồi."
"TDN5-5","Sc: Crust, msc: SupernovaAlt, sfx: CRUST2, Next: [D1D-30a]","Stay safe, kid. I gotta go prep my bunker some more.","Nhớ giữ an toàn đấy nhóc. Anh đi sắm đồ cho cái hầm tiếp đây."
"D1D-30a","No Sc, msc: SupernovaAlt, sfx: Door_Chime,Door_Close, Next: [D1D-30]","-door chimes and closes-","[chuông cửa reo, cửa đóng]"
"D1D-30","No Sc, msc: SupernovaAlt, no sfx, Next: [D1D-31]","It's almost closing time…","Sắp tới giờ đóng cửa rồi..."
"D1D-31","No Sc, msc: SupernovaAlt, no sfx, Next: [D1D-31b]","Flubber lounges in her usual spot. I smile and scratch under her chin.","Múp Míp an toạ trên chỗ nằm quen thuộc. Tôi mỉm cười, gãi nhẹ dưới cằm em ấy."
"D1D-31b","No Sc, msc: SupernovaAlt, sfx: FLUBBER2, Next: [DD1-28]","Flubber Meows","Múp Míp kêu meo meo."
"DD1-28","Sc: Dmi, msc: SupernovaAlt, no sfx, Next: [DD1-28b]","We had a good day didn’t we?","Một ngày không tệ lắm nhỉ?"
"DD1-28b","No Sc, msc: SupernovaAlt, sfx: Text_1, Next: [D1D-32]","-phone chimes-","[chuông điện thoại reo]"
"D1D-32","No Sc, msc: SupernovaAlt, no sfx, Next: [T2]","I facepalm as I remember I never messaged Cassiopeia back.","Tôi đờ người ra khi chợt nhớ vẫn chưa nhắn lại cho Tiên."
"T2","Sc: Cassiopeia, on phone, msc: SupernovaAlt, sfx: Pocket_Swoosh_1, Next: [T3]","Dmi? Are u ghosting me?","Mi? Đang ghost tớ hay sao vậy?"
"T3","Sc: Cassiopeia, on phone, msc: SupernovaAlt, sfx: Text_4_vibrate, Next: [TDP6-1,TDN6-1]","Not cool! im worried about u!","Đừng có vậy nha! Tớ lo cho cậu lắm đó!"
"T3-Option-1","Sc: Cassiopeia, on phone, msc: SupernovaAlt, sfx: Text_4_vibrate, Next: [TDP6-1,TDN6-1]","Sorry, got caught up.","Xin lỗi nha, nãy giờ bận quá."
"T3-Option-2","Sc: Cassiopeia, on phone, msc: SupernovaAlt, sfx: Text_4_vibrate, Next: [TDP6-1,TDN6-1]","You don’t need to keep messaging.","Cậu không cần nhắn cho tớ nhiều vậy đâu."
"TDP6-1","Sc: Dmi, on phone, msc: SupernovaAlt, no sfx, Next: [TDP6-2]","Lot more customers on this route than i thought we would ","Có nhiều khách ghé qua đây hơn tớ nghĩ. "
"TDP6-2","Sc: Cassiopeia, on phone, msc: SupernovaAlt, sfx: Text_4_vibrate, Next: [TDP6-3]","its a good time to roadtrip when the solar system is getting wiped ya know??","chứ còn gì nữa, hệ mặt trời sắp bị quét sạch thì người ta chẳng đi mua đồ dự trữ??"
"TDP6-3","Sc: Dmi, on phone, msc: SupernovaAlt, no sfx, Next: [TDP6-4]","More like I met a rock dude named Crust who wanted to buy a katana to defend himself from the imminent supernova. ","Ê mà biết gì chưa, có ông người đá tên Thạch Tượng đòi mua katana để phòng thân trước vụ nổ á. "
"TDP6-4","Sc: Cassiopeia, on phone, msc: SupernovaAlt, sfx: Text_4_vibrate, Next: [TDP6-5]","What? Stop lying to me. xD Ur job isn’t that interesting","Ê nha, xạo vừa thôi =)) Làm ở trạm xăng mà cũng gặp người tưng tửng như vậy hả"
"TDP6-5","Sc: Dmi, on phone, msc: SupernovaAlt, no sfx, Next: [TDP6-6]","U know how Mars is, we’re weirdo central.","Thì người ta hay nói độc lạ Sao Hỏa mà."
"TDP6-6","Sc: Cassiopeia, on phone, msc: SupernovaAlt, sfx: Text_4_vibrate, Next: [D1D-33]","thats true. U live there","người sao hỏa nói chuyện có khác"
"D1D-33","No Sc, msc: SupernovaAlt, no sfx, Next: [D1D-34]","I chuckle. That was a good one actually.","Tôi bật cười. Câu đùa ấy hay thật."
"D1D-34","No Sc, msc: SupernovaAlt, no sfx, Next: [T4]","We chat with each other and for a second it feels like the world isn’t coming to an end soon.","Chúng tôi nhắn tin một hồi, và có lúc tôi cảm thấy như thế giới này còn lâu mới biến mất."
"TDN6-1","Sc: Dmi, on phone, msc: SupernovaAlt, no sfx, Next: [TDN6-2]","I’ll just get back to u when i get back to u.","Khi nào cần thì tớ sẽ chủ động nhắn cho cậu."
"TDN6-2","Sc: Cassiopeia, on phone, msc: SupernovaAlt, sfx: Text_4_vibrate, Next: [TDN6-3]","Ouch, remind me to never be worried about u again :/","Hừ, sau này tớ nghỉ nhắn trước luôn :/"
"TDN6-3","Sc: Dmi, on phone, msc: SupernovaAlt, no sfx, Next: [TDN6-4]","Nah, I didn’t mean it like that. I’m just busy.","Tớ không có ý đó mà... Do tớ bận làm việc í."
"TDN6-4","Sc: Cassiopeia, on phone, msc: SupernovaAlt, sfx: Text_4_vibrate, Next: [D1D-35]","Yeah, yeah I get it.","Ừ, ừ, hiểu rồi."
"D1D-35","No Sc, msc: SupernovaAlt, no sfx, Next: [T4]","I could’ve handled that a bit better.","Đáng lẽ tôi phải trả lời nhẹ nhàng hơn."
"T4","Sc: Cassiopeia, on phone, msc: SupernovaAlt, sfx: Text_4_vibrate, Next: [T5]","Are u sure ur not calling off tomorrow? I know the money isn’t good enough at Cosmic Fuel where u need to work a day before Doomsday. :/","Bộ ngày mai vẫn đi làm thiệt hả? Lương ở trạm xăng có nhiêu đâu, mà còn bắt phải đi làm hết ngày cuối cùng mới chịu :/"
"T5","Sc: Dmi, on phone, msc: SupernovaAlt, sfx: Text_4_vibrate, Next: [T6]","Maybe I LIKE working for a megacorp.","Thì tớ THÍCH làm nô lệ tư bản vậy đó."
"T6","Sc: Cassiopeia, on phone, msc: SupernovaAlt, sfx: Text_4_vibrate, Next: [T7]","shut up","im giùm cái"
"T7","Sc: Dmi, on phone, msc: SupernovaAlt, no sfx, Next: [D1D-36]","ok ","ok "
"D1D-36","No Sc, msc: SupernovaAlt, no sfx, Next: [D1D-37]","I should clock out for the day","Đến giờ đóng cửa rồi."
"D1D-37","No Sc, msc: SupernovaAlt, no sfx, Next: [D1D-38]","I say goodbye to Flubber. She for some reason is a lot better at closing than I am. I never know what she does when we leave her alone.","Tôi chào tạm biệt Múp Míp. Em ấy có vẻ giỏi chuyện đóng cửa hơn cả tôi. Tôi chẳng đoán được em ấy làm gì khi ở một mình."
"D1D-38","No Sc, msc: SupernovaAlt, no sfx, Next: [D1D-39]","I don’t really know why I’m coming back in tomorrow. I should be packing with Cassie. We may not be able to do anything fancy like a space jump but…","Tôi cũng chẳng biết tại sao mình vẫn đi làm ngày mai. Lẽ ra tôi phải lo gói ghém đồ đạc chứ. Dù tôi với Tiên không đủ tiền nhảy không gian đi chăng nữa thì..."
"D1D-39","No Sc, msc: SupernovaAlt, no sfx, Next: [D1D-40]","…","..."
"D1D-40","No Sc, msc: SupernovaAlt, no sfx, Next: [D1D-40b]","I need some sleep for tomorrow.","Thôi ngủ đã, mai còn đi làm nữa."
"D1D-40b","No Sc, msc: SupernovaAlt, sfx: Door_Open,Door_Chime,Door_Close, Next: [Day2Transition]","-door opens and closes with a chime-","[cửa mở rồi lại đóng, chuông cửa reo lên]"
"Day2Transition","No Sc, msc: SupernovaAlt, no sfx, Next: [D2D-1]","DAY 2","NGÀY THỨ 2"
"D2D-1","No Sc, msc: Supernova, no sfx, Next: [ROD2-1]","I jab my fingers against the screen of my phone the little avatar hops up and down in an effort to dodge the man-eating kale.","Tôi ấn ngón tay vào màn hình điện thoại. Nhân vật trong đó nhảy lên rồi lại rơi xuống để không bị cây cải biết đi nuốt chửng."
"ROD2-1","Sc: Rob, msc: Supernova, sfx: Rob_Short, Next: [D2D-2]","Dmi!","Mi!"
"D2D-2","No Sc, msc: Supernova, no sfx, Next: [DD2-1]","I yelp and nearly drop my phone. I catch it just before it slips out of my fingers and glare at the slime man in front of me.","Tôi giật mình, suýt làm rơi điện thoại, nhưng may là kịp giữ lại ngay khi nó vừa rời tay tôi. Tôi lườm vị quản lý bằng thạch đứng trước mặt mình."
"DD2-1","Sc: Dmi, msc: Supernova, no sfx, Next: [D2D-3]","You’ve seriously got to stop doing that!","Chú đừng có làm vậy nữa!"
"D2D-3","No Sc, msc: Supernova, sfx: Rob_Laugh, Next: [ROD2-2]","Rob bursts into laughter.","Rob phá lên cười."
"ROD2-2","Sc: Rob, msc: Supernova, sfx: ROB3, Next: [DD2-2]","It’s just too funny. Look you got goosebumps on your goosebumps! ","Xin lỗi cháu. Mà coi da gà da vịt nổi lên tới đầu rồi kìa! "
"DD2-2","Sc: Dmi, msc: Supernova, no sfx, Next: [ROD2-3]","whatever how’s packing? ","Hừ. Mà chú dọn đồ chưa? "
"ROD2-3","Sc: Rob, msc: Supernova, sfx: ROB2, Next: [D2D-4]","We’ll be done by tonight. Then we leave tomorrow morning in time for our space jump outta here.","Tối nay là xong. Sáng mai cả nhà ra bến để làm cái bước nhảy không gian nữa là kịp."
"D2D-4","No Sc, msc: Supernova, no sfx, Next: [D2D-5]","Ah a space jump. That's everyone’s ticket outta the solar system to go wherever they’re going next. ","Nhảy không gian à... Tấm vé để rời khỏi Hệ Mặt Trời và đi đến bất kỳ đâu. "
"D2D-5","No Sc, msc: Supernova, no sfx, Next: [D2D-6]","They are ways outta here without one but the trip is pretty grueling.","Vẫn còn nhiều cách khác để đi nhưng sẽ phải chịu cực hơn nhiều."
"D2D-6","No Sc, msc: Supernova, no sfx, Next: [ROD2-4]","Not to mention the luncos to afford a space jump is insane.","Với lại để nhảy không gian thì phải có rất nhiều tiền."
"ROD2-4","Sc: Rob, msc: Supernova, sfx: ROB1, Next: [ROD2-5]","I’ll come pick up Flubber at the end of the day.","Cuối ngày chú sang đón Múp Míp nhé."
"ROD2-5","Sc: Rob, msc: Supernova, sfx: ROB3, Next: [D2D-7]","Also smile a little today! Use that slogan of ours to brighten their days. ","Đừng có nhợt nhạt vậy chứ! Khi chào khách nhớ tươi tỉnh lên cho người ta vui. "
"D2D-7","No Sc, msc: Supernova, no sfx, Next: [DD2-3]","Ugh.","Phiền thật."
"DD2-3","Sc: Dmi, msc: Supernova, no sfx, Next: [ROD2-6]","I’ll try.","Vâng ạ."
"ROD2-6","Sc: Rob, msc: Supernova, sfx: ROB2, Next: [FD2-1]","Great! I’ll see you later. Be nice to Flubber!","Phải thế chứ! Hẹn gặp cháu sau. Chăm Múp Míp giùm nhé!"
"FD2-1","Sc: Flubber, msc: Supernova, sfx: FLUBBER1, Next: [DD2-4]","Mreoww…","Meo~"
"DD2-4","Sc: Dmi, msc: Supernova, no sfx, Next: [DD2-4b]","We’re pals aren’t we Flubber? ","Tụi mình là bạn thân mà, Múp Míp ha? "
"DD2-4b","No Sc, msc: Supernova, sfx: Door_Chime,Door_Close, Next: [D2D-8]","-door chimes and closes-","[chuông cửa reo, cửa đóng]"
"D2D-8","No Sc, msc: Supernova, no sfx, Next: [D2D-9a]","Flubber gives me a slow blink.","Múp Míp nheo mắt chầm chậm."
"D2D-9a","No Sc, msc: Supernova, sfx: Door_Chime,Door_Open, Next: [D2D-9]","-door opens and chimes-","[cửa mở, chuông cửa reo]"
"D2D-9","No Sc, msc: Supernova, no sfx, Next: [DD2-5]","A two-headed beastman enters. They don’t say a word. I yawn and start spouting the “Cosmic Fuel welcome”.","Một tên thú hai đầu bước vào, chẳng nói chẳng rằng. Tôi ngáp rồi hô to câu cửa miệng dùng để chào khách."
"DD2-5","Sc: Dmi, msc: Supernova, no sfx, Next: [D2D-10]","Welcome to Cosmic Fuel. Fill to your heart’s content that’s the Cosmic Fuel way. ","Chào mừng đến với Trạm xăng Hoàn Vũ. Cách phục vụ của chúng tôi chắc chắn sẽ đong đầy cả trái tim của quý khách. "
"D2D-10","No Sc, msc: Supernova, no sfx, Next: [D2D-11]","The beastmen frantically grab items and stuff them into a bag.","Hai tên người thú vội vàng cầm hết thứ này đến thứ kia bỏ vào bao."
"D2D-11","No Sc, msc: Supernova, no sfx, Next: [DD2-6]","Well that’s not at all what I meant. ","Mình có để biển ""Tự phục vụ"" đâu nhỉ? "
"DD2-6","Sc: Dmi, msc: Supernova, no sfx, Next: [D2D-12]","You guys using cash or credit?","Quý khách muốn trả tiền mặt hay quẹt thẻ?"
"D2D-12","No Sc, msc: Supernova, no sfx, Next: [ROM1]","The more dimwitted looking one whispers to the sharper one and they stalk forward.","Tên ngơ ngác hơn thì thầm với tên sáng dạ hơn, rồi chúng nhào lên trước."
"ROM1","Sc: Romulus, msc: Supernova, sfx: ROMULUS1, Next: [D2D-13]","This is a stick up! Open the register!","Cướp đây! Đưa hết tiền ra!"
"D2D-13","No Sc, msc: Supernova, no sfx, Next: [REM1]","The dimwitted-looking beast-man pulls out a stick from his pocket and points at me.","Tên người thú ngơ ngác rút từ trong túi quần một cây gậy rồi chĩa vào tôi."
"REM1","Sc: Remus, msc: Supernova, sfx: REMUS1, Next: [ROM2]","and give us those Saturn dogs behind you!","Với lấy thêm mấy cây xúc xích ở sau nữa!"
"ROM2","Sc: Romulus, msc: Supernova, sfx: Romulus_Short, Next: [D2D-14]","Yeah! And--","Ừ! Rồi—"
"D2D-14","No Sc, msc: Supernova, no sfx, Next: [REM2]","The sharp-eyed beastman glares at his brother.","Tên người thú sáng dạ hơn lườm tên còn lại."
"REM2","Sc: Remus, msc: Supernova, sfx: REMUS2, Next: [ROM3]","Sorry Romulus stickups make me hungry. ","Xin lỗi anh, chơi trò này làm em đói quá. "
"ROM3","Sc: Romulus, msc: Supernova, sfx: ROMULUS3, Next: [REM3]","You’re worse than a chihuahua. When I said we’re doing a stickup I didn’t mean to put a literal stickup! ","Không bằng con chó cảnh nữa! Nói lấy một ""cây"" là lấy ""cây súng"" chứ ai lấy ""cành cây""? "
"REM3","Sc: Remus, msc: Supernova, sfx: REMUS2, Next: [ROM4]","Oh did I mess up again? Are we not getting Saturn dogs? ","Ớ, em lại làm gì sai à? Mình không được ăn xúc xích Sao Thổ nữa hả anh? "
"ROM4","Sc: Romulus, msc: Supernova, sfx: ROMULUS2, Next: [D2D-15]","No you didn’t mess up Remus. Let’s get you that hot dog. No no let’s get you two of them. How about that? ","Không đâu Rem, em chưa làm gì sai hết. Để anh lấy một cây xúc xích. Thôi, lấy hai cây cho em. Được chưa? "
"D2D-15","No Sc, msc: Supernova, sfx: Remus_Howl, Next: [D2D-15b]","Remus howls with excitement.","Sói Rem rú lên thật vui sướng."
"D2D-15b","No Sc, msc: Supernova, no sfx, Next: [TDP7-1,TDN7-1]","Select an item in the shop","Hãy chọn một sản phẩm trong tiệm"
"D2D-15b-Option-1","No Sc, msc: Supernova, no sfx, Next: [TDP7-1,TDN7-1]","","D2D-15b-Option-1
"
"D2D-15b-Option-2","No Sc, msc: Supernova, no sfx, Next: [TDP7-1,TDN7-1]D2D-15b-Option-2","","D2D-15b-Option-2
"
"TDP7-1","No Sc, msc: Supernova, no sfx, Next: [TDP7-2]","I slide two Saturn dogs to the pair. Remus helps himself and scarfs it down.","Tôi đưa hai cây xúc xích Sao Thổ cho chúng. Rem ngấu nghiến hết sạch."
"TDP7-2","Sc: Romulus, msc: Supernova, sfx: ROMULUS1, Next: [TDP7-3]","and now the register--","Giờ thì mở cái máy kia ra—"
"TDP7-3","Sc: Remus, msc: Supernova, sfx: REMUS1, Next: [TDP7-4]","Rom… they were so nice and gave us a Saturn dog. Do we have to?","Anh Ròm... Người ta là người tốt nên mới cho mình ăn xúc xích. Bắt người ta làm vậy chi nữa?"
"TDP7-4","Sc: Romulus, msc: Supernova, sfx: ROMULUS3, Next: [TDP7-5]","Of course! We came all this way just to--","Chứ sao nữa! Đi đến tận đây chỉ để—"
"TDP7-5","Sc: Remus, msc: Supernova, sfx: Remus_Short, Next: [TDP7-6]","To steal?","Để ăn cướp?"
"TDP7-6","No Sc, msc: Supernova, no sfx, Next: [TDP7-7]","Romulus stutters in shock.","Sói Ròm đờ người ra, không nói nên lời."
"TDP7-7","No Sc, msc: Supernova, no sfx, Next: [TDP7-8]","Remus doesn’t look too different from a kicked puppy.","Vẻ mặt Sói Rem y như cún con bị người ta đá trúng."
"TDP7-8","Sc: Remus, msc: Supernova, sfx: REMUS1, Next: [TDP7-9]","Mom always told us stealing was bad. We should pay!","Mẹ dạy là không được ăn cướp đó. Phải trả tiền chứ!"
"TDP7-9","Sc: Dmi, msc: Supernova, no sfx, Next: [TDP7-10]","I don’t really care either way to be honest… ","Có trả hay quỵt tôi cũng không quan tâm... "
"TDP7-10","No Sc, msc: Supernova, no sfx, Next: [TDP7-11]","The two ignore me. I can practically hear the galaxy’s smallest violin play for the two.","Bọn hắn lơ tôi. Tôi tưởng chừng có thể nghe ai đó kéo vĩ cầm thật buồn."
"TDP7-11","Sc: Romulus, msc: Supernova, sfx: ROMULUS2, Next: [TDP7-12]","You’re right Rem… I can’t do it. I wanted to be the tough guy so bad… everything is going to get blown to smithereens!","Rem ơi, em nói đúng... Anh đây nào dám làm vậy. Anh muốn một lần làm gì xấu xa... chứ mọi thứ sắp nổ tan tành cả rồi!"
"TDP7-12","Sc: Romulus, msc: Supernova, sfx: ROMULUS1, Next: [TDP7-13]","I just wanted to do something cool!","Anh chỉ muốn làm cái gì hay ho thôi!"
"TDP7-13","Sc: Romulus, msc: Supernova, sfx: ROMULUS3, Next: [TDP7-14]","Will you ever forgive me?","Tha lỗi cho anh nhé?"
"TDP7-14","Sc: Remus, msc: Supernova, sfx: REMUS2, Next: [TDP7-15]","You’re the best big brother ever! Of course I will! ","Anh là ông anh đỉnh nhất đời em! Sao em giận anh được! "
"TDP7-15","No Sc, msc: Supernova, no sfx, Next: [TDP7-16]","The two beastmen burst into tears.","Hai tên người thú bật khóc."
"TDP7-16","No Sc, msc: Supernova, no sfx, Next: [TDP7-17]","I just stand there watching the two go through a whole movie scene together.","Còn tôi đứng đó chờ hai thằng cha này diễn cho hết phim."
"TDP7-17","No Sc, msc: Supernova, no sfx, Next: [TDP7-18]","Romulus sets a pile of luncos on the counter.","Sói Ròm thả một đống Nguyệt tệ lên bàn."
"TDP7-18","Sc: Romulus, msc: Supernova, sfx: ROMULUS1, Next: [D2D-16a]","Keep the change. We’re sorry for bothering you.","Khỏi thối. Xin lỗi đã làm phiền cậu."
"TDN7-1","No Sc, msc: Supernova, no sfx, Next: [TDN7-2]","Romulus grits his teeth.","Sói Ròm nghiến răng."
"TDN7-2","Sc: Romulus, msc: Supernova, sfx: ROMULUS1, Next: [TDN7-3]","Is this some kind of joke? We asked for Saturn dogs!","Giỡn mặt hả? Bọn này muốn ăn xúc xích mà!"
"TDN7-3","Sc: Dmi, msc: Supernova, no sfx, Next: [TDN7-4]","I know.","Ừ."
"TDN7-4","Sc: Romulus, msc: Supernova, sfx: ROMULUS2, Next: [TDN7-5]","Why give us this?","Thế sao đưa cái này?"
"TDN7-5","Sc: Dmi, msc: Supernova, no sfx, Next: [TDN7-6]","You’re already helping yourself to the shelves. Why don’t you get them yourself?","Lúc nãy lụm đồ hăng lắm mà. Có mấy cây xúc xích thôi thì tự chồm lên mà lấy luôn đi?"
"TDN7-6","Sc: Romulus, msc: Supernova, sfx: Romulus_Short, Next: [TDN7-7]","I--","Ta—"
"TDN7-7","Sc: Remus, msc: Supernova, sfx: REMUS1, Next: [TDN7-8]","Aww…I think they’re mad at us Rom. ","Ấy... Chắc người ta giận mình đó anh Ròm. "
"TDN7-8","Sc: Remus, msc: Supernova, sfx: REMUS2, Next: [TDN7-9]","I told you we shouldn’t steal.","Em nói rồi, làm gì thì làm, chứ đừng có đi ăn cướp."
"TDN7-9","Sc: Romulus, msc: Supernova, sfx: ROMULUS1, Next: [TDN7-10]","STOP TAKING ME AS A FOOL REM!","MÀY COI ANH LÀ TRÒ ĐÙA HẢ REM!"
"TDN7-10","Sc: Dmi, msc: Supernova, no sfx, Next: [TDN7-11]","Hey! He’s not taking you as a fool.","Ê này! Anh đâu chỉ là trò đùa trong mắt đứa em."
"TDN7-11","No Sc, msc: Supernova, no sfx, Next: [TDN7-12]","Romulus’ eyes shine with a hopeful look.","Ánh mắt Sói Ròm sáng rực, nhìn tôi với vẻ trông chờ."
"TDN7-12","Sc: Dmi, msc: Supernova, no sfx, Next: [TDN7-13]","I’m taking you as a fool too.","Anh còn là trò đùa trong mắt tôi đấy."
"TDN7-13","No Sc, msc: Supernova, no sfx, Next: [TDN7-14]","Romulus drops the bag on the ground. He looks close to tears.","Sói Ròm thả rơi cái bao trên sàn, rưng rưng nước mắt."
"TDN7-14","Sc: Romulus, msc: Supernova, sfx: ROMULUS2, Next: [D2D-16a]","Remus…lets just go.","Rem ơi... Mình đi thôi."
"D2D-16a","No Sc, msc: Supernova, sfx: Door_Chime,Door_Close, Next: [D2D-16]","-door chimes and closes-","[chuông cửa reo, cửa đóng]"
"D2D-16","No Sc, msc: Supernova, no sfx, Next: [T8]","I reach for my phone. Cassiopeia’s not going to believe this.","Tôi với tay lấy cái điện thoại. Tiên chắc chắn sẽ rất bất ngờ."
"T8","Sc: Dmi, on phone, msc: Supernova, sfx: Pocket_Swoosh_2, Next: [T9]","Sorry i didnt get to you yet. I was getting robbed.","Xin lỗi nhé, nãy giờ bị cướp nên chưa kịp nhắn lại."
"T9","Sc: Cassiopeia, on phone, msc: Supernova, sfx: Text_4_vibrate, Next: [T10]","WHAT?","HẢ?"
"T10","Sc: Dmi, on phone, msc: Supernova, no sfx, Next: [T11]","chill they didnt take anything. They were two beastmen but they didnt seem to be following their own plan. ","bình tĩnh, chưa mất gì hết. Có hai ông nhân thú, nhưng mỗi ông một ý, cướp ko ra cướp. "
"T11","Sc: Dmi, on phone, msc: Supernova, no sfx, Next: [T12]","I didnt care much it's not like it's my gas station. i Think i hurt their feelings.","Cái trạm xăng này lỗ lãi gì cũng ko phải chuyện của tớ. Nhưng bọn hắn chắc hụt hẫng lắm."
"T12","Sc: Dmi, on phone, msc: Supernova, no sfx, Next: [T13]","u could say they were all bark and no bite.","đúng kiểu ""chó sủa là chó ko cắn""."
"T13","Sc: Cassiopeia, on phone, msc: Supernova, sfx: Text_4_vibrate, Next: [T14]","did u just…ugh.","ê, ê nhaaaa."
"T14","Sc: Cassiopeia, on phone, msc: Supernova, sfx: Text_4_vibrate, Next: [T15]","im going to ignore that for my own sanity.","đùa cái gì mà kỳ cục."
"T15","Sc: Cassiopeia, on phone, msc: Supernova, sfx: Text_4_vibrate, Next: [D2D-17]","like holy stars im so glad nothing happened. I dont even understand why u have to work there so close to doomsday…","mà trời ơi, cậu không sao là may rồi. Trời đất sắp tuyệt diệt cả rồi mà cậu vẫn đi làm là sao..."
"D2D-17","No Sc, msc: Supernova, no sfx, Next: [D2D-18]","I could tell where she was getting at. A day before the supernova and I still had no means of getting any tickets for a space jump.","Tôi biết cậu ấy có ý gì. Còn một ngày nữa là vụ nổ sẽ đến, vậy mà tôi vẫn chưa tìm ra cách mua vé đi bước nhảy không gian."
"D2D-18","No Sc, msc: Supernova, no sfx, Next: [T16]","I drum my fingers on the desk and think of my next reply.","Tôi gõ mấy ngón tay lên bàn, ngẫm nghĩ cách trả lời."
"T16","Sc: Dmi, on phone, msc: Supernova, no sfx, Next: [T17]","Weird question but what if we just couldn’t talk anymore? ","Mà này, lỡ có ngày tụi mình không nói chuyện với nhau được nữa thì sao? "
"T17","Sc: Cassiopeia, on phone, msc: Supernova, sfx: Text_4_vibrate, Next: [TDP8-1,TDN8-1]","what type of question is that :(","hỏi cái gì kì vậy :("
"T17-Option-1","Sc: Cassiopeia, on phone, msc: Supernova, sfx: Text_4_vibrate, Next: [TDP8-1,TDN8-1]","Just curious…","Thì lỡ đâu..."
"T17-Option-2","Sc: Cassiopeia, on phone, msc: Supernova, sfx: Text_4_vibrate, Next: [TDP8-1,TDN8-1]","You ask me dumb questions all the time.","Có khác gì mấy câu hỏi vô tri của cậu đâu."
"TDP8-1","Sc: Dmi, on phone, msc: Supernova, no sfx, Next: [TDP8-2]","its not every day people leave their planet in droves for the impending death of the sun.","đâu phải ngày nào cũng có hàng ngàn người di tản đi trốn mặt trời."
"TDP8-2","Sc: Cassiopeia, on phone, msc: Supernova, sfx: Text_4_vibrate, Next: [TDP8-3]","Well I’d miss the hell out of you. ","Nếu vậy thì tớ nhớ cậu khủng khiếp lắm. "
"TDP8-3","Sc: Dmi, on phone, msc: Supernova, no sfx, Next: [TDP8-4]","…Really?","...Thiệt hả?"
"TDP8-4","Sc: Cassiopeia, on phone, msc: Supernova, sfx: Text_4_vibrate, Next: [TDP8-5]","Duh? What makes you think I check up on you all the time?","Ủa? Chứ tớ nhắn tin hỏi thăm cậu suốt cho vui thôi à?"
"TDP8-5","Sc: Dmi, on phone, msc: Supernova, no sfx, Next: [TDP8-6]","…I don’t know.","...Tớ không biết thiệt."
"TDP8-6","Sc: Dmi, on phone, msc: Supernova, no sfx, Next: [TDP8-7]","I kind of feel like I’ve been dragging you down… with me being sad all the time.","Tớ thấy mình kéo tinh thần cậu xuống ấy... Lúc nào tớ cũng buồn."
"TDP8-7","Sc: Cassiopeia, on phone, msc: Supernova, sfx: Text_4_vibrate, Next: [TDP8-8]","what? We all get sad. We’re together till the end. Nothing will ever change that.","Có sao đâu? Ai chẳng có lúc buồn. Tụi mình sẽ bên nhau đến cùng. Không một thứ gì có thể thay đổi điều ấy."
"TDP8-8","Sc: Dmi, on phone, msc: Supernova, no sfx, Next: [TDP8-9]","Thank you. For always caring.","Cảm ơn cậu đã lo cho tớ."
"TDP8-9","Sc: Cassiopeia, on phone, msc: Supernova, sfx: Text_4_vibrate, Next: [TDP8-10a]","Of course. I have to go :( I’m getting called away but I always have your back! ","Khách sáo quá. Thôi tớ bận rồi, lát nhắn nhé :( phải nhớ là cậu luôn có tớ ở bên đó! "
"TDP8-10a","No Sc, msc: Supernova, sfx: Door_Chime,Door_Open, Next: [TDP8-10]","-door opens and chimes-","[cửa mở, chuông cửa reo]"
"TDP8-10","No Sc, msc: Supernova, no sfx, Next: [TDP8-11]","I find myself smiling at my phone. I could’ve reread this line a couple hundred times.","Tôi nhìn màn hình điện thoại mà cười tủm tỉm. Tôi đọc đi đọc lại dòng tin nhắn này cả ngàn lần cũng được."
"TDP8-11","No Sc, msc: Supernova, sfx: KKILI1, Next: [DD2-7]","That must be someone special you’re talking to.","Đang nhắn với bồ hả?"
"TDN8-1","Sc: Cassiopeia, on phone, msc: Supernova, sfx: Text_4_vibrate, Next: [TDN8-2]","...","..."
"TDN8-2","Sc: Cassiopeia, on phone, msc: Supernova, sfx: Text_4_vibrate, Next: [TDN8-3]","Wow that was harsh…","Nặng lời vậy..."
"TDN8-3","No Sc, msc: Supernova, no sfx, Next: [TDN8-4]","I panic. Crap would it be bad to backtrack? ","Tôi hoảng loạn. Giờ quay đầu còn kịp không trời? "
"TDN8-4","Sc: Dmi, on phone, msc: Supernova, no sfx, Next: [TDN8-5]","Sorry, i didn’t mean that","Xin lỗi vì làm cậu giật mình."
"TDN8-5","Sc: Dmi, on phone, msc: Supernova, no sfx, Next: [TDN8-6]","i don’t think ur questions are stupid.","tớ không có ý như vậy."
"TDN8-6","Sc: Cassiopeia, on phone, msc: Supernova, sfx: Text_4_vibrate, Next: [TDN8-7]",":/ you’re a jerk sometimes. u know that?",":/ không nói được gì tốt đẹp thì có thể giữ im lặng mà, nhỉ?"
"TDN8-7","Sc: Dmi, on phone, msc: Supernova, no sfx, Next: [TDN8-8]","Yeah…I can see that right now. I’m really sorry.","Ừ... tớ biết mình sai rồi. Xin lỗi cậu nhiều."
"TDN8-8","Sc: Cassiopeia, on phone, msc: Supernova, sfx: Text_4_vibrate, Next: [TDN8-9]","Well to answer your question. Even though you’re a grade A jerk sometimes.","Quay lại câu hỏi hồi nãy nhé. Dù có lúc cậu cư xử như tên khốn ấy."
"TDN8-9","Sc: Cassiopeia, on phone, msc: Supernova, sfx: Text_4_vibrate, Next: [TDN8-10]","I’d still miss seeing you.","Tớ vẫn sẽ nhớ cậu muốn chết đó."
"TDN8-10","Sc: Cassiopeia, on phone, msc: Supernova, sfx: Text_4_vibrate, Next: [TDN8-11]","I just wish you were a bit more honest with me.","Cậu không thể thật lòng với tớ hơn chút nữa sao?"
"TDN8-11","Sc: Dmi, on phone, msc: Supernova, no sfx, Next: [TDN8-12]","What do you mean honest?","Thật lòng là sao?"
"TDN8-12","Sc: Cassiopeia, on phone, msc: Supernova, sfx: Text_4_vibrate, Next: [TDN8-13]","I know thats not the real reason why you’re asking me that.","Cậu thừa sức hiểu ý tớ mà, tự ngẫm nghĩ thử đi."
"TDN8-13","Sc: Cassiopeia, on phone, msc: Supernova, sfx: Text_4_vibrate, Next: [TDN8-14]","I gotta go. I’ll talk to you later. Just stop acting so weird with me.","Thôi bận rồi. Tí nhắn lại. Đừng cư xử như vậy với tớ nữa."
"TDN8-14","No Sc, msc: Supernova, no sfx, Next: [TDN8-14a]","I groan to myself.","Tôi khẽ thở dài."
"TDN8-14a","No Sc, msc: Supernova, sfx: Door_Chime,Door_Open, Next: [TDN8-15]","-door opens and chimes-","[cửa mở, chuông cửa reo]"
"TDN8-15","Sc: Dmi, msc: Supernova, no sfx, Next: [TDN8-16]","Why did I say that? Out of every reason I could have given her?","Tại sao mình lại nói ra những lời như vậy khi vẫn còn biết bao cái cớ khác?"
"TDN8-16","Sc: Dmi, msc: Supernova, no sfx, Next: [TDN8-17]","Stupid! Stupid! Stupid!","Đồ ngu! Đồ ngu! Đồ ngu!"
"TDN8-17","Sc: K'Kili the Destroyer, msc: Supernova, sfx: KKILI1, Next: [DD2-7]","It couldn’t be that stupid to be doing all that.","Kiếm được công ăn việc làm mà ngu à?"
"DD2-7","Sc: Dmi, msc: Supernova, no sfx, Next: [DD2-8]","Whoa!","Á!"
"DD2-8","Sc: Dmi, msc: Supernova, no sfx, Next: [D2D-19]","Sorry it’s slow today. So uh I’ve been on my phone a bit more. ","Xin lỗi quý khách. Nay tiệm vắng quá nên em cũng không biết làm gì khác. "
"D2D-19","No Sc, msc: Supernova, no sfx, Next: [D2D-20]","I take in the woman. From the ringlets across her body she seems to be a shapeshifter. ","Tôi chào chị ấy. Hình như chị là người biến hình, do tôi thấy trên người chị có mấy cái vòng. "
"D2D-20","No Sc, msc: Supernova, no sfx, Next: [D2D-21]","Something feels awfully familiar about her like I’ve seen her somewhere before.","Nhưng trong lòng tôi có một cảm giác rất quen thuộc. Cứ như thể tôi đã gặp người này rồi."
"D2D-21","No Sc, msc: Supernova, no sfx, Next: [KD1]","She doesn’t seem to notice the interest she has a knowing smile as her attention still seems on me and my phone. ","Dường như chị chẳng để ý tôi đang nhìn chị. Chị nở một nụ cười đầy ẩn ý mà hỏi chuyện giữa tôi và cái điện thoại. "
"KD1","Sc: K'Kili the Destroyer, msc: Supernova, sfx: KKILI2, Next: [DD2-9]","They must sound important to you. Just relax I’m sure you’re lovely to speak to. ","Chắc người kia quan trọng với em lắm. Em nói chuyện dễ nghe mà, rồi chuyện cũng đâu vào đó. "
"DD2-9","Sc: Dmi, msc: Supernova, no sfx, Next: [D2D-22]","It depends on the day.","Cái đó cũng tùy ngày, chị ạ."
"D2D-22","No Sc, msc: Supernova, no sfx, Next: [KD2]","She laughs.","Chị ấy bật cười."
"KD2","Sc: K'Kili the Destroyer, msc: Supernova, sfx: KKILI3, Next: [D2D-23]","Hit me with it. What’s got you stressed?","Nói nghe coi. Chuyện gì mà căng thẳng dữ?"
"D2D-23","No Sc, msc: Supernova, no sfx, Next: [D2D-24]","I think for a second. Do I actually want to just spill my guts out to this complete stranger?","Tôi ngẫm nghĩ một lát. Mình có nên trải lòng với một người xa lạ không?"
"D2D-24","No Sc, msc: Supernova, no sfx, Next: [D2D-25]","…","..."
"D2D-25","No Sc, msc: Supernova, no sfx, Next: [DD2-10]","Actually yeah. I can’t pay for a therapist anyways. Why not. ","Thôi đại đi. Tiền đâu mà đi trị liệu tâm lý. "
"DD2-10","Sc: Dmi, msc: Supernova, no sfx, Next: [D2D-26]","I don’t know how to tell her I don’t qualify for a space jump so I’m going to be stuck here.","Em phải ở lại đây do không đủ điều kiện đi bước nhảy không gian. Mà em chưa biết nói sao với bạn mình."
"D2D-26","No Sc, msc: Supernova, no sfx, Next: [DD2-11]","The not-therapist nods as she listens to me.","Chuyên viên tâm lý bất đắc dĩ ấy gật gù nghe tôi nói."
"DD2-11","Sc: Dmi, msc: Supernova, no sfx, Next: [KD3]","I’ve been trying to just carry on but I think she knows something is wrong. ","Em cứ coi như chẳng có chuyện gì, nhưng bạn ấy bắt đầu để ý rồi. "
"KD3","Sc: K'Kili the Destroyer, msc: Supernova, sfx: KKILI2, Next: [D2D-27]","Well you’re going to traumatize the stars outta her when she finds out you’re gonna be space dust and you never warned her. ","Chà. Lúc sống cạy miệng cũng không hé nửa lời, tới lúc em thành cát bụi rồi, người ta mà biết tại sao thì nặng lòng hết đời đó em. "
"D2D-27","No Sc, msc: Supernova, no sfx, Next: [D2D-28]","I choke. When she puts it that way…","Tôi nghẹn lời. Chị ấy nói vậy tôi mới nhận ra..."
"D2D-28","No Sc, msc: Supernova, no sfx, Next: [DD2-12]","I try to search for a way to back out despite this being my fault we’re having this very personal conversation at a gas station counter.","Tôi liền đổi chủ đề, dù lỗi hoàn toàn do tôi khi đem chuyện cá nhân ra giãi bày với một vị khách lạ."
"DD2-12","Sc: Dmi, msc: Supernova, no sfx, Next: [KD4]","Is there something in particular you’re looking for or…? ","Quý khách cần mua gì ấy? Hay là... "
"KD4","Sc: K'Kili the Destroyer, msc: Supernova, sfx: KKILI1, Next: [D2D-29]","I see what you’re doing here.","Bắt đầu đánh trống lảng rồi ha."
"D2D-29","No Sc, msc: Supernova, no sfx, Next: [KD5]","She plays along though.","Nhưng chị ấy thôi không nhắc chuyện cũ nữa."
"KD5","Sc: K'Kili the Destroyer, msc: Supernova, sfx: KKILI3, Next: [KD6]","I’ll put 900 luncos on pump 5.","Cho chị đổ 900 nguyệt tệ tiền xăng đi."
"KD6","Sc: K'Kili the Destroyer, msc: Supernova, sfx: KKILI2, Next: [D2D-30]","And are any of those behind you good? Looking to get something for my wife back on our ship.","Sau lưng có gì ngon không? Chị mua cho vợ, vợ chị ngồi đợi trên tàu bay ngoài kia kìa."
"D2D-30","No Sc, msc: Supernova, no sfx, Next: [DD2-13]","She points to the hot food machines behind me and I shrug.","Chị ấy chỉ thẳng vào chỗ đồ ăn sau quầy, làm tôi hơi rùng mình."
"DD2-13","Sc: Dmi, msc: Supernova, no sfx, Next: [DD2-14]","Nothing to write home about but I think they’re pretty good. ","Mấy món này không hẳn là xuất sắc. "
"DD2-14","Sc: Dmi, msc: Supernova, no sfx, Next: [D2D-31]","Especially if you’re hungry.","Nhưng khi đói sẽ thấy rất ngon."
"D2D-31","No Sc, msc: Supernova, no sfx, Next: [KD7]","She lets out a hearty laugh.","Chị ấy cười vang lên."
"KD7","Sc: K'Kili the Destroyer, msc: Supernova, sfx: KKILI1, Next: [KD8]","Oh man. I know that feeling when food is good just cuz you haven’t had anything. ","Ai cũng vậy thôi. Bụng đói meo thì cái gì cũng thành sơn hào hải vị hết. "
"KD8","Sc: K'Kili the Destroyer, msc: Supernova, sfx: KKILI3, Next: [KD8b]","Something with a good crunch to it seems like something my wife would like.","Vậy lấy chị món nào giòn giòn đi. Vợ chị bả khoái mấy món kiểu đó lắm."
"KD8b","No Sc, msc: Supernova, no sfx, Next: [TDP9-1,TDN9-1]","Select an item in the shop","Hãy chọn một sản phẩm trong tiệm"
"KD8b-Option-1","No Sc, msc: Supernova, no sfx, Next: [TDP9-1,TDN9-1]","","KD8b-Option-1
"
"KD8b-Option-2","No Sc, msc: Supernova, no sfx, Next: [TDP9-1,TDN9-1]KD8b-Option-2","","KD8b-Option-2
"
"TDP9-1","Sc: K'Kili the Destroyer, msc: Supernova, sfx: KKILI2, Next: [TDP9-2]","What are these called again? M’Ghooni Nachos?","Món này gọi là gì ấy em? Bánh nacho M’Ghooni à?"
"TDP9-2","Sc: Dmi, msc: Supernova, no sfx, Next: [TDP9-3]","It's got a little kick to it. If your wife likes spice I’m sure she’d be into it.","Bánh này hơi cay. Nhưng nếu vợ chị thích ăn cay thì quá được luôn."
"TDP9-3","Sc: K'Kili the Destroyer, msc: Supernova, sfx: KKILI3, Next: [TDP9-4]","I’m Martian. I can handle more than a little kick.","Xời, người Sao Hỏa hết mà. Ba cái này nhằm nhò gì."
"TDP9-4","No Sc, msc: Supernova, no sfx, Next: [TDP9-5]","The alleged shapeshifter lifts up a chip and chomps down on it.","Chị bóc một miếng bánh bỏ vào miệng rồi nhai nhồm nhoàm."
"TDP9-5","Sc: K'Kili the Destroyer, msc: Supernova, sfx: KKILI2, Next: [TDP9-6]","Oh! That's a pretty solid nacho.","Ối! Nhai đã vãi."
"TDP9-6","Sc: Dmi, msc: Supernova, no sfx, Next: [TDP9-7]","Yeah my friend would usually call me to bring some back with me back when we were roommates. ","Dạ, hồi còn ở chung bạn em hay nhờ em hốt một chút về nhai cho đỡ buồn miệng. "
"TDP9-7","Sc: K'Kili the Destroyer, msc: Supernova, sfx: KKILI1, Next: [TDP9-8]","They’ve got good taste. Can you get one for me too?","Bạn em sành ăn phết. Lấy chị thêm phần nữa nhá."
"TDP9-8","No Sc, msc: Supernova, no sfx, Next: [D2D-32]","I nod as I go over to the machine and get out a second batch of M’Ghooni Nachos.","Tôi gật đầu rồi trở lại cái máy để xúc thêm một phần bánh nacho M’Ghooni."
"TDN9-1","No Sc, msc: Supernova, no sfx, Next: [TDN9-2]","K’Kili inspects the food presented to her.","K'Kili ngắm nghía thứ tôi mang ra."
"TDN9-2","Sc: K'Kili the Destroyer, msc: Supernova, sfx: KKILI1, Next: [TDN9-3]","Hmm I don’t mean to be rude kid but I don’t think she’s going to like this. ","Hừm. Chị không có ý gì đâu, nhưng chắc vợ chị kén món này ấy. "
"TDN9-3","Sc: K'Kili the Destroyer, msc: Supernova, sfx: KKILI2, Next: [TDN9-4]","I wouldn’t really call this crunchy either.","Với lại nhìn không được giòn."
"TDN9-4","Sc: Dmi, msc: Supernova, no sfx, Next: [TDN9-5]","You sure she might not like this better?","Chị cứ mua thử xem, biết đâu vợ chị lại thích ấy?"
"TDN9-5","Sc: K'Kili the Destroyer, msc: Supernova, sfx: KKILI3, Next: [TDN9-6]","Pretty sure I’d know what she likes best.","Xời. Ai hiểu vợ chị hơn chị đây."
"TDN9-6","No Sc, msc: Supernova, no sfx, Next: [TDN9-7]","I sigh. Seems my gas station munchies intuition failed me today.","Tôi thở dài. Trực giác chọn món của tôi hôm nay đổ bệnh rồi hay sao ấy."
"TDN9-7","Sc: Dmi, msc: Supernova, no sfx, Next: [TDN9-8]","Sorry bout that.","Xin lỗi chị nhé."
"TDN9-8","Sc: K'Kili the Destroyer, msc: Supernova, sfx: KKILI1, Next: [D2D-32]","It's fine. I’ll take the gas at least.","Không sao. Vậy đổ xăng thôi cũng được."
"D2D-32","No Sc, msc: Supernova, no sfx, Next: [KD9]","The woman grabs her wallet in her pocket.","K'Kili móc cái ví trong túi ra."
"KD9","Sc: K'Kili the Destroyer, msc: Supernova, sfx: KKILI2, Next: [DD2-15]","You take cards don’t you? Or did that stop for Doomsday?","Quẹt thẻ được không em? Hay sắp tận thế nên tiền mặt thôi?"
"DD2-15","Sc: Dmi, msc: Supernova, no sfx, Next: [D2D-33]","Nothing stops at Cosmic Fuel for Doomsday.","Trạm xăng Hoàn Vũ luôn phục vụ quý khách tận răng, dù ngày mai là ngày tận thế."
"D2D-33","No Sc, msc: Supernova, no sfx, Next: [D2D-34]","The woman cooly passes a card to me. I grab for it and freeze as I realize she passed me an ID.","Chị ấy hất nhẹ chiếc thẻ về phía tôi. Tôi bắt lấy chiếc thẻ rồi khựng lại khi nhận ra đó là thẻ công dân."
"D2D-34","No Sc, msc: Supernova, no sfx, Next: [D2D-35]","The name is one I remember very well as it was all over the Martian news. ","Cái tên này từng xuất hiện khắp nơi trên báo đài Sao Hỏa nên đến giờ tôi vẫn nhớ rất rõ. "
"D2D-35","No Sc, msc: Supernova, no sfx, Next: [KD10]","Holy crap. This woman is like… an urban legend on Mars.","Trời đất. Hóa ra bà này là... truyền thuyết đô thị thứ thiệt từ Sao Hỏa luôn."
"KD10","Sc: K'Kili the Destroyer, msc: Supernova, sfx: KKili_Short, Next: [D2D-36]","Did my card decline?","Thẻ bị từ chối hả em?"
"D2D-36","No Sc, msc: Supernova, no sfx, Next: [KD11]","All six of her eyes widen as she realizes her debit card isn’t in my hand and she snatches it.","Chị ấy trố cả sáu con mắt ra khi nhận ra thứ tôi cầm trên tay không phải là thẻ tín dụng."
"KD11","Sc: K'Kili the Destroyer, msc: Supernova, sfx: KKili_Short, Next: [D2D-37]","Wrong card! Wrong card!","Chết! Lộn thẻ! Lộn thẻ!"
"D2D-37","No Sc, msc: Supernova, no sfx, Next: [D2D-38]","K’Kili passes me the right card.","Chị ấy liền đưa tôi cái thẻ khác."
"D2D-38","No Sc, msc: Supernova, no sfx, Next: [KD12]","We sit in awkward silence.","Sau đó thì sượng khỏi nói."
"KD12","Sc: K'Kili the Destroyer, msc: Supernova, sfx: KKILI1, Next: [KD12b]","Are you going to ring me up or…?","Rồi có định báo cảnh sát không, hay là...?"
"KD12b","No Sc, msc: Supernova, sfx: CashRegister, Next: [DD2-16]","-cash register noise-","[tiếng máy tính tiền]"
"DD2-16","Sc: Dmi, msc: Supernova, no sfx, Next: [DD2-17]","Eh I work at a gas station. I’m sure I’ve probably served someone with jaded pasts tons of times before. ","Không chị ơi, em làm ở trạm xăng mà. Chắc cũng nhiều lần gặp khách có quá khứ này nọ rồi mà không biết thôi. "
"DD2-17","Sc: Dmi, msc: Supernova, no sfx, Next: [D2D-39]","You’re not going to throw me in the nearest black hole and take my place aren’t you?","Đừng nói là chị định ném em vào cái hố đen nào gần đây rồi biến hình để thế chỗ em nhá?"
"D2D-39","No Sc, msc: Supernova, no sfx, Next: [KD13]","K’Kili laughs.","K'Kili bật cười."
"KD13","Sc: K'Kili the Destroyer, msc: Supernova, sfx: KKILI3, Next: [DD2-18]","Not at all. I didn’t really use my powers like that. I can’t really shapeshift anymore anyways.","Cưng nghĩ nhiều quá. Xưa giờ chị có dùng sức mạnh làm ba cái chuyện đó đâu. Mà giờ có muốn cũng không được."
"DD2-18","Sc: Dmi, msc: Supernova, no sfx, Next: [D2D-40]","Oh?","Sao thế chị?"
"D2D-40","No Sc, msc: Supernova, no sfx, Next: [KD14]","She points to her antenna.","Chị ấy chỉ vào ăng-ten trên đầu."
"KD14","Sc: K'Kili the Destroyer, msc: Supernova, sfx: KKILI2, Next: [KD15]","My antenna is a little bent. So I can’t really do that anymore. ","Ăng-ten của chị cong rồi này. Nên không biến hình được nữa. "
"KD15","Sc: K'Kili the Destroyer, msc: Supernova, sfx: KKILI1, Next: [D2D-41]","I felt like my world was falling apart when it first happened but my wife has been so supportive. I mean I got injured trying to help her in the first place. ","Hồi mới bị vầy chị cũng suy sụp lắm. Cũng may là vợ chị đã luôn ở bên giúp đỡ, dù đúng ra chị bị thương cũng do bảo vệ bả đó. "
"D2D-41","No Sc, msc: Supernova, no sfx, Next: [KD16]","K’Kili lifts up her hand to show her ring. I can see the admiration and pride coming from her.","K'Kili chìa tay ra để khoe nhẫn cưới. Tôi cảm nhận được niềm kiêu hãnh và tự hào của chị."
"KD16","Sc: K'Kili the Destroyer, msc: Supernova, sfx: KKILI3, Next: [DD2-19]","My wife means everything to me. A part of me is happy we can get away and start new somewhere else.","Đời này chị còn mỗi vợ mà thôi. Thảm họa tới, mà chị thấy vui vui, ít ra cũng có dịp chuồn khỏi đây để bắt đầu cuộc sống mới."
"DD2-19","Sc: Dmi, msc: Supernova, no sfx, Next: [KD17]","Wow…she sounds so lucky to have you.","Ôi... Chị nhà may mắn thiệt đó."
"KD17","Sc: K'Kili the Destroyer, msc: Supernova, sfx: KKili_Short, Next: [D2D-42]","I’m the lucky one.","Câu đó phải dành cho chị ấy cưng."
"D2D-42","No Sc, msc: Supernova, no sfx, Next: [KD18]","K’Kili reaches over and places a hand on my shoulder. She has a strong grip. She probably could pull me over the counter like this.","K'Kili bỗng rướn người lên rồi đặt tay lên vai tôi. Tay chị giữ rất chặt, có khi kéo mạnh một phát là tôi ngã ụp mặt lên quầy ấy chứ."
"KD18","Sc: K'Kili the Destroyer, msc: Supernova, sfx: KKILI1, Next: [KD19]","Listen kid. You don’t know me and I don’t know you too well but I feel like I should tell you… ","Nghe nè, cái người chưa trải sự đời. Chị không biết cưng là ai, cưng cũng chưa từng gặp chị, nhưng thôi chị nói cái này... "
"KD19","Sc: K'Kili the Destroyer, msc: Supernova, sfx: KKILI2, Next: [KD20]","I don’t really know what your baggage is with whoever you’re talking to but be honest. I can tell they mean a lot to you. ","Chị không biết hồi nãy cưng nhắn tin với ai mà căng thẳng dữ vậy, nhưng nghe qua là chị biết người ta quan trọng với cưng lắm. "
"KD20","Sc: K'Kili the Destroyer, msc: Supernova, sfx: KKILI3, Next: [DD2-20]","I need you to really think about what they mean to you. Don’t you want to see them?","Nghĩ cho kỹ vào he. Bộ cưng không muốn gặp người ta nữa à?"
"DD2-20","Sc: Dmi, msc: Supernova, no sfx, Next: [D2D-43]","I…can’t anyways… It's too late.","Em... không được nữa đâu... Trễ quá rồi."
"D2D-43","No Sc, msc: Supernova, no sfx, Next: [KD21]","K’Kili lets go of my shoulder.","K'Kili buông tay khỏi vai tôi."
"KD21","Sc: K'Kili the Destroyer, msc: Supernova, sfx: KKILI1, Next: [DD2-21]","I know… Just talk to them.","Ừ chị biết... Thì cứ mở lời với người ta đi."
"DD2-21","Sc: Dmi, msc: Supernova, no sfx, Next: [KD22]","…I’ll try.","...Dạ chị."
"KD22","Sc: K'Kili the Destroyer, msc: Supernova, sfx: KKILI3, Next: [D2D-44]","It's all you can do right?","Không làm được chuyện lớn thì cố mà làm chuyện nhỏ ha."
"D2D-44","No Sc, msc: Supernova, no sfx, Next: [KD23]","She squints at my name tag.","Chị nheo mắt nhìn bảng tên của tôi."
"KD23","Sc: K'Kili the Destroyer, msc: Supernova, sfx: KKILI2, Next: [D2D-45]","You seem like a good kid. I’ll leave a nice review for you on Welp.","Cưng rõ là hiểu chuyện. Để chị đánh giá tốt trên Welp nhá."
"D2D-45","No Sc, msc: Supernova, no sfx, Next: [D2D-45b]","The woman offers me a smile and walks out of the Cosmic Fuel with nachos in hand.","Chị ấy mỉm cười rồi rời trạm xăng cùng hai phần nacho trên tay."
"D2D-45b","No Sc, msc: Supernova, sfx: Door_Chime,Door_Close, Next: [D2D-46]","-door chimes and closes-","[chuông cửa reo, cửa đóng]"
"D2D-46","No Sc, msc: Supernova, no sfx, Next: [D2D-47]","I don’t move. Never in my life did I think I would be getting a pep talk about relationships with a customer who just wanted to buy snacks.","Tôi đờ người ra. Có mơ tôi cũng không nghĩ sẽ có ngày được khách lạ đến mua đồ ăn tư vấn luôn chuyện tình cảm."
"D2D-47","No Sc, msc: Supernova, no sfx, Next: [D2D-48]","I should be on my way out of here. Maybe catching a ride outta here on a new planet but here I am. ","Đáng lẽ giờ này tôi đang trên đường rời khỏi đây rồi. Bắt tàu đi đại hành tinh nào cũng được. Vậy mà giờ tôi lại đứng đây. "
"D2D-48","No Sc, msc: Supernova, no sfx, Next: [D2D-49]","Doomed.","Chờ chết."
"D2D-49","No Sc, msc: Supernova, no sfx, Next: [D2D-50]","…","..."
"D2D-50","No Sc, msc: Supernova, no sfx, Next: [D2D-51]","Some time passes. I don’t get any more customers and I try to busy myself with the monotony of cleaning.","Tôi chờ một hồi mà không thấy khách tới. Tôi ráng lau dọn hết chỗ này đến chỗ khác để mình không kịp ngơi tay."
"D2D-51","No Sc, msc: Supernova, no sfx, Next: [D2D-52]","I think Flubber notices something is wrong cuz I find her wanting to brush up against me more as she tries to move off of her usual lounging spot.","Múp Míp cũng nhận ra có điều bất ổn. Em ấy cứ tìm cách dụi đầu vào người tôi mỗi khi nhấc chân khỏi chỗ nằm thoải mái của mình."
"D2D-52","No Sc, msc: Supernova, no sfx, Next: [D2D-53]","Rob eventually comes by. His usual cheery disposition fades as he picks up Flubber.","Rồi Rob cũng quay lại. Khi bế Múp Míp lên, ổng cũng không còn vô tư như mọi khi nữa."
"D2D-53","No Sc, msc: Supernova, no sfx, Next: [D2D-54]","I think it finally hit him about what was going to happen.","Chắc ổng cũng ý thức được chuyện gì rồi sẽ đến."
"D2D-54","No Sc, msc: Supernova, no sfx, Next: [D2D-55]","…","..."
"D2D-55","No Sc, msc: Supernova, no sfx, Next: [D2D-55b]","I need to rest before tomorrow.","Nghỉ ngơi thôi, vẫn còn ngày mai nữa."
"D2D-55b","No Sc, msc: Supernova, sfx: Door_Open,Door_Chime,Door_Close, Next: [Day3Transition]","-door opens and closes with a chime-","[cửa mở rồi lại đóng, chuông cửa reo lên]"
"Day3Transition","No Sc, msc: Supernova, no sfx, Next: [D3D-1]","DAY 3","NGÀY THỨ 3"
"D3D-1","No Sc, msc: Supernova, no sfx, Next: [D3D-2]","Doomsday.","Ngày ấy đã tới."
"D3D-2","No Sc, msc: Supernova, no sfx, Next: [D3D-3]","Feels a lot quieter than how I’d imagined it.","Tĩnh lặng hơn mình nghĩ nữa."
"D3D-3","No Sc, msc: Supernova, no sfx, Next: [D3D-4]","Well most people evacuated… it makes sense it's this quiet. ","Thì có gì đâu mà lạ... Gần như ai cũng tháo chạy cả rồi. "
"D3D-4","No Sc, msc: Supernova, no sfx, Next: [D3D-4b]","There’s no Flubber no Rob just me. ","Cả chú Rob và Múp Míp đều đi cả rồi, chỉ còn mình thôi. "
"D3D-4b","No Sc, msc: Supernova, sfx: Text_1, Next: [T18]","-phone chimes-","[chuông điện thoại reo]"
"T18","Sc: Cassiopeia, on phone, msc: Supernova, sfx: Pocket_Swoosh_2, Next: [T19]","Dmi did you get my message about where to meet me at the Space Port? You haven’t been answering me since last night. ","Mi có thấy tin nhắn gặp tớ ngoài Trạm Vũ Trụ không đó? Nhắn từ tối qua tới giờ mà không thấy cậu trả lời. "
"T19","Sc: Dmi, on phone, msc: Supernova, no sfx, Next: [T20]"," Sorry just been so busy. You know how it is. "," Xin lỗi cậu nhiều, tớ đi làm nên bận mà... "
"T20","Sc: Cassiopeia, on phone, msc: Supernova, sfx: Text_4_vibrate, Next: [D3D-5]","What’s wrong with you? I would think this is a pretty big time to answer your messages! I mean we got the last space jumps of the day! ","Bị khùng rồi hả? Giờ này là giờ nào rồi mà còn lo đi làm không xem tin nhắn! Còn có một đợt nhảy không gian cuối cùng thôi! "
"D3D-5","No Sc, msc: Supernova, no sfx, Next: [D3D-6]","For once I feel tears threaten to fall from my face as I stare at my phone.","Tôi nhìn màn hình điện thoại, những giọt nước mắt chực trào khỏi khóe mi."
"D3D-6","No Sc, msc: Supernova, no sfx, Next: [T21]","I wipe my face. Why am I such a loser? I don’t wanna weigh her down. I’m doing her a favor by not telling her!","Tôi vội lau nước mắt. Sao tôi lại khiến cho bạn mình lo như vậy chứ? Tớ nào muốn cậu vướng bận gì nữa? Tớ giữ im lặng là vì thương cậu mà!"
"T21","Sc: Cassiopeia, on phone, msc: Supernova, no sfx, Next: [DD3-1a]"," Dmi?"," Mi ơi?"
"DD3-1a","No Sc, msc: Supernova, sfx: Smoke_Detector_Beep_2, Next: [DD3-1]","-smoke alarm chirps-","[chuông báo cháy vang lên]"
"DD3-1","Sc: Dmi, msc: Supernova, no sfx, Next: [D3D-7]"," Really? Today of all days?"," Đùa à? Réo đúng hôm nay luôn?"
"D3D-7","No Sc, msc: Supernova, no sfx, Next: [D3D-8]","You’d think after all this time smoke alarms wouldn’t work the same way as they did hundreds of years ago.","Khó mà tin được cái chuông báo cháy hàng trăm năm tuổi này vẫn réo được thật to y như lúc mới mua."
"D3D-8","No Sc, msc: Supernova, no sfx, Next: [AD1a]","I tune it out as I busy myself with my normal routine. Cleaning waiting more cleaning and more waiting. ","Tôi làm ngơ tiếng chuông báo cháy rồi lại khiến mình bận rộn với công việc thường ngày. Lau chùi, chờ đợi, quét dọn, rồi lại ngó trông. "
"AD1a","No Sc, msc: Supernova, sfx: Door_Chime,Door_Open, Next: [AD1]","-door opens and chimes-","[cửa mở, chuông cửa reo]"
"AD1","Sc: Aiyana, msc: Supernova, sfx: ALYANA1, Next: [D3D-9]","Oh wow. You’re actually open. ","Ô kìa. Không ngờ chỗ này còn mở. "
"D3D-9","No Sc, msc: Supernova, no sfx, Next: [D3D-10]","My head whips up from where I was brooming from the already pristine floors.","Tôi ngước đầu lên, rời mắt khỏi cái sàn nhà sạch tinh tươm mà nãy giờ tôi quét đi quét lại."
"D3D-10","No Sc, msc: Supernova, no sfx, Next: [DD3-2]","Xey holds a phone in xeir hand.","Người đó đang cầm điện thoại."
"DD3-2","Sc: Dmi, msc: Supernova, no sfx, Next: [D3D-11]"," Oh hey. Uh what are you doing here? "," À, xin chào quý khách. Quý khách cần gì? "
"D3D-11","No Sc, msc: Supernova, no sfx, Next: [D3D-12]","The person walks towards the counter. I walk behind it just as I usually would.","Vị khách tiến lại quầy thu ngân. Tôi cũng trở lại quầy như mọi khi."
"D3D-12","No Sc, msc: Supernova, sfx: Smoke_Detector_Beep_2, Next: [AD2]","Xey pause as xey look up at the chirping smoke alarm. I watch the gears turn as xey decide to ignore it.","Vị khách khựng lại, nhìn lên chiếc chuông báo cháy đang kêu inh ỏi, ngẫm nghĩ một hồi rồi quyết định mặc kệ."
"AD2","Sc: Aiyana, msc: Supernova, sfx: ALYANA2, Next: [DD3-3]"," I wanted to see if I can get a snack or something. My phone said this place was open. I wanted to grab something before going back home to Earth. "," Tôi muốn mua chút đồ ăn vặt. Tôi tìm trên điện thoại thì thấy còn chỗ này mở cửa nên tính ghé qua mua đại thứ gì đó rồi về lại Trái Đất. "
"DD3-3","Sc: Dmi, msc: Supernova, no sfx, Next: [D3D-13]"," Earth?"," Trái Đất à?"
"D3D-13","No Sc, msc: Supernova, no sfx, Next: [AD3]","Earth isn’t a planet you hear too often when it came to human inhabitants. Despite the supernova, Earth has already been deemed unfavorable for living compared to anywhere else.","Thời nay người ta ít khi nhắc đến Trái Đất như một nơi sinh sống của loài người. Trước khi có tin về vụ nổ siêu tân tinh thì môi trường sống ở đó đã khắc nghiệt hơn ở mọi hành tinh khác rồi."
"AD3","Sc: Aiyana, msc: Supernova, sfx: ALYANA3, Next: [AD4]"," Yeah some people actually still live there. "," Nhưng không phải là không có người ở. "
"AD4","Sc: Aiyana, msc: Supernova, sfx: ALYANA1, Next: [D3D-14]"," and by some people I mean me."," Chẳng hạn như có mỗi tôi ở này."
"D3D-14","No Sc, msc: Supernova, no sfx, Next: [DD3-4]","I chuckle.","Tôi bật cười nhẹ."
"DD3-4","Sc: Dmi, msc: Supernova, no sfx, Next: [AD5]"," Well what are you looking for? I can help you pick out something. "," Vậy quý khách muốn mua gì ấy? Hay để em chọn cho. "
"AD5","Sc: Aiyana, msc: Supernova, sfx: ALYANA3, Next: [AD6]","Well to be honest…I don’t really care. What do you think is good? ","Giờ này thì... món nào chẳng được. Cậu lựa giúp tôi nhé? "
"AD6","Sc: Aiyana, msc: Supernova, sfx: Alyana_Short, Next: [AD6b]","I’ll take anything.","Cái gì tôi cũng lấy."
"AD6b","No Sc, msc: Supernova, no sfx, Next: [TDP10-1]","Select an item in the shop","Hãy chọn một sản phẩm trong tiệm"
"AD6b-Option-1","No Sc, msc: Supernova, no sfx, Next: [TDP10-1]","","AD6b-Option-1
"
"AD6b-Option-2","No Sc, msc: Supernova, no sfx, Next: [TDP10-1]AD6b-Option-2","","AD6b-Option-2
"
"TDP10-1","Sc: Aiyana, msc: Supernova, sfx: ALYANA1, Next: [TDP10-2]","Hmm don’t think I’ve tried this before. ","Món này lạ nhỉ. "
"TDP10-2","Sc: Aiyana, msc: Supernova, sfx: Alyana_Short, Next: [TDP10-3]"," How many luncos is it?"," Bao nhiêu tiền thế?"
"TDP10-3","Sc: Dmi, msc: Supernova, no sfx, Next: [TDP10-4]","I’d be crazy to make this company richer by charging you.","Giờ này mà em vẫn đòi quý khách trả tiền thì chắc cũng ""mát"" lắm rồi."
"TDP10-4","Sc: Aiyana, msc: Supernova, sfx: Alyana_Short, Next: [TDP10-4a]"," Just checking."," Tôi hỏi cho chắc thôi."
"TDP10-4a","Sc: Aiyana, msc: Supernova, sfx: ALYANA1, Next: [TDP10-5]"," So what possessed you to clock in when you could be at home or better yet at the Space Port on your way out of here? "," Cơ mà điều gì đã khiến cậu đi làm chứ không nghỉ ngơi tại gia hay ra Trạm Vũ Trụ tìm đường thoát thân vậy? "
"TDP10-5","Sc: Dmi, msc: Supernova, no sfx, Next: [TDP10-6]"," Just a coward who thinks working at a gas station is more comfortable than confronting my problems head-on."," Vì em là một kẻ hèn nhát, chỉ biết bám víu vào công việc ở trạm xăng để chạy trốn khỏi những vấn đề của chính mình thôi."
"TDP10-6","Sc: Dmi, msc: Supernova, no sfx, Next: [TDP10-7]"," What about you?"," Còn quý khách thì sao?"
"TDP10-7","No Sc, msc: Supernova, no sfx, Next: [TDP10-8]","Xey let out a bitter laugh.","Vị khách ấy nở một nụ cười ngậm ngùi."
"TDP10-8","Sc: Aiyana, msc: Supernova, sfx: Alyana_Short, Next: [TDP10-9]"," I stayed behind."," Tôi thì chọn ở lại."
"TDP10-9","Sc: Aiyana, msc: Supernova, sfx: ALYANA2, Next: [TDP10-10]"," You might think it's stupid but I want to stay with the Earth in its final moments. "," Nói ra chắc cậu nghĩ đầu óc tôi có vấn đề, nhưng tôi muốn ở bên Trái Đất vào những phút cuối cùng của nó. "
"TDP10-10","Sc: Aiyana, msc: Supernova, sfx: ALYANA1, Next: [TDP10-11]","Everyone left it behind and I just don’t want to do the same. I did too much for that floating rock in space. I tried my best. ","Người ta bỏ nó đi hết rồi, nhưng tôi không muốn vậy. Tôi dành cả đời mình cho cái hòn đất ấy rồi. Tôi đã cố hết sức để gìn giữ nó. "
"TDP10-11","Sc: Dmi, msc: Supernova, no sfx, Next: [TDP10-12]","You’re just going to get sent to hell with it?","Cả khi phải hy sinh mạng sống của mình sao?"
"TDP10-12","Sc: Aiyana, msc: Supernova, sfx: ALYANA2, Next: [TDP10-13]"," That does make it sound cooler when you say it like that."," Cậu nói chuyện cứ như tôi là kẻ tử vì đạo ấy."
"TDP10-13","Sc: Dmi, msc: Supernova, no sfx, Next: [TDP10-14]","I don’t really think it's stupid.","Em thấy ra đi như vậy đâu hề vô nghĩa."
"TDP10-14","Sc: Dmi, msc: Supernova, no sfx, Next: [TDP10-15]","What's your name? Might as well ask while we’re here.","Mà quý khách tên gì ấy? Dù gì cũng ít có dịp gặp nhau."
"TDP10-15","Sc: Aiyana, msc: Supernova, sfx: ALYANA3, Next: [TDP10-16]"," It's Aiyana. Nothing special to it."," Tôi tên Aiyana. Cái tên đơn giản vậy thôi."
"TDP10-16","No Sc, msc: Supernova, no sfx, Next: [TDP10-17]","Xey look at my name tag. I see as xeir eyes look back down to double check.","Vị khách nhìn vào bảng tên của tôi, rồi lại liếc nhìn một lần nữa cho kỹ."
"TDP10-17","Sc: Aiyana, msc: Supernova, sfx: Alyana_Short, Next: [TDP10-18]"," Thanks for the free stuff Dmi. "," Cảm ơn cậu đã đãi tôi lần này nhé, Mi. "
"TDP10-18","Sc: Dmi, msc: Supernova, no sfx, Next: [TDP10-19]"," It's no problem. Just enjoy it. Thanks for being my last customer."," Ấy, xin đừng khách sáo. Cảm ơn quý khách đã làm khách hàng cuối cùng của em."
"TDP10-19","Sc: Aiyana, msc: Supernova, sfx: ALYANA1, Next: [TDP10-20]","For what it's worth I think they deserve to know. There isn’t much time left. ","Còn ai quan trọng trong đời thì nên trải lòng cho người ta biết nhé. Cũng sắp đến lúc rồi. "
"TDP10-20","Sc: Aiyana, msc: Supernova, sfx: ALYANA3, Next: [TDP10-21]","I don’t think anyone should go out with regrets.","Chẳng ai muốn chết khi lòng còn trĩu nặng ưu phiền đâu."
"TDP10-21","No Sc, msc: Supernova, no sfx, Next: [TDP10-22]","Xey go over to the door.","Vị khách tiến về phía cửa."
"TDP10-22","Sc: Aiyana, msc: Supernova, sfx: ALYANA2, Next: [TDP10-22b]","Also take out the batteries in that smoke alarm. You don’t have to be in hell already jeez. ","Với lại tháo pin cái chuông báo cháy ra đi. Nãy giờ tôi tưởng mình xuống địa ngục rồi đó. "
"TDP10-22b","No Sc, msc: Supernova, sfx: Door_Chime,Door_Close, Next: [D3D-15a]","-door opens and closes with a chime-","[cửa mở rồi lại đóng, chuông cửa reo lên]"
"D3D-15a","No Sc, msc: Supernova, no sfx, Next: [D3D-15]","I grab my broom and give the smoke alarm a solid SMACK.","Tôi cầm lấy cây chổi mà thúc mạnh vào cái chuông báo cháy."
"D3D-15","No Sc, msc: Supernova, no sfx, Next: [D3D-16]","The thing falls to the ground. Aiyana was right about how annoying the noise is when you’re not ignoring it.","Cái chuông rơi xuống sàn. Aiyana nói đúng, người bình thường có ai chịu được cái tiếng đinh tai nhức óc này đâu."
"D3D-16","No Sc, msc: Supernova, no sfx, Next: [D3D-16b]","Time passes.","Thời gian trôi lặng thinh."
"D3D-16b","No Sc, msc: Supernova, sfx: Text_1, Next: [PON-1,POP-1]","-phone chimes-","[chuông điện thoại reo]"
"D3D-16b-Option-1","No Sc, msc: Supernova, sfx: Text_1, Next: [PON-1,POP-1]","","DD1-27b-Option-1
"
"D3D-16b-Option-2","No Sc, msc: Supernova, sfx: Text_1, Next: [PON-1,POP-1]D3D-16b-Option-2","","D3D-16b-Option-2
"
"PON-1","No Sc, msc: BracingForImpact, no sfx, Next: [PON-2]","It's Cassiopeia.","Lại là cậu ấy."
"PON-2","No Sc, msc: BracingForImpact, no sfx, Next: [PON-3]","I pick up my phone but put it back down.","Tôi nhấc điện thoại lên rồi lại úp xuống."
"PON-3","Sc: Dmi, msc: BracingForImpact, no sfx, Next: [PON-4]"," Sorry Cassie. Just focus on getting out of here."," Xin lỗi Tiên. Cậu phải quên mình đi."
"PON-4","No Sc, msc: BracingForImpact, no sfx, Next: [PON-5]","A sinking feeling forms in my stomach as I realize she stopped because its time for her to make her space jump.","Lòng tôi quặn thắt khi nhận ra cậu ấy không nhắn thêm tin nào nữa. Đã tới giờ thực hiện bước nhảy không gian cuối cùng."
"PON-5","No Sc, msc: BracingForImpact, no sfx, Next: [PON-6]","She gave up.","Cậu ấy bỏ tôi lại rồi."
"PON-6","No Sc, msc: BracingForImpact, no sfx, Next: [PON-7]","I thought I could handle this.","Tôi cứ nghĩ chuyện chẳng có gì đâu."
"PON-7","No Sc, msc: BracingForImpact, no sfx, Next: [PON-8]","I thought I would be fine.","Tôi cứ nghĩ mình sẽ thấy bình thường thôi."
"PON-8","No Sc, msc: BracingForImpact, no sfx, Next: [PON-9]","Maybe it would have been better to just tell her. She must have cared if she wanted to speak to me so badly.","Chắc cậu ấy lo cho mình lắm nên mới muốn mình nhắn lại ngay. Đáng lẽ mình phải nói ra cho xong."
"PON-9","No Sc, msc: BracingForImpact, no sfx, Next: [PON-10]","I pull up a chair next to the window and take a seat.","Tôi bắc ghế ra gần cửa sổ rồi ngồi xuống."
"PON-10","No Sc, msc: Supernova, no sfx, Next: [PON-11]","Cosmic Fuel the place to fill to your heart’s content… ","""Trạm Xăng Hoàn Vũ - nơi con tim được đong đầy"" "
"PON-11","No Sc, msc: Supernova, no sfx, Next: [PON-12]","Now it is the place where my heart feels the most empty. ","Trớ trêu thay, đây lại là nơi mà trái tim tôi cảm thấy trống rỗng nhất. "
"PON-12","No Sc, msc: BracingForImpact, no sfx","I’m an idiot.","Đúng là dở hơi mà."
"POP-1","No Sc, msc: Supernova, no sfx, Next: [POP-2]","It's time to stop beating around the bush.","Phải nói ra sự thật."
"POP-2","Sc: Cassiopeia, on phone, msc: Supernova, sfx: Text_4_vibrate, Next: [POP-3]","Dmi you’re actually scaring me. Why aren’t you answering? ","Mi ơi, sao tự nhiên im lặng vậy? Đừng làm tớ sợ mà. "
"POP-3","Sc: Dmi, on phone, msc: Supernova, no sfx, Next: [POP-4]","I can’t go to the Space Port.","Tớ không được ra Trạm Vũ Trụ."
"POP-4","No Sc, msc: Supernova, no sfx, Next: [POP-5]","Silence.","Không một chút động tĩnh."
"POP-5","Sc: Cassiopeia, on phone, msc: Supernova, sfx: Text_4_vibrate, Next: [POP-6]"," Are u at home?"," Ở nhà hả?"
"POP-6","Sc: Dmi, on phone, msc: Supernova, no sfx, Next: [POP-7]"," No."," Không."
"POP-7","No Sc, msc: Supernova, no sfx, Next: [POP-8]","Silence.","Không một chút động tĩnh."
"POP-8","Sc: Cassiopeia, on phone, msc: Supernova, sfx: Text_4_vibrate, Next: [POP-9]"," Give me a few minutes."," Ở yên đó."
"POP-9","Sc: Dmi, on phone, msc: Supernova, no sfx, Next: [POP-10]"," What"," Hả?"
"POP-10","No Sc, msc: Supernova, no sfx, Next: [POP-11]","Cassiopeia stops replying.","Tiên không nhắn gì nữa."
"POP-11","No Sc, msc: Supernova, no sfx, Next: [POP-12]","I stare at my phone before typing a few more replies.","Tôi nhìn màn hình một lúc rồi nhắn thêm vài câu."
"POP-12","No Sc, msc: Supernova, no sfx, Next: [POP-13]","Nothing.","Bên kia vẫn im lặng."
"POP-13","No Sc, msc: Supernova, no sfx, Next: [POP-14]","Is she mad at me? I know this has gotta take the prize for one of the worst things to ever tell someone.","Cậu ấy giận mình rồi sao? Cũng phải, chuyện như vậy mà phải đến sát nút mình mới chịu nói."
"POP-14","No Sc, msc: Supernova, no sfx, Next: [POP-15]","Crap.","Chết thật."
"POP-15","No Sc, msc: Supernova, no sfx, Next: [POP-16]","I should have just come clean earlier. Of course she’s not going to take this well. WHO WOULD? ","Lẽ ra mình phải nói sớm hơn. Cậu ấy sao mà chịu được một cú sốc như vậy? LÀ MÌNH MÌNH CÓ CHỊU ĐƯỢC KHÔNG? "
"POP-16","No Sc, msc: Supernova, no sfx, Next: [POP-16b]","I place my face in my hands and groan. For some reason the entire universe has been shooting me signs to just come clean and here I am a few hours from Doomsday and I just-- ","Tôi đặt hai tay lên mặt mà rên rỉ. Vũ trụ đã mấy lần gửi tín hiệu cho tôi phải mở miệng cho sớm, vậy mà đến tận lúc chỉ còn vài tiếng nữa thì tôi mới chịu—  "
"POP-16b","No Sc, msc: Supernova, sfx: Door_Chime,Door_Open, Next: [POP-17]","-door opens and chimes-","[cửa mở, chuông cửa reo]"
"POP-17","Sc: Dmi, msc: Supernova, no sfx, Next: [POP-18]"," Huh?"," Ơ?"
"POP-18","No Sc, msc: BracingForImpact, no sfx, Next: [POP-19]","Every atom in my body freezes as I look at the panting figure standing in the doorway.","Cả thân thể tôi như sững lại trước dáng vẻ quen thuộc đang thở hổn hển ngay lối vào."
"POP-19","Sc: Dmi, msc: BracingForImpact, no sfx, Next: [POP-20]","C-Cassiopeia…?","T-Tiên...?"
"POP-20","Sc: Cassiopeia, msc: BracingForImpact, sfx: CASS1, Next: [POP-21]","You don’t know how hard it was for me to get here in the time I had left.","Cậu biết tớ phóng nhanh cỡ nào mới tới đây được không?"
"POP-21","No Sc, msc: BracingForImpact, no sfx, Next: [POP-22]","She punches me immediately.","Cậu ấy thụi cho tôi một cú."
"POP-22","Sc: Dmi, msc: BracingForImpact, no sfx, Next: [POP-23]"," Ow! Cassie!"," Ấy, đau tớ, Tiên!"
"POP-23","No Sc, msc: BracingForImpact, no sfx, Next: [POP-24]","She punches me again.","Cậu ấy thụi tôi lần nữa."
"POP-24","Sc: Cassiopeia, msc: BracingForImpact, sfx: CASS2, Next: [POP-25]","Don’t “Ow” me! YOU WOULD PICK NOW OUT OF ALL TIMES TO TELL ME YOU WEREN’T ABLE TO GET CLEARED FOR A SPACE JUMP?","Cậu cũng biết đau à! LÀM CÁI GÌ MÀ PHẢI ĐỂ TỚI GIỜ NÀY MỚI NÓI TỚ BIẾT CẬU KHÔNG ĐỦ ĐIỀU KIỆN NHẢY KHÔNG GIAN HẢ?"
"POP-25","No Sc, msc: BracingForImpact, no sfx, Next: [POP-26]","She’s fuming understandably so. ","Cậu ấy nổi cơn tam bành cũng phải thôi. "
"POP-26","Sc: Dmi, msc: BracingForImpact, no sfx, Next: [POP-27]","I’m sorry! I didn’t want you to worry about me!","Tớ xin lỗi! Tớ sợ đi cùng chỉ làm vướng chân cậu mà thôi!"
"POP-27","Sc: Dmi, msc: BracingForImpact, no sfx, Next: [POP-28]","Also things just weren’t the best. I…didn’t see how things would get better even if I found a way to go. ","Với lại đời tớ xưa nay vẫn vậy... Có tìm được cách thoát khỏi đây thì tớ cũng không biết có phất lên nổi không. "
"POP-28","No Sc, msc: BracingForImpact, no sfx, Next: [POP-29]","Cassiopeia relaxes.","Tiên thả lỏng người."
"POP-29","Sc: Cassiopeia, msc: BracingForImpact, sfx: Cassie_Short, Next: [POP-30]"," Is anyone else here?"," Ở đây còn ai không?"
"POP-30","Sc: Dmi, msc: BracingForImpact, no sfx, Next: [POP-31]"," It's just me."," Còn tớ thôi."
"POP-31","Sc: Cassiopeia, msc: BracingForImpact, sfx: CASS4, Next: [POP-32]"," Do you guys sell Chai here?"," Còn trà Masala Chai không?"
"POP-32","No Sc, msc: BracingForImpact, no sfx, Next: [POP-33a]","Chai has always been Cassiopeia’s choice for an end-of-the-world drink. We’ve had too many late-night “What-if?” conversations for me to not remember.","Chúng tôi đã có nhiều đêm tâm sự về những tình huống ""nếu có ngày"", và lần nào hỏi về món đồ uống cuối cùng trước khi thế giới tan biến thì cậu ấy cũng chọn trà Masala Chai."
"POP-33a","Sc: Dmi, msc: BracingForImpact, sfx: , Next: [POP-33]","I’ll get that for you.","Để tớ pha cho."
"POP-33","Sc: Cassiopeia, msc: BracingForImpact, sfx: Cassie_Short, Next: [POP-34]"," Thanks Dmi."," Cảm ơn cậu."
"POP-34","No Sc, msc: BracingForImpact, no sfx, Next: [POP-35]","I change the settings of the hot drink machine to Chai and watch as the warm drink pours into the cup.","Tôi bấm nút trà Chai trên máy pha nước nóng rồi nhìn dòng nước nóng hổi chảy vào trong cốc."
"POP-35","No Sc, msc: BracingForImpact, no sfx, Next: [POP-36]","I place the cup down on the counter in front of me and push it toward her.","Tôi đặt một cái cốc lên quầy thu ngân trước mặt rồi đẩy về phía cậu ấy."
"POP-36","Sc: Cassiopeia, msc: BracingForImpact, sfx: Cassie_Short, Next: [POP-37]"," Dmi come. "," Mi lại đây đi. "
"POP-37","No Sc, msc: BracingForImpact, no sfx, Next: [POP-38]","She moves over to the window with her Chai in hand. I grab my chair and an extra from behind the counter and drag them over to her.","Cậu ấy cầm cốc trà Chai rồi bước về phía cửa sổ. Tôi kéo ghế của mình với một cái ghế nữa dưới quầy lại chỗ cậu ấy."
"POP-38","No Sc, msc: BracingForImpact, no sfx, Next: [POP-38b]","She takes a long sip of her drink before sitting down.","Cậu đứng đó, nhâm nhi cốc trà một hồi rồi mới ngồi xuống."
"POP-38b","No Sc, msc: BracingForImpact, sfx: Smoke_Detector_Beep_2, Next: [POP-39]","-smoke alarm chirps-","[chuông báo cháy vang lên]"
"POP-39","No Sc, msc: BracingForImpact, no sfx, Next: [POP-40]","Cassiopeia searches for the sound. I grab a nearby broom.","Khi Tiên còn đang ngơ ngác thì tôi đã chộp lấy cây chổi gần đó."
"POP-40","Sc: Dmi, msc: BracingForImpact, no sfx, Next: [POP-41]"," Give me a second."," Để tớ."
"POP-41","No Sc, msc: BracingForImpact, no sfx, Next: [POP-42]","I land a solid SMACK at the smoke alarm and watch as it falls to pieces.","Tôi vụt thật mạnh vào cái chuông báo cháy rồi nhìn nó vỡ tan tành."
"POP-42","No Sc, msc: BracingForImpact, no sfx, Next: [POP-43]","Cassiopeia doesn’t say a word as I bring myself next to her.","Tôi xích lại gần Tiên, nhưng cậu ấy không nói một lời."
"POP-43","Sc: Cassiopeia, msc: BracingForImpact, sfx: Cassie_Short, Next: [POP-44]","As I was saying…","Như nãy tớ có nói..."
"POP-44","Sc: Cassiopeia, msc: BracingForImpact, sfx: CASS4, Next: [POP-45]"," Did you ever think about what happens after the supernova if you never told me?"," Nếu cậu cứ giấu chuyện như vậy thì sau khi vụ nổ xảy ra cậu biết tớ sẽ làm gì không?"
"POP-45","Sc: Dmi, msc: BracingForImpact, no sfx, Next: [POP-46]","You’d carry on without me. Probably. Cassie you’re not even going to make it back in time! ","Thì chắc cậu sẽ... sống tiếp mà không cần tớ. Nhưng cậu ngồi đây thì sao mà quay lại kịp! "
"POP-46","No Sc, msc: BracingForImpact, no sfx, Next: [POP-47]","Cassiopeia doesn’t answer. She takes another sip of her cheap gas station Chai.","Tiên không nói gì. Cậu ấy nuốt thêm một ngụm trà Masala Chai giá rẻ của trạm xăng."
"POP-47","Sc: Cassiopeia, msc: BracingForImpact, sfx: CASS3, Next: [POP-48]","Nice try. Dmi you’re one of the most important people to me. ","Cậu chưa hiểu rồi. Mi à, cậu là một trong những người quan trọng nhất đời tớ. "
"POP-48","Sc: Cassiopeia, msc: BracingForImpact, sfx: CASS1, Next: [POP-49]","I’m here because I want to be here with you!","Tớ đến tận đây là vì muốn ở bên cậu!"
"POP-49","Sc: Dmi, msc: BracingForImpact, no sfx, Next: [POP-50]"," Cass--"," Tiên—"
"POP-50","Sc: Cassiopeia, msc: BracingForImpact, sfx: CASS2, Next: [POP-51]"," You have been giving me the slip for days and I knew something was up!"," Bữa giờ cậu cứ làm ngơ tin nhắn của tớ nên tớ đã nghi có chuyện gì rồi!"
"POP-51","No Sc, msc: BracingForImpact, no sfx, Next: [POP-52]","Tears well up in my eyes. I can’t help it.","Đôi mắt tôi sưng húp và ướt đẫm. Tôi không kiềm được."
"POP-52","Sc: Cassiopeia, msc: BracingForImpact, sfx: Cassie_Short, Next: [POP-53]","Dmi? Come on…","Mi ơi? Thôi đừng khóc mà..."
"POP-53","No Sc, msc: BracingForImpact, no sfx, Next: [POP-54]","She takes me into her arms before she wipes at my tears. She holds my face in her hands. I can’t pinpoint the emotion I see in her face.","Cậu ấy đón tôi vào lòng rồi lau nước mắt cho tôi. Hai bàn tay cậu ôm lấy khuôn mặt tôi. Tôi không hiểu gương mặt cậu ấy đang thể hiện cảm xúc gì."
"POP-54","No Sc, msc: BracingForImpact, no sfx, Next: [POP-55]","Was it pity?","Là sự thương hại chăng?"
"POP-55","Sc: Cassiopeia, msc: BracingForImpact, sfx: CASS1, Next: [POP-56]","I want to be here with you. Don’t cry.","Tớ quay lại đây là vì cậu, nên đừng khóc."
"POP-56","No Sc, msc: BracingForImpact, no sfx, Next: [POP-57]","…love? Was that it?","Cảm xúc ấy là... sự yêu thương sao?"
"POP-57","Sc: Dmi, msc: BracingForImpact, no sfx, Next: [POP-58]"," I wish we had more time. I wish we could have done more things together or had a chance to just live in another galaxy. Or at least you should be able to leave-- "," Giá như tụi mình có thêm thời gian bên nhau nhỉ. Giá như tớ với cậu đã cùng làm được nhiều thứ hơn, hay được sống bên nhau ở một vũ trụ nào khác này. Giờ đây tớ chỉ ước là cậu đã đến nơi bình an— "
"POP-58","No Sc, msc: BracingForImpact, no sfx, Next: [POP-59]","Cassiopeia wipes at my tears some more. I see her own tears threaten to fall.","Tiên lại lau hàng nước mắt của tôi. Những giọt nước trong đôi mắt cậu cũng chực trào."
"POP-59","Sc: Cassiopeia, msc: BracingForImpact, sfx: CASS3, Next: [POP-60]","I don’t want to leave without you.","Không có cậu, tớ đi làm gì?"
"POP-60","No Sc, msc: BracingForImpact, no sfx, Next: [POP-60b]","I wipe at my own tears.","Tôi tự lau nước mắt mình."
"POP-60b","No Sc, msc: BracingForImpact, sfx: Text_1, Next: [TPOP-1]","-phone chimes-","[chuông điện thoại reo]"
"TPOP-1","No Sc, on phone, msc: BracingForImpact, no sfx, Next: [POP-61]","SUPERNOVA IMMINENT. EVACUATE IMMEDIATELY.","MẶT TRỜI SẮP PHÁT NỔ. VUI LÒNG DI TẢN NGAY LẬP TỨC."
"TPOP-2"," ""added missing string""","!!! DEIMOS MOON WARNING !!!","!!! CẢNH BÁO PHÁT ĐI TỪ TRĂNG DEIMOS !!!"
"POP-61","Sc: Dmi, msc: BracingForImpact, no sfx, Next: [POP-62]","A little late for that isn’t it?","Cũng hơi trễ rồi ha?"
"POP-62","No Sc, msc: BracingForImpact, no sfx, Next: [POP-63]","I scoot my chair closer to Cassiopeia. She’s a beacon in this time where I thought I would be alone.","Tôi nhích ghế lại gần Tiên. Cậu như ngôi sao trong bầu trời đêm, thắp sáng cuộc đời lẻ loi của tôi."
"POP-63","No Sc, msc: BracingForImpact, no sfx, Next: [POP-64]","I didn’t think I would be ready for this. I still don’t think I am.","Tôi biết chuyện gì rồi sẽ đến nhưng vẫn chưa thực sự sẵn sàng."
"POP-64","No Sc, msc: BracingForImpact, no sfx, Next: [POP-65]","Cassiopeia takes my hand and smiles as she gives it a squeeze.","Tiên cầm lấy tay tôi, mỉm cười và nắm thật chặt."
"POP-65","No Sc, msc: BracingForImpact, no sfx, Next: [POP-66]","Okay…","Cậu ấy..."
"POP-66","No Sc, msc: BracingForImpact, no sfx, Next: [POP-67]","Alright…","Mình..."
"POP-67","Sc: Dmi, msc: BracingForImpact, no sfx, Next: [POP-68]","Thank you Cassie. ","Cảm ơn cậu nha Tiên. "
"POP-68","No Sc, msc: BracingForImpact, no sfx, Next: [POP-69]","She chuckles somehow she’s still smug even now. ","Cậu ấy cười khúc khích như hiểu ý tôi lắm. "
"POP-69","Sc: Cassiopeia, msc: BracingForImpact, sfx: Cassie_Short, Next: [POP-70]"," I love you too Dmi. "," Tớ cũng yêu cậu lắm, Mi à. "
"POP-70","No Sc, msc: BracingForImpact, no sfx, Next: [POP-71]","I return her laugh as our world goes white.","Tôi nở một nụ cười đáp lại, và vũ trụ cũng nở một nụ cười trắng xóa."
"POP-71","No Sc, msc: BracingForImpact, no sfx","I was never really alone.","Hóa ra tôi chưa bao giờ là kẻ cô đơn."
