"context","location","source","target"
"No Sc, msc: SupernovaAlt, no sfx, Next: [O2]","O1","The Solar System. We all know it well. Home to an indescribable number of lifeforms across each planet.","Ah, notre bon vieux Système solaire. Le foyer d'un nombre incalculable de formes de vies éparpillées sur chaque planète."
"No Sc, msc: SupernovaAlt, no sfx, Next: [O3]","O2","That doesn’t matter much anymore. The Solar System is reaching its end and our Sun is reaching the end of its days. From Mercury to Uranus (Justice for Pluto) people are evacuating to escape the incoming supernova.","Bientôt, tout ça n'aura plus d'importance. La fin est proche pour notre Système solaire, et notre Soleil est au crépuscule de sa vie. De Mercure jusqu'à Uranus (justice pour Pluton !), les gens évacuent pour échapper à la supernova imminente."
"No Sc, msc: SupernovaAlt, no sfx, Next: [O4]","O3","and I’m clocking in.","Et moi, je pointe à mon poste."
"No Sc, msc: SupernovaAlt, no sfx, Next: [O5a]","O4","It's a slow day. Not that it wasn’t expected or anything. A lot of people have evacuated already, or they just want to spend their money elsewhere besides our dingy gas station. ","C'est calme, aujourd'hui. Il faut dire que je m'y attendais : beaucoup de gens ont déjà évacué, ou préfèrent juste dépenser leur argent ailleurs que dans notre station-service minable. "
"No Sc, msc: SupernovaAlt, sfx: Text_1, Next: [O5b]","O5a","-phone chimes-","- son de notification -"
"No Sc, msc: SupernovaAlt, sfx: , Next: [T1]","O5b","Crap.","Et merde."
"Sc: Cassiopeia, on phone, msc: SupernovaAlt, sfx: Pocket_Swoosh_1, Next: [TDN1-1,TDP1-1]","T1","Hey, did you finish packing?","Salut ! T'as fini de faire tes valises ?"
"Sc: Cassiopeia, on phone, msc: SupernovaAlt, sfx: Pocket_Swoosh_1, Next: [TDN1-1,TDP1-1]","T1-Option-1","Yeah. (Lie)","Ouais. (Mentir)"
"Sc: Cassiopeia, on phone, msc: SupernovaAlt, sfx: Pocket_Swoosh_1, Next: [TDN1-1,TDP1-1]","T1-Option-2","No, I’m at work right now.","Non, je suis au travail, là."
"Sc: Dmi, on phone, msc: SupernovaAlt, no sfx, Next: [TDN1-2]","TDN1-1","Yeah. Just handling some things right now.","Ouais. Je termine juste les préparatifs."
"Sc: Cassiopeia, on phone, msc: SupernovaAlt, sfx: Text_4_vibrate, Next: [TDN1-3]","TDN1-2","Are you home? I can swing by your place to help.","T'es chez toi ? Je peux passer pour t'aider."
"Sc: Dmi, on phone, msc: SupernovaAlt, no sfx, Next: [ROD1-1]","TDN1-3","No, its fine. I’m at work. The grind doesn’t stop.","Non, t'inquiète. Je suis au travail. Pas de repos pour les braves."
"Sc: Dmi, on phone, msc: SupernovaAlt, no sfx, Next: [TDP1-2]","TDP1-1","I’m on the grind right now. I’ll see about that later.","Je suis au travail, là. Je verrai plus tard."
"Sc: Cassiopeia, on phone, msc: SupernovaAlt, sfx: Text_4_vibrate, Next: [TDP1-3]","TDP1-2","Dmi the SUN is gonna explode!?!?!?!","Mais Dmi le SOLEIL va exploser !?!?!?!"
"Sc: Dmi, on phone, msc: SupernovaAlt, no sfx, Next: [ROD1-1]","TDP1-3","Yeah, and my account is gonna overdraft.","Ouais, et je suis presque à découvert sur mon compte."
"Sc: Rob, msc: SupernovaAlt, sfx: Rob_Short, Next: [D1D-1]","ROD1-1","Dmi!","Dmi !"
"No Sc, msc: SupernovaAlt, sfx: PhoneHangUp, Next: [DD1-1]","D1D-1","I jump from my seat and slam my phone onto the side of the counter.","D'un bond, je me lève de mon siège et repose précipitamment mon téléphone sur le côté du comptoir."
"Sc: Dmi, msc: SupernovaAlt, no sfx, Next: [D1D-2]","DD1-1","I wasn’t on my phone!","J'étais pas sur mon téléphone !"
"No Sc, msc: SupernovaAlt, sfx: RobHuff2, Next: [ROD1-2]","D1D-2","Rob huffs.","Rob souffle."
"Sc: Rob, msc: SupernovaAlt, sfx: ROB2, Next: [FOD1-1]","ROD1-2","I’m not your mother. I’m heading out, but I’m gonna leave Flubber with you.","Je suis pas ta mère. Je sors, mais je te laisse Flubber."
"No Sc, msc: SupernovaAlt, sfx: FLUBBER1, Next: [DD1-2]","FOD1-1","Flubber meows","Flubber miaule."
"Sc: Dmi, msc: SupernovaAlt, no sfx, Next: [ROD1-3]","DD1-2","Come on, Rob. What am I? A cat-sitter? and on company time?","Sérieux, Rob ? Je suis pas cat-sitter, moi. Et sur mon temps de travail, en plus ?"
"Sc: Rob, msc: SupernovaAlt, sfx: ROB3, Next: [DD1-3]","ROD1-3","Well, I’ll dock your pay if you don’t!","Si tu refuses, je baisse ta paie !"
"Sc: Dmi, msc: SupernovaAlt, no sfx, Next: [ROD1-4]","DD1-3","Don’t you do that already?","Ma paie est déjà réduite, non ?"
"Sc: Rob, msc: SupernovaAlt, no sfx, Next: [DD1-4]","ROD1-4","...","…"
"Sc: Dmi, msc: SupernovaAlt, no sfx, Next: [ROD1-5]","DD1-4","...","…"
"Sc: Rob, msc: SupernovaAlt, sfx: Rob_Short, Next: [ROD1-6]","ROD1-5","...anyways.","… Bref."
"Sc: Rob, msc: SupernovaAlt, sfx: ROB3, Next: [ROD1-7]","ROD1-6","I gotta help my mom pack, and Flubber likes to play in boxes.","Je dois aider ma mère à faire ses cartons, et Flubber aime trop jouer dans les boîtes."
"Sc: Rob, msc: SupernovaAlt, sfx: ROB2, Next: [FD1-1]","ROD1-7","Besides, she likes you anyway!","En plus, elle t'aime bien !"
"Sc: Flubber, msc: SupernovaAlt, sfx: FLUBBER2, Next: [ROD1-8]","FD1-1","Meow","Miaou."
"Sc: Rob, msc: SupernovaAlt, sfx: Rob_Short, Next: [DD1-5]","ROD1-8","See?","Tu vois ?"
"Sc: Dmi, msc: SupernovaAlt, no sfx, Next: [ROD1-9]","DD1-5","Fine...","C'est d'accord…"
"Sc: Rob, msc: SupernovaAlt, sfx: ROB1, Next: [ROD1-10]","ROD1-9","Thanks! Thats why I always tell people we need more Dmis at Cosmic Fuel!","Merci ! Voilà pourquoi je dis toujours qu'il faut plus de Dmi chez Cosmic Fuel !"
"No Sc, msc: SupernovaAlt, sfx: Door_Chime,Door_Close, Next: [D1D-3]","ROD1-10","-door opens and chimes-","- La porte s'ouvre et le carillon sonne. -"
"No Sc, msc: SupernovaAlt, no sfx, Next: [D1D-4]","D1D-3","Ugh, Rob’s always piling stuff on me like this.","Pff, comme toujours, Rob me refile tout le boulot."
"No Sc, msc: SupernovaAlt, no sfx, Next: [CalderEnter]","D1D-4","I stare at my phone. I shouldn’t leave Cassie hanging…","Mon regard se fixe sur mon téléphone. Je devrais pas mettre un vent à Cassie…"
"No Sc, msc: SupernovaAlt, sfx: Door_Chime,Door_Open, Next: [D1D-5]","CalderEnter","-door opens and chimes-","- La porte s'ouvre et le carillon sonne. -"
"No Sc, msc: SupernovaAlt, no sfx, Next: [D1D-6]","D1D-5","Cassiopeia’s got to wait.","Bon, Cassiopée devra attendre."
"No Sc, msc: SupernovaAlt, no sfx, Next: [DD1-6]","D1D-6","The customer before me nods her head to the beat coming from her headphones. He sizes up the shelves. Almost looks like he has the intention of cleaning out our stock.","La cliente devant moi hoche la tête au rythme de la musique qui retentit dans son casque. Ille examine les étagères avec attention. On dirait presque qu'ille compte vider notre stock."
"Sc: Dmi, msc: SupernovaAlt, no sfx, Next: [CAD-1]","DD1-6","Uh, do you need anything?","Euh, je peux vous aider ?"
"Sc: Calder, msc: SupernovaAlt, sfx: Calder_Short, Next: [D1D-7]","CAD-1","What!?","Quoi !?"
"No Sc, msc: SupernovaAlt, no sfx, Next: [DD1-7]","D1D-7","What type of music is that? R&B? Retro R&B?","C'est quoi, comme musique ? Du R&B ? Du R&B rétro ?"
"Sc: Dmi, msc: SupernovaAlt, no sfx, Next: [CAD-2]","DD1-7","DO YOU NEED ANYTHING?","JE PEUX VOUS AIDER ?"
"Sc: Calder, msc: SupernovaAlt, sfx: CALDER2, Next: [DD1-8]","CAD-2","DO I WHAT? I’M NOT GOOD AT READING LIPS!","DE QUOI ? JE SUIS PAS DOUÉE POUR LIRE SUR LES LÈVRES !"
"Sc: Dmi, msc: SupernovaAlt, no sfx, Next: [CAD-3]","DD1-8","TURN IT DOWN!","BAISSEZ LE VOLUME !"
"Sc: Calder, msc: SupernovaAlt, sfx: Calder_Short, Next: [D1D-8]","CAD-3","Oh!","Oh !"
"No Sc, msc: SupernovaAlt, no sfx, Next: [CAD-4]","D1D-8","She adjusts the volume of her headphones.","Ille ajuste le volume de son casque."
"Sc: Calder, msc: SupernovaAlt, sfx: CALDER1, Next: [CAD-5]","CAD-4","Sorry, I sometimes forget to just turn off the music.","Désolée, parfois j'oublie de couper la musique."
"Sc: Calder, msc: SupernovaAlt, sfx: CALDER3, Next: [DD1-9a,DD1-11a]","CAD-5","Do you have a Doomsday sale going on?","Vous avez des promos spéciales apocalypse, en ce moment ?"
"Sc: Calder, msc: SupernovaAlt, sfx: CALDER3, Next: [DD1-9a,DD1-11a]","CAD-5-Option-1","Doomsday Sale?","Des promos spéciales apocalypse ?"
"Sc: Calder, msc: SupernovaAlt, sfx: CALDER3, Next: [DD1-9a,DD1-11a]","CAD-5-Option-2","Sure, if you just take it.","Bien sûr, prenez ce que vous voulez."
"Sc: Dmi, msc: SupernovaAlt, no sfx, Next: [DD1-9b]","DD1-9a","Doomsday Sale?","Des promos spéciales apocalypse ?"
"Sc: Dmi, msc: SupernovaAlt, no sfx, Next: [CAD-6]","DD1-9b","We’re supposed to have one?","Pourquoi, on devrait ?"
"Sc: Calder, msc: SupernovaAlt, sfx: CALDER2, Next: [D1D-9]","CAD-6","Well, why not? I looked it up on Froogle.","Oui, pourquoi pas ? J'ai vu ça en cherchant sur Froogle."
"No Sc, msc: SupernovaAlt, no sfx, Next: [DD1-10]","D1D-9","I sigh. She’s one of those customers.","Je soupire. Je vois très bien à quel genre de cliente j'ai affaire."
"Sc: Dmi, msc: SupernovaAlt, no sfx, Next: [CAD-9]","DD1-10","Sorry, there are no Doomsday promotions going on. If you cash in with your Cosmic membership that’ll take a few luncos off.","Non, on a pas de promotions spéciales apocalypse. Si vous utilisez votre carte de membre Cosmic, vous économiserez quelques monastrals."
"Sc: Dmi, msc: SupernovaAlt, no sfx, Next: [DD1-11b]","DD1-11a","Sure, if you just take it.","Bien sûr, prenez ce que vous voulez."
"Sc: Dmi, msc: SupernovaAlt, no sfx, Next: [D1D-10]","DD1-11b","It’ll be 100% off then.","Réduction de 100 %."
"No Sc, msc: SupernovaAlt, no sfx, Next: [CAD-7]","D1D-10","Calder’s eyes widen.","Calder écarquille les yeux."
"Sc: Calder, msc: SupernovaAlt, sfx: CALDER1, Next: [D1D-11]","CAD-7","Really? I can just take it?","Sérieux ? C'est gratuit ?"
"No Sc, msc: SupernovaAlt, no sfx, Next: [DD1-12]","D1D-11","Excitement spreads across his face.","Son visage se met à rayonner."
"Sc: Dmi, msc: SupernovaAlt, no sfx, Next: [D1D-12]","DD1-12","No.","Non."
"No Sc, msc: SupernovaAlt, no sfx, Next: [CAD-8]","D1D-12","Her smile fades.","Son sourire s'évanouit."
"Sc: Calder, msc: SupernovaAlt, sfx: Calder_Short, Next: [D1D-13]","CAD-8","Aww man.","Oh…"
"No Sc, msc: SupernovaAlt, sfx: Calder_Grunt3, Next: [CAD-9]","D1D-13","He huffs.","Ille souffle."
"Sc: Calder, msc: SupernovaAlt, sfx: CALDER1, Next: [DD1-13]","CAD-9","Alright then, can I put 400 Luncos on pump 2, and what type of fizzy drinks do you have? You’ve gotta have a 2-for-1 deal here.","Bon, je voudrais mettre 400 monastrals pour la pompe 2, et… vous avez quoi, comme soda ? Vous faites des promos 1 + 1 gratuit ?"
"Sc: Dmi, msc: SupernovaAlt, no sfx, Next: [CalderShopChoice]","DD1-13","Hold on, I think I have something in mind.","Attendez, je crois que j'ai ce qu'il faut."
"No Sc, msc: SupernovaAlt, no sfx, Next: [TDP2-1,TDN2-1]","CalderShopChoice","Select an item in the shop","Sélectionnez un article du magasin."
"No Sc, msc: SupernovaAlt, no sfx, Next: [TDP2-1,TDN2-1]","CalderShopChoice-Option-1","",""
"No Sc, msc: SupernovaAlt, no sfx, Next: [TDP2-1,TDN2-1]CalderShopChoice-Option-2","CalderShopChoice-Option-2","",""
"No Sc, msc: SupernovaAlt, no sfx, Next: [TDP2-2]","TDP2-1","Her eyes light up from the soda in my hand.","Son regard s'illumine à la vue du soda dans ma main."
"Sc: Calder, msc: SupernovaAlt, sfx: CALDER1, Next: [TDP2-3]","TDP2-2","You guys carry Deia Deia Soda!? I have a coupon for those!","Vous avez du Soda Deia Deia !? J'ai un coupon pour ça !"
"No Sc, msc: SupernovaAlt, no sfx, Next: [TDP2-4]","TDP2-3","He pulls out a comically large coupon book and flips through the pages. She passes a coupon with a picture of Deia Deia Soda.","Ille sort un énorme livre de coupons et en feuillette les pages, puis m'en passe un avec l'image d'un Soda Deia Deia."
"Sc: Dmi, msc: SupernovaAlt, no sfx, Next: [TDP2-5a]","TDP2-4","Huh. I guess you do. I’ll ring you up.","Ah ouais, je vois ça. Je vais le scanner."
"No Sc, msc: SupernovaAlt, sfx: CashRegister, Next: [TDP2-5]","TDP2-5a","-register chimes-","- bruit de caisse enregistreuse -"
"Sc: Calder, msc: SupernovaAlt, sfx: CALDER3, Next: [TDP2-6a]","TDP2-5","Thanks!","Merci !"
"No Sc, msc: SupernovaAlt, sfx: Door_Chime,Door_Close, Next: [TDP2-6]","TDP2-6a","-door chimes and closes-","- Le carillon sonne et la porte se referme. -"
"No Sc, msc: SupernovaAlt, no sfx, Next: [D1D-14a]","TDP2-6","The candle-headed alien makes his way out of the gas station. I catch a glimpse of a snazzy-looking ship outside. She’s got good taste.","L'alien à la tête de chandelle quitte la station-service, et j'aperçois un vaisseau super stylé dehors. Ille a du goût."
"No Sc, msc: SupernovaAlt, sfx: FLUBBER1, Next: [D1D-14]","D1D-14a","Flubber meows","Flubber miaule."
"Sc: Calder, msc: SupernovaAlt, sfx: CALDER1, Next: [TDN2-2]","TDN2-1","Uh, this isn’t what I was really looking for.","Euh, c'est pas vraiment ce que je cherche."
"Sc: Calder, msc: SupernovaAlt, sfx: CALDER3, Next: [TDN2-3]","TDN2-2","I’ve gotta go! I almost forgot there is a sale on 5D glasses on Uranus!","Je dois y aller ! J'ai failli oublier qu'il y avait une promo sur les lunettes 5D sur Uranus !"
"No Sc, msc: SupernovaAlt, sfx: Door_Chime,Door_Close, Next: [D1D-14]","TDN2-3","He bolts out of the gas station.","Ille quitte la station-service en trombe."
"No Sc, msc: SupernovaAlt, no sfx, Next: [D1D-15]","D1D-14","Flubber stares, unblinking.","Flubber me fixe sans cligner des yeux."
"No Sc, msc: SupernovaAlt, no sfx, Next: [ZD1a]","D1D-15","She usually does that when she’s happy!","Généralement, ça veut dire qu'elle est contente !"
"No Sc, msc: SupernovaAlt, sfx: Door_Chime,Door_Open, Next: [D1D-16]","ZD1a","-door opens and chimes-","- La porte s'ouvre et le carillon sonne. -"
"No Sc, msc: SupernovaAlt, no sfx, Next: [ZD1]","D1D-16","The cloudy person who enters the gas station yawns loudly. Her badge twinkles under the industrial lights.","La personne nébuleuse qui vient de passer la porte d'entrée bâille audiblement. Son badge scintille sous l'éclairage industriel."
"Sc: Zerua, msc: SupernovaAlt, sfx: ZERUA_SLEEPY1, Next: [ZD1b]","ZD1","I’m starting a new job outside of the solar system. Do you have Zolkan Coffee perchance?","C'est ma première journée à mon nouveau poste en dehors du Système solaire. Est-ce que vous auriez du café zolkien, par hasard ?"
"No Sc, msc: SupernovaAlt, sfx: , Next: [TDP3-1,TDN3-1]","ZD1b","Select an item in the shop","Sélectionnez un article du magasin."
"No Sc, msc: SupernovaAlt, sfx: , Next: [TDP3-1,TDN3-1]","ZD1b-Option-1","",""
"No Sc, msc: SupernovaAlt, sfx: , Next: [TDP3-1,TDN3-1]ZD1b-Option-2","ZD1b-Option-2","",""
"Sc: Zerua, msc: SupernovaAlt, sfx: ZERUA_SLEEPY2, Next: [TDP3-2]","TDP3-1","Oh, my stars! Thank you!","Oh, par les étoiles ! Merci !"
"No Sc, msc: SupernovaAlt, no sfx, Next: [TDP3-3]","TDP3-2","Before the drink sits for more than a nanosecond, it takes a long sip. I don’t think I’ve ever seen anyone down hot coffee that fast before…","Avant que le café n'ait eu le temps de refroidir même une nanoseconde, ul prend une longue gorgée. Je n'avais encore jamais vu quelqu'un boire un café chaud aussi vite…"
"Sc: Zerua, msc: SupernovaAlt, sfx: Zerua_Short, Next: [TDP3-4]","TDP3-3","Ah, that's better.","Ah, ça fait du bien."
"No Sc, msc: SupernovaAlt, no sfx, Next: [TDP3-5]","TDP3-4","I eye their badge and rattle my brain for a topic of conversation.","J'observe son badge tout en me triturant les méninges pour trouver un sujet de conversation."
"Sc: Dmi, msc: SupernovaAlt, no sfx, Next: [TDP3-6]","TDP3-5","Are you a clouditech? I think I’ve seen a badge like that before.","Vous bossez en nébulotech ? Je crois que j'ai déjà vu ce badge quelque part."
"No Sc, msc: SupernovaAlt, no sfx, Next: [TDP3-7]","TDP3-6","It lets out a big smile. It's as if they’ve been waiting for anyone to ask them all day.","Ul me fait un grand sourire, comme si ul attendait justement que quelqu'un lui pose la question."
"Sc: Zerua, msc: SupernovaAlt, sfx: ZERUA_AWAKE2, Next: [TDP3-8]","TDP3-7","Yes! I’m starting a new job architecting artificial clouds! I’ve been looking for a job forever.","Oui ! J'ai un nouveau poste en architecture de nuages artificiels ! J'étais à la recherche d'un emploi depuis des lustres."
"No Sc, msc: SupernovaAlt, no sfx, Next: [TDP3-9]","TDP3-8","She waves her finger above her to-go cup. A mini cloud forms above their cup. Bits of snow sprinkle down. She smiles proudly.","Ul lève un doigt au-dessus de son gobelet à emporter, et un petit nuage se forme. Des flocons de neige miniatures tombent dans le café. Ul sourit fièrement."
"No Sc, msc: SupernovaAlt, no sfx, Next: [TDP3-10]","TDP3-9","I smile too.","Je souris aussi."
"Sc: Dmi, msc: SupernovaAlt, no sfx, Next: [TDP3-11]","TDP3-10","I hope your first day is all you want it to be.","J'espère que votre premier jour sera à la hauteur de vos espérances."
"Sc: Zerua, msc: SupernovaAlt, sfx: ZERUA_AWAKE1,CashRegister, Next: [TDP3-11b]","TDP3-11"," Thank you! Please stay safe leaving the solar system soon! Tallyho!"," Merci ! Faites attention à vous, et quittez vite le Système solaire ! Taïaut !"
"No Sc, msc: SupernovaAlt, sfx: Door_Chime,Door_Close, Next: [D1D-17a]","TDP3-11b","-door chimes and closes-","- Le carillon sonne et la porte se referme. -"
"Sc: Zerua, msc: SupernovaAlt, sfx: ZERUA_SLEEPY1, Next: [TDN3-2]","TDN3-1","This isn’t quite what I’m looking for…","Ce n'est pas exactement ce que je recherche…"
"No Sc, msc: SupernovaAlt, no sfx, Next: [TDN3-3]","TDN3-2","They pull out their phone and notice the time. It seems to wake her up a little, but not much.","Ul sort son téléphone et semble se réveiller un peu en voyant l'heure."
"Sc: Zerua, msc: SupernovaAlt, sfx: ZERUA_AWAKE3, Next: [TDN3-4]","TDN3-3","Oh! Look at the time. I’ll just figure out a way to stay up when I get there! Tallyho, gas station employee!","Oh, vous avez vu l'heure ? Je trouverai bien une façon de garder les yeux ouverts là-bas. Taïaut, employæ de station-service !"
"Sc: Dmi, msc: SupernovaAlt, no sfx, Next: [TDN3-4b]","TDN3-4"," I have a nametag--"," Mon nom est écrit sur mon badge…"
"No Sc, msc: SupernovaAlt, sfx: Door_Chime,Door_Close, Next: [D1D-17a]TDN3-4b","TDN3-4b","-door chimes and closes-","- Le carillon sonne et la porte se referme. -"
"No Sc, msc: SupernovaAlt, sfx: FLUBBER2, Next: [D1D-17]","D1D-17a","Flubber meows","Flubber miaule."
"No Sc, msc: SupernovaAlt, sfx: Flubber_Burp, Next: [D1D-18]","D1D-17","Flubber floats and burps. I smile and give her a pat on the head.","Flubber flotte dans les airs et lâche un rot. Je souris et lui caresse la tête."
"No Sc, msc: SupernovaAlt, no sfx, Next: [D1D-19]","D1D-18","She looks proud of herself.","Elle a l'air fière d'elle."
"No Sc, msc: SupernovaAlt, sfx: Boom_2, Next: [DD1-14]","D1D-19","I jump up from my seat as I hear a boom come from outside.","Je saute de mon siège en entendant le bruit d'une explosion à l'extérieur."
"Sc: Dmi, msc: SupernovaAlt, no sfx, Next: [8D-1a]","DD1-14"," What the hell--!?"," C'est quoi ce bordel !?"
"No Sc, msc: SupernovaAlt, sfx: Door_Chime,Door_Open, Next: [8D-1]","8.0D-1a","-door opens and chimes-","- La porte s'ouvre et le carillon sonne. -"
"Sc: 8008, msc: SupernovaAlt, sfx: 80008_Short, Next: [DD1-15]","8.0D-1","Sup.","S'lut."
"Sc: Dmi, msc: SupernovaAlt, no sfx, Next: [D1D-20]","DD1-15","Uh, sup? What was that?","Euh, salut ? C'était quoi, ça ?"
"No Sc, msc: SupernovaAlt, no sfx, Next: [8D-2]","D1D-20","He ignores me and his eyes- er...screen look up.","Il ignore ma question et lève les yeux… ou plutôt l'écran vers moi."
"Sc: 8008, msc: SupernovaAlt, sfx: 80008_2, Next: [DD1-16]","8.0D-2","What was what?","De quoi vous parlez ?"
"Sc: Dmi, msc: SupernovaAlt, no sfx, Next: [8D-3]","DD1-16","The boom?","De l'explosion ?"
"Sc: 8008, msc: SupernovaAlt, sfx: 80008_Short, Next: [DD1-17]","8.0D-3","What boom?","Quelle explosion ?"
"Sc: Dmi, msc: SupernovaAlt, no sfx, Next: [DD1-18]","DD1-17","The-- okay.","L'ex… Laissez tomber."
"Sc: Dmi, msc: SupernovaAlt, no sfx, Next: [D1D-21]","DD1-18","Do you need something?","Vous avez besoin de quelque chose ?"
"No Sc, msc: SupernovaAlt, sfx: 80008_hum2, Next: [8D-4]","D1D-21","A low hum comes from his circuits. He’s thinking.","Ses circuits émettent un léger bruit. Il réfléchit."
"Sc: 8008, msc: SupernovaAlt, sfx: 80008_1, Next: [D1D-22]","8.0D-4","You sell any Arinator brand stuff here? That one made by that smoking cyborg from outta the solar system?","Vous vendez des produits Arinator ici ? Vous savez, la marque de cette cyborg super canon qui vient d'ailleurs ?"
"No Sc, msc: SupernovaAlt, no sfx, Next: [DD1-19]","D1D-22","I’ve heard of Arinator probably. Cassiopeia’s a big fan of singers. Though something was kind of funny about this guy’s desperation. ","J'ai sûrement déjà entendu parler d'Arinator. Cassiopée est très fan d'artistes musicaux. Par contre, ce mec sent le désespoir à plein nez. "
"Sc: Dmi, msc: SupernovaAlt, no sfx, Next: [8D-5]","DD1-19","I mean, I can check to see what we got.","Je peux aller voir ce qu'on a."
"Sc: 8008, msc: SupernovaAlt, sfx: 80008_3, Next: [8D-5b]","8.0D-5","Sweet! I’ll also be putting 700 luncos on pump 2.","Génial ! Je vais aussi mettre 700 monastrals sur la pompe 2."
"No Sc, msc: SupernovaAlt, sfx: , Next: [TDP4-1,TDN4-1]","8.0D-5b","Select an item in the shop","Sélectionnez un article du magasin."
"No Sc, msc: SupernovaAlt, sfx: , Next: [TDP4-1,TDN4-1]","8D-5b-Option-1","",""
"No Sc, msc: SupernovaAlt, sfx: , Next: [TDP4-1,TDN4-1]8D-5b-Option-2","8D-5b-Option-2","",""
"Sc: 8008, msc: SupernovaAlt, sfx: 80008_1, Next: [TDP4-5]","TDP4-1","Yes! Arinator’s limited edition Mint choco paste? I thought this was sold out everywhere!","Ouah ! Du dentifrice Arinator édition limitée goût choco-menthe ? Je le croyais en rupture de stock partout !"
"Sc: Dmi, msc: SupernovaAlt, no sfx, Next: [TDP4-6]","TDP4-5","I mean, it's mint chocolate toothpaste isn’t it?","Bah… c'est du dentifrice goût choco-menthe, aussi."
"Sc: Dmi, msc: SupernovaAlt, no sfx, Next: [TDP4-7]","TDP4-6","I don’t think anyone is in a rush to buy that.","Je pense pas que les gens se bousculent pour en acheter."
"Sc: 8008, msc: SupernovaAlt, sfx: 80008_2,CashRegister, Next: [TDP4-7b]","TDP4-7","You just don’t understand the intricacies of something like this! Anything she endorses is a godsend!","Non mais vous comprenez juste pas le phénomène que c'est, en fait. Si elle fait la promo d'un truc, c'est forcément bien !"
"No Sc, msc: SupernovaAlt, sfx: Door_Close,Door_Chime, Next: [TDP4-8]","TDP4-7b","-door chimes and closes-","- Le carillon sonne et la porte se referme. -"
"No Sc, msc: SupernovaAlt, no sfx, Next: [TDP4-9]","TDP4-8","He wipes his face (screen?). Then blasts off with his bang of Arinator branded toothpaste in hand.","Il s'essuie le visage (l'écran ?), puis s'en va avec entrain, son dentifrice Arinator à la main."
"No Sc, msc: SupernovaAlt, no sfx, Next: [D1D-24a]","TDP4-9","Glad he found what he wanted.","Au moins, il a trouvé ce qu'il voulait."
"Sc: 8008, msc: SupernovaAlt, sfx: 80008_Short, Next: [TDN4-2]","TDN4-1","Bro.","Sérieux ?"
"Sc: 8008, msc: SupernovaAlt, sfx: 80008_3, Next: [TDN4-3]","TDN4-2"," This is NOT Arinator. She only has her face on the cover of all her products dude."," C'est pas DU TOUT un produit Arinator. Son visage serait sur l'emballage, sinon. "
"No Sc, msc: SupernovaAlt, no sfx, Next: [TDN4-4]","TDN4-3","His facial screen switches to a video of a cyborg woman performing a song on stage. Her fans are screaming their lungs out.","Son écran facial se met à diffuser une vidéo d'une femme cyborg en train de chanter sur scène pendant que ses fans hurlent à pleins poumons."
"Sc: 8008, msc: SupernovaAlt, sfx: 80008_1, Next: [TDN4-5]","TDN4-4","See? You don’t recognize her?","Alors ? Vous la reconnaissez pas ?"
"Sc: Dmi, msc: SupernovaAlt, no sfx, Next: [TDN4-6]","TDN4-5","Oh, well...I don’t think I really know her stuff.","Oh, euh… Je la connais pas trop, j'avoue."
"Sc: 8008, msc: SupernovaAlt, sfx: 80008_2, Next: [TDN4-6b]","TDN4-6","Fine...I’ll just get gas.","Bon… Je vais juste prendre de l'essence."
"No Sc, msc: SupernovaAlt, sfx: Door_Chime,Door_Close, Next: [TDN4-7]","TDN4-6b","-door chimes and closes-","- Le carillon sonne et la porte se referme. -"
"No Sc, msc: SupernovaAlt, no sfx, Next: [TDN4-8]","TDN4-7","I stare out the window and watch as 8008 picks up a gas pump and guzzles it straight from the nozzle. His screen shows a sad face with a tear. He then blasts off into space.","En regardant par la fenêtre, je vois 8008 attraper une pompe et boire directement depuis le tuyau. Son écran affiche un visage triste qui tire une larme, puis il décolle dans l'espace."
"No Sc, msc: SupernovaAlt, no sfx, Next: [D1D-24a]","TDN4-8","Poor guy.","Pauvre gars."
"No Sc, msc: SupernovaAlt, sfx: Door_Chime,Door_Open, Next: [D1D-24]","D1D-24a","-door opens and chimes-","- La porte s'ouvre et le carillon sonne. -"
"No Sc, msc: SupernovaAlt, no sfx, Next: [CRD1]","D1D-24","An old man enters the gas station. He seems to have some kind of air of caution around him. The way he whips his head around makes him look like he is expecting an attack at any moment.","Un vieil homme entre dans la station-service. Il semble inquiet et jette des regards par-dessus son épaule, comme s'il s'attendait à se faire attaquer à tout moment."
"Sc: Crust, msc: SupernovaAlt, sfx: Crust_Short, Next: [DD1-20]","CRD1","Salutations, Martian.","Salutations, être de Mars."
"Sc: Dmi, msc: SupernovaAlt, no sfx, Next: [CRD2]","DD1-20","Uh, hello? Do you need something, sir?","Euh, bonjour ? Je peux vous aider, monsieur ?"
"Sc: Crust, msc: SupernovaAlt, sfx: CRUST2, Next: [D1D-25]","CRD2","Yes, I actually have a list here…","Oui, j'ai une liste, juste ici…"
"No Sc, msc: SupernovaAlt, no sfx, Next: [CRD3]","D1D-25","He pulls out a tiny holosheet and starts to read off of it.","Il sort une petite holopage et commence à lire ce qui y est écrit."
"Sc: Crust, msc: SupernovaAlt, sfx: CRUST3, Next: [DD1-21]","CRD3","I’m looking for duct tape, five laser blasters, a medkit, a flaming katana--","Je cherche du gros ruban adhésif, cinq pistolets laser, une trousse de premiers secours, un katana enflammé…"
"Sc: Dmi, msc: SupernovaAlt, no sfx, Next: [D1D-26]","DD1-21","Sir, this is a gas station.","Monsieur, c'est une station-service, ici."
"No Sc, msc: SupernovaAlt, no sfx, Next: [CRD4]","D1D-26","He stares blankly at me.","Il me fixe d'un regard vide."
"Sc: Crust, msc: SupernovaAlt, sfx: CRUST1, Next: [DD1-22]","CRD4","...Can I at least get the katana?","… Vous avez sûrement un katana qui traîne, non ?"
"Sc: Dmi, msc: SupernovaAlt, no sfx, Next: [D1D-27]","DD1-22"," What do you even need a Katana for?!"," Qu'est-ce que vous comptez faire avec un katana ?!"
"No Sc, msc: SupernovaAlt, sfx: Crust_Laugh, Next: [CRD5]","D1D-27","The man lets out a hearty laugh. He slaps his rocky chest. Pebbles fall off him.","L'homme lâche un rire franc et tape sa poitrine rocailleuse, décrochant des cailloux qui tombent par terre."
"Sc: Crust, msc: SupernovaAlt, sfx: CRUST2, Next: [CRD6]","CRD5","Doomsday is in just three days! While you’re in here wasting away working MINIMUM wage!","Il reste trois jours avant l'apocalypse, et tu gâches ce temps précieux à travailler pour un salaire de misère !"
"Sc: Crust, msc: SupernovaAlt, sfx: CRUST1, Next: [DD1-23]","CRD6","I, Crust, from Mercury, will look at this burning ball of hell gas, and say…","Moi, Crust de Mercure, regarderai cette boule de gaz en fusion, et je lui dirai…"
"Sc: Dmi, msc: SupernovaAlt, no sfx, Next: [CRD7]","DD1-23","…","…"
"Sc: Crust, msc: SupernovaAlt, sfx: Crust_Short, Next: [D1D-28]","CRD7","No.","Non."
"No Sc, msc: SupernovaAlt, no sfx, Next: [DD1-24]","D1D-28","He smiles widely.","Il affiche un large sourire."
"Sc: Dmi, msc: SupernovaAlt, no sfx, Next: [CRD8]","DD1-24","Sir, I don’t think you will survive a supernova.","Monsieur, je ne pense pas que vous pourriez survivre à une supernova."
"Sc: Crust, msc: SupernovaAlt, sfx: CRUST2, Next: [CRD9]","CRD8","I will. Born from the crust of Mercury, I can survive anything.","Bien sûr que si. Je suis né de la croûte de Mercure. Je peux survivre à n'importe quoi."
"Sc: Crust, msc: SupernovaAlt, sfx: CRUST1, Next: [D1D-29]","CRD9","Besides didn’t you hear? The supernova is a cover-up by the intergalactic association--","Et puis, t'es pas au courant ? La supernova est un complot de l'Association intergalactique pour camoufler…"
"No Sc, msc: SupernovaAlt, no sfx, Next: [DD1-25]","D1D-29","Oh, brother. ","Oh, génial. "
"Sc: Dmi, msc: SupernovaAlt, no sfx, Next: [CRD10]","DD1-25","How about this Crust? I can help you get something that can help you out in your…","Bon, Crust, tout ce que je peux faire, c'est vous vendre de quoi tenir dans votre…"
"Sc: Crust, msc: SupernovaAlt, sfx: CRUST2, Next: [DD1-26]","CRD10","My supernova bunker.","Mon abri antisupernova."
"Sc: Dmi, msc: SupernovaAlt, no sfx, Next: [DD1-27]","DD1-26","Your supernova bunker.","Votre abri antisupernova."
"Sc: Dmi, msc: SupernovaAlt, no sfx, Next: [DD1-27b]","DD1-27"," Alright... a nonperishable snack will be good."," Alors… un aliment non périssable, ce serait parfait."
"No Sc, msc: SupernovaAlt, no sfx, Next: [TDP5-1,TDN5-1]","DD1-27b","Select an item in the shop","Sélectionnez un article du magasin."
"No Sc, msc: SupernovaAlt, no sfx, Next: [TDP5-1,TDN5-1]","DD1-27b-Option-1","",""
"No Sc, msc: SupernovaAlt, no sfx, Next: [TDP5-1,TDN5-1]DD1-27b-Option-2","DD1-27b-Option-2","",""
"Sc: Crust, msc: SupernovaAlt, sfx: CRUST3, Next: [TDP5-2]","TDP5-1","Jerky! You’re thinking like a true survivor kid! This is great!","Du charqui ! Ça, c'est l'instinct de survie ! J'approuve !"
"Sc: Dmi, msc: SupernovaAlt, no sfx, Next: [TDP5-3]","TDP5-2","Heh, thanks. I just remembered it from a TV show called Survivorz.","Hé, merci. J'ai vu ça dans l'émission Kosmoh-Lanta."
"No Sc, msc: SupernovaAlt, no sfx, Next: [TDP5-4]","TDP5-3","Before you could even ring it up the man opens the bag and starts eating the jerky.","Avant que j'aie le temps de scanner l'article, l'homme ouvre le paquet et commence à manger le charqui."
"Sc: Crust, msc: SupernovaAlt, sfx: CRUST1, Next: [TDP5-5]","TDP5-4","Hm, you got somewhere to go kid? I can formally invite you to my bunker if ya want.","Hm, t'as un endroit où aller, moustique ? Je peux t'inviter dans mon abri, si tu veux."
"Sc: Dmi, msc: SupernovaAlt, no sfx, Next: [TDP5-6]","TDP5-5","Oh, nah. I’ll be here.","Non, ça ira. Je vais rester ici."
"No Sc, msc: SupernovaAlt, no sfx, Next: [TDP5-7]","TDP5-6","Crust chokes on a piece of jerky and coughs. He bumps his chest a few times.","Crust s'étouffe avec un bout de charqui et commence à tousser. Il se tape le torse plusieurs fois."
"Sc: Crust, msc: SupernovaAlt, sfx: CRUST2, Next: [TDP5-8]","TDP5-7","Why? Don’t you got someone special to go home to?","Pourquoi ça ? Y a personne qui t'attend à la maison ?"
"Sc: Crust, msc: SupernovaAlt, sfx: CRUST1, Next: [TDP5-9]","TDP5-8","I’d expect you young’uns to hightail it outta here.","J'pensais que vous, les jeunes, vous hésiteriez pas à vous tirer d'ici."
"No Sc, msc: SupernovaAlt, no sfx, Next: [TDP5-10]","TDP5-9","A familiar face flashes in my mind. My normal bored expression cracks.","Un visage familier apparaît dans mon esprit et perturbe mon air blasé habituel."
"Sc: Dmi, msc: SupernovaAlt, no sfx, Next: [TDP5-11]","TDP5-10","She’ll be fine without me. Besides, I like to be kept busy.","Elle s'en sortira sans moi. Et puis, j'aime bien rester occupæ."
"No Sc, msc: SupernovaAlt, no sfx, Next: [TDP5-11b]","TDP5-11","Crust doesn’t speak. I listen to his chewing. He rummages in his pocket to give me his luncos.","Crust ne dit rien. Je l'écoute mâcher sa nourriture. Il fouille dans sa poche et me passe des monastrals."
"No Sc, msc: SupernovaAlt, sfx: CashRegister, Next: [TDP5-12]","TDP5-11b","-cash register chime-","- bruit de caisse enregistreuse -"
"Sc: Crust, msc: SupernovaAlt, sfx: CRUST1, Next: [TDP5-13]","TDP5-12","Don’t be too sure about that kid. Don’t choose for others how important you are to them.","N'en sois pas si sûrx, moustique. C'est pas à toi de choisir l'importance que tu as pour les autres."
"Sc: Crust, msc: SupernovaAlt, sfx: CRUST2, Next: [TDP5-14]","TDP5-13","I’m gonna be fine when things go down, but you won’t. Talk to who you’re thinking bout.","Moi, je vais m'en tirer quand tout partira en sucette, mais toi non. Va parler à la personne à qui tu penses."
"No Sc, msc: SupernovaAlt, no sfx, Next: [TDP5-15]","TDP5-14","I don’t answer. It's a bit surprising I feel I am getting life advice from this apocalyptic junkie of some sort.","Je ne lui réponds pas. Ça fait bizarre de recevoir des leçons de vie d'un mordu de l'apocalypse comme lui."
"No Sc, msc: SupernovaAlt, no sfx, Next: [TDP5-16]","TDP5-15","He smiles and waves at me before leaving. I watch the small bits of rock fall to the ground.","Il me sourit et me fait signe avant de s'en aller. J'observe les petits cailloux qu'il laisse derrière lui."
"No Sc, msc: SupernovaAlt, no sfx, Next: [D1D-30a]","TDP5-16","I’ll be cleaning that up.","Je vais devoir nettoyer ça."
"Sc: Crust, msc: SupernovaAlt, sfx: CRUST2, Next: [TDN5-2]","TDN5-1","Sorry kid, but I don’t really think something like this is going to be much use in my bunker.","Désolé, moustique, je pense pas que ça me sera très utile dans mon abri."
"Sc: Crust, msc: SupernovaAlt, sfx: CRUST1, Next: [TDN5-3]","TDN5-2","You sure you don’t have blasters in the back?","T'es sûrx de pas avoir de pistolets laser dans la réserve ?"
"Sc: Dmi, msc: SupernovaAlt, no sfx, Next: [TDN5-4]","TDN5-3","We’re still just a gas station, sir.","Encore une fois, c'est une station-service ici, monsieur."
"Sc: Crust, msc: SupernovaAlt, sfx: Crust_Short, Next: [TDN5-5]","TDN5-4"," Alright."," Bon, d'accord."
"Sc: Crust, msc: SupernovaAlt, sfx: CRUST2, Next: [D1D-30a]","TDN5-5","Stay safe, kid. I gotta go prep my bunker some more.","Prends soin de toi, moustique. J'y vais, j'ai encore des préparatifs à faire pour mon abri."
"No Sc, msc: SupernovaAlt, sfx: Door_Chime,Door_Close, Next: [D1D-30]","D1D-30a","-door chimes and closes-","- Le carillon sonne et la porte se referme. -"
"No Sc, msc: SupernovaAlt, no sfx, Next: [D1D-31]","D1D-30","It's almost closing time…","C'est bientôt l'heure de fermer…"
"No Sc, msc: SupernovaAlt, no sfx, Next: [D1D-31b]","D1D-31","Flubber lounges in her usual spot. I smile and scratch under her chin.","Flubber se prélasse à son emplacement habituel. Je lui souris et je gratouille son menton."
"No Sc, msc: SupernovaAlt, sfx: FLUBBER2, Next: [DD1-28]","D1D-31b","Flubber Meows","Flubber miaule."
"Sc: Dmi, msc: SupernovaAlt, no sfx, Next: [DD1-28b]","DD1-28","We had a good day didn’t we?","C'était une bonne journée, tu trouves pas ?"
"No Sc, msc: SupernovaAlt, sfx: Text_1, Next: [D1D-32]","DD1-28b","-phone chimes-","- son de notification -"
"No Sc, msc: SupernovaAlt, no sfx, Next: [T2]","D1D-32","I facepalm as I remember I never messaged Cassiopeia back.","Je me souviens soudain que je n'ai jamais répondu à Cassiopée, et je me tape le front."
"Sc: Cassiopeia, on phone, msc: SupernovaAlt, sfx: Pocket_Swoosh_1, Next: [T3]","T2","Dmi? Are u ghosting me?","Dmi ? Tu me ghostes ?"
"Sc: Cassiopeia, on phone, msc: SupernovaAlt, sfx: Text_4_vibrate, Next: [TDP6-1,TDN6-1]","T3","Not cool! im worried about u!","C'est pas cool ! Je m'inquiète pour toi !"
"Sc: Cassiopeia, on phone, msc: SupernovaAlt, sfx: Text_4_vibrate, Next: [TDP6-1,TDN6-1]","T3-Option-1","Sorry, got caught up.","Déso, jétais occupæ. "
"Sc: Cassiopeia, on phone, msc: SupernovaAlt, sfx: Text_4_vibrate, Next: [TDP6-1,TDN6-1]","T3-Option-2","You don’t need to keep messaging.","Pas la peine de continuer à envoyer des messages."
"Sc: Dmi, on phone, msc: SupernovaAlt, no sfx, Next: [TDP6-2]","TDP6-1","Lot more customers on this route than i thought we would ","Je m'attendais pas à ce qu'on ait autant de clients "
"Sc: Cassiopeia, on phone, msc: SupernovaAlt, sfx: Text_4_vibrate, Next: [TDP6-3]","TDP6-2","its a good time to roadtrip when the solar system is getting wiped ya know??","Le Système solaire va s'effondrer, c'est le moment idéal pour un road trip, nan ??"
"Sc: Dmi, on phone, msc: SupernovaAlt, no sfx, Next: [TDP6-4]","TDP6-3","More like I met a rock dude named Crust who wanted to buy a katana to defend himself from the imminent supernova. ","Non mais j'ai rencontré un gars en pierre appelé Crust qui voulait acheter un katana pour se défendre contre la supernova imminente. "
"Sc: Cassiopeia, on phone, msc: SupernovaAlt, sfx: Text_4_vibrate, Next: [TDP6-5]","TDP6-4","What? Stop lying to me. xD Ur job isn’t that interesting","Mais quoi ? Arrête de mytho. xD Ton taf est pas si intéressant"
"Sc: Dmi, on phone, msc: SupernovaAlt, no sfx, Next: [TDP6-6]","TDP6-5","U know how Mars is, we’re weirdo central.","Oublie pas que c'est Mars, ici. C'est le point de convergence de tous les gens chelous."
"Sc: Cassiopeia, on phone, msc: SupernovaAlt, sfx: Text_4_vibrate, Next: [D1D-33]","TDP6-6","thats true. U live there","J'avoue. C'est là que tu vis"
"No Sc, msc: SupernovaAlt, no sfx, Next: [D1D-34]","D1D-33","I chuckle. That was a good one actually.","Je rigole à sa blague. Pas mal."
"No Sc, msc: SupernovaAlt, no sfx, Next: [T4]","D1D-34","We chat with each other and for a second it feels like the world isn’t coming to an end soon.","On discute encore un peu, et pendant un instant, j'oublie que la fin du monde approche."
"Sc: Dmi, on phone, msc: SupernovaAlt, no sfx, Next: [TDN6-2]","TDN6-1","I’ll just get back to u when i get back to u.","Je te répondrai quand j'aurai le temps."
"Sc: Cassiopeia, on phone, msc: SupernovaAlt, sfx: Text_4_vibrate, Next: [TDN6-3]","TDN6-2","Ouch, remind me to never be worried about u again :/","Ah ok. Rappelle-moi de plus jamais m'inquiéter pour toi :/"
"Sc: Dmi, on phone, msc: SupernovaAlt, no sfx, Next: [TDN6-4]","TDN6-3","Nah, I didn’t mean it like that. I’m just busy.","Je voulais pas le dire méchamment. J'ai juste trop de taf."
"Sc: Cassiopeia, on phone, msc: SupernovaAlt, sfx: Text_4_vibrate, Next: [D1D-35]","TDN6-4","Yeah, yeah I get it.","Ouais, ouais, je comprends."
"No Sc, msc: SupernovaAlt, no sfx, Next: [T4]","D1D-35","I could’ve handled that a bit better.","J'aurais pu mieux gérer la situation."
"Sc: Cassiopeia, on phone, msc: SupernovaAlt, sfx: Text_4_vibrate, Next: [T5]","T4","Are u sure ur not calling off tomorrow? I know the money isn’t good enough at Cosmic Fuel where u need to work a day before Doomsday. :/","Tu veux vraiment pas prendre congé demain ? Cosmic Fuel te paie pas assez pour que tu travailles la veille de l'apocalypse. :/"
"Sc: Dmi, on phone, msc: SupernovaAlt, sfx: Text_4_vibrate, Next: [T6]","T5","Maybe I LIKE working for a megacorp.","Tu rigoles ? C'est un PLAISIR de travailler pour une mégacorporation."
"Sc: Cassiopeia, on phone, msc: SupernovaAlt, sfx: Text_4_vibrate, Next: [T7]","T6","shut up","Arrête tes conneries"
"Sc: Dmi, on phone, msc: SupernovaAlt, no sfx, Next: [D1D-36]","T7","ok ","ok "
"No Sc, msc: SupernovaAlt, no sfx, Next: [D1D-37]","D1D-36","I should clock out for the day","Je pense qu'il est temps de rentrer."
"No Sc, msc: SupernovaAlt, no sfx, Next: [D1D-38]","D1D-37","I say goodbye to Flubber. She for some reason is a lot better at closing than I am. I never know what she does when we leave her alone.","Je dis au revoir à Flubber. Bizarrement, elle est bien plus douée que moi pour faire la fermeture. Je ne sais jamais ce qu'elle fait quand elle est seule."
"No Sc, msc: SupernovaAlt, no sfx, Next: [D1D-39]","D1D-38","I don’t really know why I’m coming back in tomorrow. I should be packing with Cassie. We may not be able to do anything fancy like a space jump but…","Je ne sais pas pourquoi je reviens travailler demain. Je devrais être en train de faire mes valises avec Cassie. On peut sûrement pas se permettre de faire un saut hyperspatial, mais…"
"No Sc, msc: SupernovaAlt, no sfx, Next: [D1D-40]","D1D-39","…","…"
"No Sc, msc: SupernovaAlt, no sfx, Next: [D1D-40b]","D1D-40","I need some sleep for tomorrow.","J'ai besoin d'un peu de repos avant demain."
"No Sc, msc: SupernovaAlt, sfx: Door_Open,Door_Chime,Door_Close, Next: [Day2Transition]","D1D-40b","-door opens and closes with a chime-","- Le carillon sonne et la porte se referme. -"
"No Sc, msc: SupernovaAlt, no sfx, Next: [D2D-1]","Day2Transition","DAY 2","JOUR 2"
"No Sc, msc: Supernova, no sfx, Next: [ROD2-1]","D2D-1","I jab my fingers against the screen of my phone the little avatar hops up and down in an effort to dodge the man-eating kale.","Je tape l'écran de mon téléphone pour faire sauter le petit avatar et éviter le chou kale carnivore. "
"Sc: Rob, msc: Supernova, sfx: Rob_Short, Next: [D2D-2]","ROD2-1","Dmi!","Dmi !"
"No Sc, msc: Supernova, no sfx, Next: [DD2-1]","D2D-2","I yelp and nearly drop my phone. I catch it just before it slips out of my fingers and glare at the slime man in front of me.","Je lâche un cri de surprise et manque de faire tomber mon téléphone, que je rattrape du bout des doigts. Je lance un regard noir à l'homme gluant en face de moi."
"Sc: Dmi, msc: Supernova, no sfx, Next: [D2D-3]","DD2-1","You’ve seriously got to stop doing that!","Sérieusement, arrêtez de faire ça !"
"No Sc, msc: Supernova, sfx: Rob_Laugh, Next: [ROD2-2]","D2D-3","Rob bursts into laughter.","Rob éclate de rire."
"Sc: Rob, msc: Supernova, sfx: ROB3, Next: [DD2-2]","ROD2-2","It’s just too funny. Look you got goosebumps on your goosebumps! ","Jamais, c'est beaucoup trop drôle. Regarde, t'as la chair de poule par-dessus ta chair de poule ! "
"Sc: Dmi, msc: Supernova, no sfx, Next: [ROD2-3]","DD2-2","whatever how’s packing? ","Bref. Ça avance, les cartons ? "
"Sc: Rob, msc: Supernova, sfx: ROB2, Next: [D2D-4]","ROD2-3","We’ll be done by tonight. Then we leave tomorrow morning in time for our space jump outta here.","Ce sera fini ce soir. On part demain matin, juste à temps pour notre saut hyperspatial."
"No Sc, msc: Supernova, no sfx, Next: [D2D-5]","D2D-4","Ah a space jump. That's everyone’s ticket outta the solar system to go wherever they’re going next. ","Ah, un saut hyperspatial. C'est la porte de sortie du Système solaire par excellence. "
"No Sc, msc: Supernova, no sfx, Next: [D2D-6]","D2D-5","They are ways outta here without one but the trip is pretty grueling.","Il y a d'autres façons de se tirer d'ici, mais le voyage est épuisant."
"No Sc, msc: Supernova, no sfx, Next: [ROD2-4]","D2D-6","Not to mention the luncos to afford a space jump is insane.","Sans parler du prix exorbitant d'un saut hyperspatial."
"Sc: Rob, msc: Supernova, sfx: ROB1, Next: [ROD2-5]","ROD2-4","I’ll come pick up Flubber at the end of the day.","Je passerai prendre Flubber en fin de journée."
"Sc: Rob, msc: Supernova, sfx: ROB3, Next: [D2D-7]","ROD2-5","Also smile a little today! Use that slogan of ours to brighten their days. ","Et n'oublie pas de sourire un peu aujourd'hui ! Utilise notre slogan, ça illumine la journée de la clientèle. "
"No Sc, msc: Supernova, no sfx, Next: [DD2-3]","D2D-7","Ugh.","Beurk."
"Sc: Dmi, msc: Supernova, no sfx, Next: [ROD2-6]","DD2-3","I’ll try.","Je vais essayer."
"Sc: Rob, msc: Supernova, sfx: ROB2, Next: [FD2-1]","ROD2-6","Great! I’ll see you later. Be nice to Flubber!","Parfait ! À plus tard. Occupe-toi bien de Flubber !"
"Sc: Flubber, msc: Supernova, sfx: FLUBBER1, Next: [DD2-4]","FD2-1","Mreoww…","Mraoouu…"
"Sc: Dmi, msc: Supernova, no sfx, Next: [DD2-4b]","DD2-4","We’re pals aren’t we Flubber? ","On est super potes, pas vrai, Flubber ? "
"No Sc, msc: Supernova, sfx: Door_Chime,Door_Close, Next: [D2D-8]","DD2-4b","-door chimes and closes-","- Le carillon sonne et la porte se referme. -"
"No Sc, msc: Supernova, no sfx, Next: [D2D-9a]","D2D-8","Flubber gives me a slow blink.","Flubber me regarde et cligne lentement des yeux."
"No Sc, msc: Supernova, sfx: Door_Chime,Door_Open, Next: [D2D-9]","D2D-9a","-door opens and chimes-","- La porte s'ouvre et le carillon sonne. -"
"No Sc, msc: Supernova, no sfx, Next: [DD2-5]","D2D-9","A two-headed beastman enters. They don’t say a word. I yawn and start spouting the “Cosmic Fuel welcome”.","Un duo d'hommes-bêtes bicéphales entre sans dire un mot. Je bâille et je commence à réciter le fameux slogan de bienvenue de Cosmic Fuel."
"Sc: Dmi, msc: Supernova, no sfx, Next: [D2D-10]","DD2-5","Welcome to Cosmic Fuel. Fill to your heart’s content that’s the Cosmic Fuel way. ","Bienvenue chez Cosmic Fuel. Voyagez le cœur léger avec Cosmic Fuel et ses produits de qualité. "
"No Sc, msc: Supernova, no sfx, Next: [D2D-11]","D2D-10","The beastmen frantically grab items and stuff them into a bag.","Les hommes-bêtes attrapent tout ce qu'ils peuvent et fourrent tout dans un sac."
"No Sc, msc: Supernova, no sfx, Next: [DD2-6]","D2D-11","Well that’s not at all what I meant. ","J'ai dit « voyagez », pas « dévalisez le cœur léger ». "
"Sc: Dmi, msc: Supernova, no sfx, Next: [D2D-12]","DD2-6","You guys using cash or credit?","Vous payez par carte ou en liquide ?"
"No Sc, msc: Supernova, no sfx, Next: [ROM1]","D2D-12","The more dimwitted looking one whispers to the sharper one and they stalk forward.","Celui qui a l'air plus long à la détente murmure quelque chose à l'autre, et ils avancent d'un pas raide."
"Sc: Romulus, msc: Supernova, sfx: ROMULUS1, Next: [D2D-13]","ROM1","This is a stick up! Open the register!","C'est un braquage ! Ouvre la caisse, ou on te met une balle !"
"No Sc, msc: Supernova, no sfx, Next: [REM1]","D2D-13","The dimwitted-looking beast-man pulls out a stick from his pocket and points at me.","L'homme-bête un peu lent sort une balle en caoutchouc de sa poche et la lève."
"Sc: Remus, msc: Supernova, sfx: REMUS1, Next: [ROM2]","REM1","and give us those Saturn dogs behind you!","Et donne-nous ces Hot-Dogs de Saturne qui sont derrière toi !"
"Sc: Romulus, msc: Supernova, sfx: Romulus_Short, Next: [D2D-14]","ROM2","Yeah! And--","Ouais ! Et puis... "
"No Sc, msc: Supernova, no sfx, Next: [REM2]","D2D-14","The sharp-eyed beastman glares at his brother.","L'homme-bête à l'œil vif lance un regard noir à son frère."
"Sc: Remus, msc: Supernova, sfx: REMUS2, Next: [ROM3]","REM2","Sorry Romulus stickups make me hungry. ","Pardon, Romulus, mais les braquages, ça me donne faim. "
"Sc: Romulus, msc: Supernova, sfx: ROMULUS3, Next: [REM3]","ROM3","You’re worse than a chihuahua. When I said we’re doing a stickup I didn’t mean to put a literal stickup! ","T'es pire qu'un chihuahua. Quand j'ai parlé de balle, c'est pas à ça que je pensais ! "
"Sc: Remus, msc: Supernova, sfx: REMUS2, Next: [ROM4]","REM3","Oh did I mess up again? Are we not getting Saturn dogs? ","Oh, j'ai encore tout foiré, c'est ça ? On aura pas de Hot-Dogs de Saturne ? "
"Sc: Romulus, msc: Supernova, sfx: ROMULUS2, Next: [D2D-15]","ROM4","No you didn’t mess up Remus. Let’s get you that hot dog. No no let’s get you two of them. How about that? ","Nan, t'as rien foiré du tout, Rémus. Tu l'auras, ce hot-dog. Tiens, t'en auras même deux. Qu'est-ce que t'en dis ? "
"No Sc, msc: Supernova, sfx: Remus_Howl, Next: [D2D-15b]","D2D-15","Remus howls with excitement.","Rémus aboie de joie."
"No Sc, msc: Supernova, no sfx, Next: [TDP7-1,TDN7-1]","D2D-15b","Select an item in the shop","Sélectionnez un article du magasin."
"No Sc, msc: Supernova, no sfx, Next: [TDP7-1,TDN7-1]","D2D-15b-Option-1","",""
"No Sc, msc: Supernova, no sfx, Next: [TDP7-1,TDN7-1]D2D-15b-Option-2","D2D-15b-Option-2","",""
"No Sc, msc: Supernova, no sfx, Next: [TDP7-2]","TDP7-1","I slide two Saturn dogs to the pair. Remus helps himself and scarfs it down.","Je glisse deux Hot-Dogs de Saturne au duo. Rémus se jette dessus et les engloutit tout entiers."
"Sc: Romulus, msc: Supernova, sfx: ROMULUS1, Next: [TDP7-3]","TDP7-2","and now the register--","Et maintenant, la caisse…"
"Sc: Remus, msc: Supernova, sfx: REMUS1, Next: [TDP7-4]","TDP7-3","Rom… they were so nice and gave us a Saturn dog. Do we have to?","Rom… Iel a été super sympa, on a même eu des Hot-Dogs. On est vraiment obligés de faire ça ?"
"Sc: Romulus, msc: Supernova, sfx: ROMULUS3, Next: [TDP7-5]","TDP7-4","Of course! We came all this way just to--","Bien sûr que oui ! On a fait tout ce chemin pour…"
"Sc: Remus, msc: Supernova, sfx: Remus_Short, Next: [TDP7-6]","TDP7-5","To steal?","Pour voler ?"
"No Sc, msc: Supernova, no sfx, Next: [TDP7-7]","TDP7-6","Romulus stutters in shock.","Pris au dépourvu, Romulus commence à bégayer."
"No Sc, msc: Supernova, no sfx, Next: [TDP7-8]","TDP7-7","Remus doesn’t look too different from a kicked puppy.","Rémus fait une moue de petit chien battu."
"Sc: Remus, msc: Supernova, sfx: REMUS1, Next: [TDP7-9]","TDP7-8","Mom always told us stealing was bad. We should pay!","Maman nous a toujours dit que c'était mal, de voler."
"Sc: Dmi, msc: Supernova, no sfx, Next: [TDP7-10]","TDP7-9","I don’t really care either way to be honest… ","Dans tous les cas, je m'en fiche, honnêtement… "
"No Sc, msc: Supernova, no sfx, Next: [TDP7-11]","TDP7-10","The two ignore me. I can practically hear the galaxy’s smallest violin play for the two.","Ils m'ignorent. Je peux presque entendre le plus petit violon de la galaxie jouer pour ces deux-là."
"Sc: Romulus, msc: Supernova, sfx: ROMULUS2, Next: [TDP7-12]","TDP7-11","You’re right Rem… I can’t do it. I wanted to be the tough guy so bad… everything is going to get blown to smithereens!","T'as raison Rem… Je peux pas. Je voulais juste faire le dur… Tout va bientôt exploser !"
"Sc: Romulus, msc: Supernova, sfx: ROMULUS1, Next: [TDP7-13]","TDP7-12","I just wanted to do something cool!","C'était l'occasion de faire quelque chose de vraiment cool !"
"Sc: Romulus, msc: Supernova, sfx: ROMULUS3, Next: [TDP7-14]","TDP7-13","Will you ever forgive me?","Tu crois que tu peux me pardonner ?"
"Sc: Remus, msc: Supernova, sfx: REMUS2, Next: [TDP7-15]","TDP7-14","You’re the best big brother ever! Of course I will! ","T'es le meilleur grand frère de l'univers ! Évidemment que je te pardonne ! "
"No Sc, msc: Supernova, no sfx, Next: [TDP7-16]","TDP7-15","The two beastmen burst into tears.","Les deux hommes-bêtes éclatent en sanglots."
"No Sc, msc: Supernova, no sfx, Next: [TDP7-17]","TDP7-16","I just stand there watching the two go through a whole movie scene together.","Je reste immobile en les regardant jouer toute une scène de film devant moi."
"No Sc, msc: Supernova, no sfx, Next: [TDP7-18]","TDP7-17","Romulus sets a pile of luncos on the counter.","Romulus pose une pile de monastrals sur le comptoir."
"Sc: Romulus, msc: Supernova, sfx: ROMULUS1, Next: [D2D-16a]","TDP7-18","Keep the change. We’re sorry for bothering you.","Gardez la monnaie. On est désolés pour le dérangement."
"No Sc, msc: Supernova, no sfx, Next: [TDN7-2]","TDN7-1","Romulus grits his teeth.","Romulus serre les dents."
"Sc: Romulus, msc: Supernova, sfx: ROMULUS1, Next: [TDN7-3]","TDN7-2","Is this some kind of joke? We asked for Saturn dogs!","C'est une blague ? On a demandé des Hot-Dogs !
"
"Sc: Dmi, msc: Supernova, no sfx, Next: [TDN7-4]","TDN7-3","I know.","Je sais."
"Sc: Romulus, msc: Supernova, sfx: ROMULUS2, Next: [TDN7-5]","TDN7-4","Why give us this?","Alors pourquoi tu nous donnes ça ?"
"Sc: Dmi, msc: Supernova, no sfx, Next: [TDN7-6]","TDN7-5","You’re already helping yourself to the shelves. Why don’t you get them yourself?","Vous êtes déjà en train de tout dévaliser. Pourquoi vous les prenez pas vous-mêmes ?"
"Sc: Romulus, msc: Supernova, sfx: Romulus_Short, Next: [TDN7-7]","TDN7-6","I--","Euh…"
"Sc: Remus, msc: Supernova, sfx: REMUS1, Next: [TDN7-8]","TDN7-7","Aww…I think they’re mad at us Rom. ","Oh… Je crois qu'iel est en rogne contre nous, Rom. "
"Sc: Remus, msc: Supernova, sfx: REMUS2, Next: [TDN7-9]","TDN7-8","I told you we shouldn’t steal.","Je t'avais dit que c'était une mauvaise idée de voler."
"Sc: Romulus, msc: Supernova, sfx: ROMULUS1, Next: [TDN7-10]","TDN7-9","STOP TAKING ME AS A FOOL REM!","ARRÊTE DE ME PRENDRE POUR UN ABRUTI, REM !"
"Sc: Dmi, msc: Supernova, no sfx, Next: [TDN7-11]","TDN7-10","Hey! He’s not taking you as a fool.","Hé ! Il vous prend pas pour un abruti."
"No Sc, msc: Supernova, no sfx, Next: [TDN7-12]","TDN7-11","Romulus’ eyes shine with a hopeful look.","Les yeux de Romulus brillent d'un éclat plein d'espoir."
"Sc: Dmi, msc: Supernova, no sfx, Next: [TDN7-13]","TDN7-12","I’m taking you as a fool too.","Moi aussi, je vous prends pour un abruti."
"No Sc, msc: Supernova, no sfx, Next: [TDN7-14]","TDN7-13","Romulus drops the bag on the ground. He looks close to tears.","Romulus laisse tomber son sac. Il a l'air au bord des larmes."
"Sc: Romulus, msc: Supernova, sfx: ROMULUS2, Next: [D2D-16a]","TDN7-14","Remus…lets just go.","Rémus… on ferait mieux de partir."
"No Sc, msc: Supernova, sfx: Door_Chime,Door_Close, Next: [D2D-16]","D2D-16a","-door chimes and closes-","- Le carillon sonne et la porte se referme. -"
"No Sc, msc: Supernova, no sfx, Next: [T8]","D2D-16","I reach for my phone. Cassiopeia’s not going to believe this.","Je tends la main vers mon téléphone. Cassiopée me croira jamais."
"Sc: Dmi, on phone, msc: Supernova, sfx: Pocket_Swoosh_2, Next: [T9]","T8","Sorry i didnt get to you yet. I was getting robbed.","Désolæ de pas t'avoir répondu. J'étais en train de me faire braquer."
"Sc: Cassiopeia, on phone, msc: Supernova, sfx: Text_4_vibrate, Next: [T10]","T9","WHAT?","QUOI ?"
"Sc: Dmi, on phone, msc: Supernova, no sfx, Next: [T11]","T10","chill they didnt take anything. They were two beastmen but they didnt seem to be following their own plan. ","T'inquiète, ils ont rien pris. C'était deux hommes-bêtes, mais ils avaient l'air à côté de la plaque. "
"Sc: Dmi, on phone, msc: Supernova, no sfx, Next: [T12]","T11","I didnt care much it's not like it's my gas station. i Think i hurt their feelings.","En plus je m'en fiche, c'est pas ma station-service. Mais je crois que je les ai vexés."
"Sc: Dmi, on phone, msc: Supernova, no sfx, Next: [T13]","T12","u could say they were all bark and no bite.","Ah ouais… c'est BÊTE ça."
"Sc: Cassiopeia, on phone, msc: Supernova, sfx: Text_4_vibrate, Next: [T14]","T13","did u just…ugh.","Est-ce que tu viens juste de… argh."
"Sc: Cassiopeia, on phone, msc: Supernova, sfx: Text_4_vibrate, Next: [T15]","T14","im going to ignore that for my own sanity.","Je vais ignorer ça, pour mon propre bien."
"Sc: Cassiopeia, on phone, msc: Supernova, sfx: Text_4_vibrate, Next: [D2D-17]","T15","like holy stars im so glad nothing happened. I dont even understand why u have to work there so close to doomsday…","Grâce aux étoiles, il t'est rien arrivé. Je comprends même pas pourquoi tu dois encore travailler à la veille de l'apocalypse…"
"No Sc, msc: Supernova, no sfx, Next: [D2D-18]","D2D-17","I could tell where she was getting at. A day before the supernova and I still had no means of getting any tickets for a space jump.","Je comprends où elle veut en venir. Il ne reste plus qu'un jour avant la supernova, et je n'ai toujours aucun moyen d'embarquer pour un saut hyperspatial."
"No Sc, msc: Supernova, no sfx, Next: [T16]","D2D-18","I drum my fingers on the desk and think of my next reply.","Je tape des doigts sur le comptoir en réfléchissant à ma réponse."
"Sc: Dmi, on phone, msc: Supernova, no sfx, Next: [T17]","T16","Weird question but what if we just couldn’t talk anymore? ","C'est bizarre comme question, mais tu ferais quoi si on pouvait plus se parler ? "
"Sc: Cassiopeia, on phone, msc: Supernova, sfx: Text_4_vibrate, Next: [TDP8-1,TDN8-1]","T17","what type of question is that :(","c'est quoi cette question :("
"Sc: Cassiopeia, on phone, msc: Supernova, sfx: Text_4_vibrate, Next: [TDP8-1,TDN8-1]","T17-Option-1","Just curious…","Je suis juste curieuxe…"
"Sc: Cassiopeia, on phone, msc: Supernova, sfx: Text_4_vibrate, Next: [TDP8-1,TDN8-1]","T17-Option-2","You ask me dumb questions all the time.","Tu me poses des questions bêtes tout le temps."
"Sc: Dmi, on phone, msc: Supernova, no sfx, Next: [TDP8-2]","TDP8-1","its not every day people leave their planet in droves for the impending death of the sun.","c'est pas tous les jours que les gens quittent leur planète en masse pour échapper à la mort imminente du soleil."
"Sc: Cassiopeia, on phone, msc: Supernova, sfx: Text_4_vibrate, Next: [TDP8-3]","TDP8-2","Well I’d miss the hell out of you. ","Bah, tu me manquerais vachement. "
"Sc: Dmi, on phone, msc: Supernova, no sfx, Next: [TDP8-4]","TDP8-3","…Really?","… C'est vrai ?"
"Sc: Cassiopeia, on phone, msc: Supernova, sfx: Text_4_vibrate, Next: [TDP8-5]","TDP8-4","Duh? What makes you think I check up on you all the time?","Évidemment ? Pourquoi je demande tout le temps de tes nouvelles, à ton avis ?"
"Sc: Dmi, on phone, msc: Supernova, no sfx, Next: [TDP8-6]","TDP8-5","…I don’t know.","… Je sais pas trop."
"Sc: Dmi, on phone, msc: Supernova, no sfx, Next: [TDP8-7]","TDP8-6","I kind of feel like I’ve been dragging you down… with me being sad all the time.","J'ai un peu l'impression d'être un boulet… je suis tout le temps triste."
"Sc: Cassiopeia, on phone, msc: Supernova, sfx: Text_4_vibrate, Next: [TDP8-8]","TDP8-7","what? We all get sad. We’re together till the end. Nothing will ever change that.","quoi ? Tout le monde est triste de temps en temps. On est ensemble jusqu'à la fin, quoi qu'il arrive."
"Sc: Dmi, on phone, msc: Supernova, no sfx, Next: [TDP8-9]","TDP8-8","Thank you. For always caring.","Merci. De toujours t'inquiéter pour moi."
"Sc: Cassiopeia, on phone, msc: Supernova, sfx: Text_4_vibrate, Next: [TDP8-10a]","TDP8-9","Of course. I have to go :( I’m getting called away but I always have your back! ","C'est normal. Je dois y aller :( on m'appelle, mais je serai toujours là pour toi ! "
"No Sc, msc: Supernova, sfx: Door_Chime,Door_Open, Next: [TDP8-10]","TDP8-10a","-door opens and chimes-","- La porte s'ouvre et le carillon sonne. -"
"No Sc, msc: Supernova, no sfx, Next: [TDP8-11]","TDP8-10","I find myself smiling at my phone. I could’ve reread this line a couple hundred times.","Je souris devant mon téléphone. Je pourrais relire cette phrase des centaines de fois."
"No Sc, msc: Supernova, sfx: KKILI1, Next: [DD2-7]","TDP8-11","That must be someone special you’re talking to.","Tu dois être en train de parler à quelqu'un de très spécial."
"Sc: Cassiopeia, on phone, msc: Supernova, sfx: Text_4_vibrate, Next: [TDN8-2]","TDN8-1","...","…"
"Sc: Cassiopeia, on phone, msc: Supernova, sfx: Text_4_vibrate, Next: [TDN8-3]","TDN8-2","Wow that was harsh…","Ah d'accord… Sympa…"
"No Sc, msc: Supernova, no sfx, Next: [TDN8-4]","TDN8-3","I panic. Crap would it be bad to backtrack? ","La panique monte. Merde ! Est-ce que je peux limiter la casse ? "
"Sc: Dmi, on phone, msc: Supernova, no sfx, Next: [TDN8-5]","TDN8-4","Sorry, i didn’t mean that","Désolæ, c'est pas ce que je voulais dire."
"Sc: Dmi, on phone, msc: Supernova, no sfx, Next: [TDN8-6]","TDN8-5","i don’t think ur questions are stupid.","tes questions sont pas stupides."
"Sc: Cassiopeia, on phone, msc: Supernova, sfx: Text_4_vibrate, Next: [TDN8-7]","TDN8-6",":/ you’re a jerk sometimes. u know that?",":/ t'es super reloux des fois, tu sais ?"
"Sc: Dmi, on phone, msc: Supernova, no sfx, Next: [TDN8-8]","TDN8-7","Yeah…I can see that right now. I’m really sorry.","Ouais… Je m'en doute bien. Je suis vraiment désolæ."
"Sc: Cassiopeia, on phone, msc: Supernova, sfx: Text_4_vibrate, Next: [TDN8-9]","TDN8-8","Well to answer your question. Even though you’re a grade A jerk sometimes.","Bon, pour répondre à ta question. Même s'il t'arrive d'être un·e reloux de première."
"Sc: Cassiopeia, on phone, msc: Supernova, sfx: Text_4_vibrate, Next: [TDN8-10]","TDN8-9","I’d still miss seeing you.","Tu me manquerais. Vraiment."
"Sc: Cassiopeia, on phone, msc: Supernova, sfx: Text_4_vibrate, Next: [TDN8-11]","TDN8-10","I just wish you were a bit more honest with me.","J'aimerais seulement que tu sois un peu plus honnête avec moi."
"Sc: Dmi, on phone, msc: Supernova, no sfx, Next: [TDN8-12]","TDN8-11","What do you mean honest?","Honnête ? Qu'est-ce que tu veux dire par là ?"
"Sc: Cassiopeia, on phone, msc: Supernova, sfx: Text_4_vibrate, Next: [TDN8-13]","TDN8-12","I know thats not the real reason why you’re asking me that.","Je me doute bien que tu me poses pas cette question pour rien."
"Sc: Cassiopeia, on phone, msc: Supernova, sfx: Text_4_vibrate, Next: [TDN8-14]","TDN8-13","I gotta go. I’ll talk to you later. Just stop acting so weird with me.","Faut que j'y aille. On se parle plus tard. Et s'il te plaît, arrête avec tes bêtises."
"No Sc, msc: Supernova, no sfx, Next: [TDN8-14a]","TDN8-14","I groan to myself.","Je râle contre moi-même."
"No Sc, msc: Supernova, sfx: Door_Chime,Door_Open, Next: [TDN8-15]","TDN8-14a","-door opens and chimes-","- La porte s'ouvre et le carillon sonne. -"
"Sc: Dmi, msc: Supernova, no sfx, Next: [TDN8-16]","TDN8-15","Why did I say that? Out of every reason I could have given her?","Mais qu'est-ce qui m'a pris ? J'aurais pu lui dire n'importe quoi, et j'ai rien trouvé de mieux que de lui sortir ça ?"
"Sc: Dmi, msc: Supernova, no sfx, Next: [TDN8-17]","TDN8-16","Stupid! Stupid! Stupid!","Je suis stupide, stupide, si stupide !"
"Sc: K'Kili the Destroyer, msc: Supernova, sfx: KKILI1, Next: [DD2-7]","TDN8-17","It couldn’t be that stupid to be doing all that.","Ça m'étonnerait que tout cela soit aussi stupide que tu ne le penses."
"Sc: Dmi, msc: Supernova, no sfx, Next: [DD2-8]","DD2-7","Whoa!","Ouah !"
"Sc: Dmi, msc: Supernova, no sfx, Next: [D2D-19]","DD2-8","Sorry it’s slow today. So uh I’ve been on my phone a bit more. ","Désolæ, c'est plutôt calme aujourd'hui. Donc je… je passe plus de temps sur mon tel. "
"No Sc, msc: Supernova, no sfx, Next: [D2D-20]","D2D-19","I take in the woman. From the ringlets across her body she seems to be a shapeshifter. ","J'observe la femme avec stupéfaction. À en voir les motifs sur son corps, j'en déduis qu'elle est métamorphe. "
"No Sc, msc: Supernova, no sfx, Next: [D2D-21]","D2D-20","Something feels awfully familiar about her like I’ve seen her somewhere before.","Mais j'ai comme l'étrange impression de l'avoir déjà vue quelque part…"
"No Sc, msc: Supernova, no sfx, Next: [KD1]","D2D-21","She doesn’t seem to notice the interest she has a knowing smile as her attention still seems on me and my phone. ","Je crois qu'elle n'a pas remarqué ma réaction. Elle semble plutôt s'intéresser à moi et mon téléphone, un sourire complice aux lèvres. "
"Sc: K'Kili the Destroyer, msc: Supernova, sfx: KKILI2, Next: [DD2-9]","KD1","They must sound important to you. Just relax I’m sure you’re lovely to speak to. ","J'imagine qu'iel compte beaucoup pour toi. Relax, tu m'as l'air d'être une personne super chouette. "
"Sc: Dmi, msc: Supernova, no sfx, Next: [D2D-22]","DD2-9","It depends on the day.","Ça dépend des jours."
"No Sc, msc: Supernova, no sfx, Next: [KD2]","D2D-22","She laughs.","Elle rit."
"Sc: K'Kili the Destroyer, msc: Supernova, sfx: KKILI3, Next: [D2D-23]","KD2","Hit me with it. What’s got you stressed?","Allez, vide ton sac. Qu'est-ce qui te tracasse ?"
"No Sc, msc: Supernova, no sfx, Next: [D2D-24]","D2D-23","I think for a second. Do I actually want to just spill my guts out to this complete stranger?","Je réfléchis un instant. Est-ce que j'ai vraiment envie de tout déballer à une parfaite inconnue ?"
"No Sc, msc: Supernova, no sfx, Next: [D2D-25]","D2D-24","…","…"
"No Sc, msc: Supernova, no sfx, Next: [DD2-10]","D2D-25","Actually yeah. I can’t pay for a therapist anyways. Why not. ","En vrai, ouais, pourquoi pas. J'ai pas les moyens de me payer une séance de psy de toute façon. "
"Sc: Dmi, msc: Supernova, no sfx, Next: [D2D-26]","DD2-10","I don’t know how to tell her I don’t qualify for a space jump so I’m going to be stuck here.","Je ne sais pas comment lui dire que je ne remplis pas les conditions pour le saut hyperspatial et que je suis coincæ ici."
"No Sc, msc: Supernova, no sfx, Next: [DD2-11]","D2D-26","The not-therapist nods as she listens to me.","La psychologue improvisée m'écoute avec attention et hoche la tête."
"Sc: Dmi, msc: Supernova, no sfx, Next: [KD3]","DD2-11","I’ve been trying to just carry on but I think she knows something is wrong. ","J'essaie de faire comme si de rien n'était, mais elle doit se douter que quelque chose ne tourne pas rond. "
"Sc: K'Kili the Destroyer, msc: Supernova, sfx: KKILI2, Next: [D2D-27]","KD3","Well you’re going to traumatize the stars outta her when she finds out you’re gonna be space dust and you never warned her. ","Eh bien, ça va lui faire un sacré choc stellaire d'apprendre que tu vas finir en poussière de lune sans avoir pris le temps de la prévenir. "
"No Sc, msc: Supernova, no sfx, Next: [D2D-28]","D2D-27","I choke. When she puts it that way…","J'en ai le souffle coupé. Dit de cette manière…"
"No Sc, msc: Supernova, no sfx, Next: [DD2-12]","D2D-28","I try to search for a way to back out despite this being my fault we’re having this very personal conversation at a gas station counter.","J'essaie de changer de sujet, même si c'est moi qui ai eu la riche idée de parler de ma vie privée au comptoir d'une station-service."
"Sc: Dmi, msc: Supernova, no sfx, Next: [KD4]","DD2-12","Is there something in particular you’re looking for or…? ","Est-ce que vous cherchez quelque chose en particulier ? "
"Sc: K'Kili the Destroyer, msc: Supernova, sfx: KKILI1, Next: [D2D-29]","KD4","I see what you’re doing here.","Je vois ce que t'essaies de faire."
"No Sc, msc: Supernova, no sfx, Next: [KD5]","D2D-29","She plays along though.","Mais elle joue le jeu."
"Sc: K'Kili the Destroyer, msc: Supernova, sfx: KKILI3, Next: [KD6]","KD5","I’ll put 900 luncos on pump 5.","Je vais mettre 900 monastrals sur la pompe 5."
"Sc: K'Kili the Destroyer, msc: Supernova, sfx: KKILI2, Next: [D2D-30]","KD6","And are any of those behind you good? Looking to get something for my wife back on our ship.","Au fait, il y a quelque chose de bon à grailler derrière toi ? J'aimerais ramener un casse-croûte pour ma femme à mon retour au vaisseau."
"No Sc, msc: Supernova, no sfx, Next: [DD2-13]","D2D-30","She points to the hot food machines behind me and I shrug.","Elle me montre du doigt les machines à aliments chauds derrière moi, et je hausse les épaules."
"Sc: Dmi, msc: Supernova, no sfx, Next: [DD2-14]","DD2-13","Nothing to write home about but I think they’re pretty good. ","Rien qui sort de l'ordinaire, mais je trouve qu'ils sont plutôt bons. "
"Sc: Dmi, msc: Supernova, no sfx, Next: [D2D-31]","DD2-14","Especially if you’re hungry.","Surtout quand on a la dalle."
"No Sc, msc: Supernova, no sfx, Next: [KD7]","D2D-31","She lets out a hearty laugh.","Elle rit à gorge déployée."
"Sc: K'Kili the Destroyer, msc: Supernova, sfx: KKILI1, Next: [KD8]","KD7","Oh man. I know that feeling when food is good just cuz you haven’t had anything. ","Ah ouais, c'est clair ! Tout paraît si bon quand t'as l'estomac vide. "
"Sc: K'Kili the Destroyer, msc: Supernova, sfx: KKILI3, Next: [KD8b]","KD8","Something with a good crunch to it seems like something my wife would like.","Connaissant ma femme, je pense qu'elle prendrait quelque chose qui croustille bien sous la dent."
"No Sc, msc: Supernova, no sfx, Next: [TDP9-1,TDN9-1]","KD8b","Select an item in the shop","Sélectionnez un article du magasin."
"No Sc, msc: Supernova, no sfx, Next: [TDP9-1,TDN9-1]","KD8b-Option-1","",""
"No Sc, msc: Supernova, no sfx, Next: [TDP9-1,TDN9-1]KD8b-Option-2","KD8b-Option-2","",""
"Sc: K'Kili the Destroyer, msc: Supernova, sfx: KKILI2, Next: [TDP9-2]","TDP9-1","What are these called again? M’Ghooni Nachos?","Comment on appelle ces trucs-là, déjà ? Des nachos M'Ghooni ?"
"Sc: Dmi, msc: Supernova, no sfx, Next: [TDP9-3]","TDP9-2","It's got a little kick to it. If your wife likes spice I’m sure she’d be into it.","Ils sont un peu corsés. Si votre femme aime les plats épicés, ça devrait lui convenir."
"Sc: K'Kili the Destroyer, msc: Supernova, sfx: KKILI3, Next: [TDP9-4]","TDP9-3","I’m Martian. I can handle more than a little kick.","Je suis martienne. Rien n'est trop corsé pour moi."
"No Sc, msc: Supernova, no sfx, Next: [TDP9-5]","TDP9-4","The alleged shapeshifter lifts up a chip and chomps down on it.","La supposée métamorphe prend une chips et la dévore à pleines dents."
"Sc: K'Kili the Destroyer, msc: Supernova, sfx: KKILI2, Next: [TDP9-6]","TDP9-5","Oh! That's a pretty solid nacho.","Oh ! Ça, c'est du nacho qui envoie du lourd !"
"Sc: Dmi, msc: Supernova, no sfx, Next: [TDP9-7]","TDP9-6","Yeah my friend would usually call me to bring some back with me back when we were roommates. ","Ouais, maon pote m'appelait souvent pour que j'en ramène à la maison quand on était coloc'. "
"Sc: K'Kili the Destroyer, msc: Supernova, sfx: KKILI1, Next: [TDP9-8]","TDP9-7","They’ve got good taste. Can you get one for me too?","Iel a bon goût. Je pourrais avoir une seconde portion pour moi, cette fois ?"
"No Sc, msc: Supernova, no sfx, Next: [D2D-32]","TDP9-8","I nod as I go over to the machine and get out a second batch of M’Ghooni Nachos.","J'acquiesce et je me dirige vers la machine pour lui servir une deuxième portion de nachos M'Ghooni."
"No Sc, msc: Supernova, no sfx, Next: [TDN9-2]","TDN9-1","K’Kili inspects the food presented to her.","K'Kili observe l'aliment servi devant elle."
"Sc: K'Kili the Destroyer, msc: Supernova, sfx: KKILI1, Next: [TDN9-3]","TDN9-2","Hmm I don’t mean to be rude kid but I don’t think she’s going to like this. ","Hmm… Je ne veux pas te vexer, gaminx, mais je ne pense pas qu'elle va kiffer ça. "
"Sc: K'Kili the Destroyer, msc: Supernova, sfx: KKILI2, Next: [TDN9-4]","TDN9-3","I wouldn’t really call this crunchy either.","En plus, il n'y a rien de croustillant là-dedans."
"Sc: Dmi, msc: Supernova, no sfx, Next: [TDN9-5]","TDN9-4","You sure she might not like this better?","Vous êtes certaine que ça ne la tenterait pas plus ?"
"Sc: K'Kili the Destroyer, msc: Supernova, sfx: KKILI3, Next: [TDN9-6]","TDN9-5","Pretty sure I’d know what she likes best.","Je suis certaine de connaître ses goûts mieux que personne."
"No Sc, msc: Supernova, no sfx, Next: [TDN9-7]","TDN9-6","I sigh. Seems my gas station munchies intuition failed me today.","Soupir. On dirait que mon talent d'intuition pour deviner le goût des gens ne marche pas fort aujourd'hui."
"Sc: Dmi, msc: Supernova, no sfx, Next: [TDN9-8]","TDN9-7","Sorry bout that.","Désolæ pour ce désagrément."
"Sc: K'Kili the Destroyer, msc: Supernova, sfx: KKILI1, Next: [D2D-32]","TDN9-8","It's fine. I’ll take the gas at least.","Pas de souci. Je vais au moins prendre de l'essence."
"No Sc, msc: Supernova, no sfx, Next: [KD9]","D2D-32","The woman grabs her wallet in her pocket.","La femme sort un portefeuille de sa poche."
"Sc: K'Kili the Destroyer, msc: Supernova, sfx: KKILI2, Next: [DD2-15]","KD9","You take cards don’t you? Or did that stop for Doomsday?","Vous prenez la carte ici ? Ou vous avez arrêté à cause de l'apocalypse ?"
"Sc: Dmi, msc: Supernova, no sfx, Next: [D2D-33]","DD2-15","Nothing stops at Cosmic Fuel for Doomsday.","À Cosmic Fuel, rien ne s'arrête. Pas même le jour de l'apocalypse."
"No Sc, msc: Supernova, no sfx, Next: [D2D-34]","D2D-33","The woman cooly passes a card to me. I grab for it and freeze as I realize she passed me an ID.","Elle me présente une carte d'un geste détaché. Je la prends et, après inspection, je me fige sur place. C'est sa carte d'identité."
"No Sc, msc: Supernova, no sfx, Next: [D2D-35]","D2D-34","The name is one I remember very well as it was all over the Martian news. ","Je me souviens très bien de ce nom. On n'entendait que ça aux infos martiennes.  "
"No Sc, msc: Supernova, no sfx, Next: [KD10]","D2D-35","Holy crap. This woman is like… an urban legend on Mars.","Oh merde. Cette femme… C'est une véritable légende urbaine sur Mars."
"Sc: K'Kili the Destroyer, msc: Supernova, sfx: KKili_Short, Next: [D2D-36]","KD10","Did my card decline?","Ma carte ne passe pas ?"
"No Sc, msc: Supernova, no sfx, Next: [KD11]","D2D-36","All six of her eyes widen as she realizes her debit card isn’t in my hand and she snatches it.","Ses trois paires d'yeux s'écarquillent lorsqu'elle se rend compte qu'il ne s'agit pas de sa carte bancaire. Elle me l'arrache des mains."
"Sc: K'Kili the Destroyer, msc: Supernova, sfx: KKili_Short, Next: [D2D-37]","KD11","Wrong card! Wrong card!","Désolée ! Mauvaise carte !"
"No Sc, msc: Supernova, no sfx, Next: [D2D-38]","D2D-37","K’Kili passes me the right card.","K'Kili me passe alors la bonne carte."
"No Sc, msc: Supernova, no sfx, Next: [KD12]","D2D-38","We sit in awkward silence.","Un silence gêné s'installe entre nous."
"Sc: K'Kili the Destroyer, msc: Supernova, sfx: KKILI1, Next: [KD12b]","KD12","Are you going to ring me up or…?","Alors… tu comptes m'encaisser ou pas ?"
"No Sc, msc: Supernova, sfx: CashRegister, Next: [DD2-16]","KD12b","-cash register noise-","- bruit de caisse enregistreuse -"
"Sc: Dmi, msc: Supernova, no sfx, Next: [DD2-17]","DD2-16","Eh I work at a gas station. I’m sure I’ve probably served someone with jaded pasts tons of times before. ","Oh, vous savez, je travaille dans une station-service. Je pense que vous êtes loin d'être la première personne au passé trouble que je sers en caisse. "
"Sc: Dmi, msc: Supernova, no sfx, Next: [D2D-39]","DD2-17","You’re not going to throw me in the nearest black hole and take my place aren’t you?","Vous n'allez pas me balancer dans le trou noir le plus proche pour prendre ma place, j'espère ?"
"No Sc, msc: Supernova, no sfx, Next: [KD13]","D2D-39","K’Kili laughs.","K'Kili rit aux éclats."
"Sc: K'Kili the Destroyer, msc: Supernova, sfx: KKILI3, Next: [DD2-18]","KD13","Not at all. I didn’t really use my powers like that. I can’t really shapeshift anymore anyways.","Pas du tout ! En vrai, je n'ai jamais utilisé mes pouvoirs de cette manière. Et de toute façon, je ne peux plus me métamorphoser."
"Sc: Dmi, msc: Supernova, no sfx, Next: [D2D-40]","DD2-18","Oh?","Comment ça ?"
"No Sc, msc: Supernova, no sfx, Next: [KD14]","D2D-40","She points to her antenna.","Elle me montre son antenne du doigt."
"Sc: K'Kili the Destroyer, msc: Supernova, sfx: KKILI2, Next: [KD15]","KD14","My antenna is a little bent. So I can’t really do that anymore. ","Mon antenne est un peu tordue. Donc la métamorphose, pour moi, c'est fini. "
"Sc: K'Kili the Destroyer, msc: Supernova, sfx: KKILI1, Next: [D2D-41]","KD15","I felt like my world was falling apart when it first happened but my wife has been so supportive. I mean I got injured trying to help her in the first place. ","J'avais l'impression que tout s'écroulait autour de moi le jour de l'accident, mais ma femme m'a énormément soutenue. En fait, je m'étais blessée en essayant de l'aider. "
"No Sc, msc: Supernova, no sfx, Next: [KD16]","D2D-41","K’Kili lifts up her hand to show her ring. I can see the admiration and pride coming from her.","K'Kili me montre sa bague d'un geste de la main. Je peux voir l'admiration et la fierté briller dans son regard."
"Sc: K'Kili the Destroyer, msc: Supernova, sfx: KKILI3, Next: [DD2-19]","KD16","My wife means everything to me. A part of me is happy we can get away and start new somewhere else.","J'aime ma femme plus que tout au monde. D'une certaine façon, je suis ravie qu'on puisse se tirer d'ici pour refaire notre vie ailleurs."
"Sc: Dmi, msc: Supernova, no sfx, Next: [KD17]","DD2-19","Wow…she sounds so lucky to have you.","Ouah… Elle a beaucoup de chance de vous avoir."
"Sc: K'Kili the Destroyer, msc: Supernova, sfx: KKili_Short, Next: [D2D-42]","KD17","I’m the lucky one.","C'est moi la chanceuse !"
"No Sc, msc: Supernova, no sfx, Next: [KD18]","D2D-42","K’Kili reaches over and places a hand on my shoulder. She has a strong grip. She probably could pull me over the counter like this.","K'Kili se rapproche et pose une main sur mon épaule. Sa poigne est solide. Elle pourrait sûrement me soulever par-dessus le comptoir si elle le voulait."
"Sc: K'Kili the Destroyer, msc: Supernova, sfx: KKILI1, Next: [KD19]","KD18","Listen kid. You don’t know me and I don’t know you too well but I feel like I should tell you… ","Écoute-moi bien. On ne se connaît pas, mais il faut que je te dise une chose. "
"Sc: K'Kili the Destroyer, msc: Supernova, sfx: KKILI2, Next: [KD20]","KD19","I don’t really know what your baggage is with whoever you’re talking to but be honest. I can tell they mean a lot to you. ","Je ne sais pas ce qui se passe avec taon pote au téléphone, mais sois honnête. Ça se voit qu'iel compte beaucoup à tes yeux. "
"Sc: K'Kili the Destroyer, msc: Supernova, sfx: KKILI3, Next: [DD2-20]","KD20","I need you to really think about what they mean to you. Don’t you want to see them?","Un conseil : réfléchis bien à ce qu'iel représente pour toi. Tu veux lae revoir, oui ou non ?"
"Sc: Dmi, msc: Supernova, no sfx, Next: [D2D-43]","DD2-20","I…can’t anyways… It's too late.","Je… Je ne peux pas. C'est trop tard."
"No Sc, msc: Supernova, no sfx, Next: [KD21]","D2D-43","K’Kili lets go of my shoulder.","K'Kili relâche mon épaule."
"Sc: K'Kili the Destroyer, msc: Supernova, sfx: KKILI1, Next: [DD2-21]","KD21","I know… Just talk to them.","Je sais… Mais parle avec iel."
"Sc: Dmi, msc: Supernova, no sfx, Next: [KD22]","DD2-21","…I’ll try.","… J'essaierai."
"Sc: K'Kili the Destroyer, msc: Supernova, sfx: KKILI3, Next: [D2D-44]","KD22","It's all you can do right?","C'est la seule chose qu'il te reste à faire de toute façon, pas vrai ?"
"No Sc, msc: Supernova, no sfx, Next: [KD23]","D2D-44","She squints at my name tag.","Elle regarde le nom sur mon badge en plissant des yeux."
"Sc: K'Kili the Destroyer, msc: Supernova, sfx: KKILI2, Next: [D2D-45]","KD23","You seem like a good kid. I’ll leave a nice review for you on Welp.","Tu m'as l'air de quelqu'un de bien, gaminx. Je te laisserai un avis positif sur Froogle."
"No Sc, msc: Supernova, no sfx, Next: [D2D-45b]","D2D-45","The woman offers me a smile and walks out of the Cosmic Fuel with nachos in hand.","La femme me sourit avant de sortir du magasin."
"No Sc, msc: Supernova, sfx: Door_Chime,Door_Close, Next: [D2D-46]","D2D-45b","-door chimes and closes-","- Le carillon sonne et la porte se referme. -"
"No Sc, msc: Supernova, no sfx, Next: [D2D-47]","D2D-46","I don’t move. Never in my life did I think I would be getting a pep talk about relationships with a customer who just wanted to buy snacks.","Je reste figæ sur place. Jamais de la vie je n'aurais imaginé recevoir des paroles d'encouragement de la part d'une cliente qui voulait juste se payer un casse-croûte."
"No Sc, msc: Supernova, no sfx, Next: [D2D-48]","D2D-47","I should be on my way out of here. Maybe catching a ride outta here on a new planet but here I am. ","Je devrais déjà être loin d'ici. Prendre n'importe quel moyen de transport pour me casser sur une autre planète. Mais non, je suis coincæ ici. "
"No Sc, msc: Supernova, no sfx, Next: [D2D-49]","D2D-48","Doomed.","Condamnæ."
"No Sc, msc: Supernova, no sfx, Next: [D2D-50]","D2D-49","…","…"
"No Sc, msc: Supernova, no sfx, Next: [D2D-51]","D2D-50","Some time passes. I don’t get any more customers and I try to busy myself with the monotony of cleaning.","Les minutes passent. C'est le calme plat au magasin. J'essaie alors de m'occuper en faisant du ménage, bien que ce soit monotone."
"No Sc, msc: Supernova, no sfx, Next: [D2D-52]","D2D-51","I think Flubber notices something is wrong cuz I find her wanting to brush up against me more as she tries to move off of her usual lounging spot.","Flubber doit sentir que quelque chose ne va pas, parce qu'elle s'éloigne de plus en plus souvent de son petit coin de sieste pour se frotter contre moi."
"No Sc, msc: Supernova, no sfx, Next: [D2D-53]","D2D-52","Rob eventually comes by. His usual cheery disposition fades as he picks up Flubber.","Puis Rob vient récupérer Flubber. Il semble moins enjoué qu'à l'ordinaire."
"No Sc, msc: Supernova, no sfx, Next: [D2D-54]","D2D-53","I think it finally hit him about what was going to happen.","Je pense qu'il a enfin compris ce qu'il allait se passer."
"No Sc, msc: Supernova, no sfx, Next: [D2D-55]","D2D-54","…","…"
"No Sc, msc: Supernova, no sfx, Next: [D2D-55b]","D2D-55","I need to rest before tomorrow.","Il faut que je me repose pour demain."
"No Sc, msc: Supernova, sfx: Door_Open,Door_Chime,Door_Close, Next: [Day3Transition]","D2D-55b","-door opens and closes with a chime-","- Le carillon sonne et la porte se referme. -"
"No Sc, msc: Supernova, no sfx, Next: [D3D-1]","Day3Transition","DAY 3","JOUR 3"
"No Sc, msc: Supernova, no sfx, Next: [D3D-2]","D3D-1","Doomsday.","Le jour de l'apocalypse."
"No Sc, msc: Supernova, no sfx, Next: [D3D-3]","D3D-2","Feels a lot quieter than how I’d imagined it.","C'est beaucoup plus calme que je l'imaginais."
"No Sc, msc: Supernova, no sfx, Next: [D3D-4]","D3D-3","Well most people evacuated… it makes sense it's this quiet. ","Enfin, la majorité de la population est déjà partie, donc… ce n'est pas si surprenant que ça. "
"No Sc, msc: Supernova, no sfx, Next: [D3D-4b]","D3D-4","There’s no Flubber no Rob just me. ","Flubber n'est pas là, et Rob non plus. Il n'y a plus que moi. "
"No Sc, msc: Supernova, sfx: Text_1, Next: [T18]","D3D-4b","-phone chimes-","- son de notification -"
"Sc: Cassiopeia, on phone, msc: Supernova, sfx: Pocket_Swoosh_2, Next: [T19]","T18","Dmi did you get my message about where to meet me at the Space Port? You haven’t been answering me since last night. ","Dmi, t'as reçu mon message pour savoir où on se rejoint au port spatial ? Tu me réponds plus depuis hier soir ! "
"Sc: Dmi, on phone, msc: Supernova, no sfx, Next: [T20]","T19"," Sorry just been so busy. You know how it is. "," Désolæ, je suis pas mal occupæ ces temps-ci. Tu connais la chanson. "
"Sc: Cassiopeia, on phone, msc: Supernova, sfx: Text_4_vibrate, Next: [D3D-5]","T20","What’s wrong with you? I would think this is a pretty big time to answer your messages! I mean we got the last space jumps of the day! ","Mais qu'est-ce qui t'arrive, à la fin ? T'as mis un sacré temps pour répondre à mes messages ! C'est pas comme si on devait prendre le dernier saut hyperspatial de la journée ! "
"No Sc, msc: Supernova, no sfx, Next: [D3D-6]","D3D-5","For once I feel tears threaten to fall from my face as I stare at my phone.","Cette fois, je sens des larmes me monter aux yeux, le regard fixé sur mon téléphone, à deux doigts de pleurer."
"No Sc, msc: Supernova, no sfx, Next: [T21]","D3D-6","I wipe my face. Why am I such a loser? I don’t wanna weigh her down. I’m doing her a favor by not telling her!","Je m'essuie le visage. Mais quel boulet ! Je ne veux pas être un poids pour elle. Si je ne lui dis rien, c'est pour son bien !"
"Sc: Cassiopeia, on phone, msc: Supernova, no sfx, Next: [DD3-1a]","T21"," Dmi?"," Dmi ?"
"No Sc, msc: Supernova, sfx: Smoke_Detector_Beep_2, Next: [DD3-1]","DD3-1a","-smoke alarm chirps-","- Le détecteur de fumée se déclenche. -"
"Sc: Dmi, msc: Supernova, no sfx, Next: [D3D-7]","DD3-1"," Really? Today of all days?"," Sérieux ? Il fallait vraiment que ça me refasse le coup aujourd'hui ?"
"No Sc, msc: Supernova, no sfx, Next: [D3D-8]","D3D-7","You’d think after all this time smoke alarms wouldn’t work the same way as they did hundreds of years ago.","Après tout ce temps, on aurait pu croire que les détecteurs de fumée fonctionneraient mieux que les modèles des siècles précédents."
"No Sc, msc: Supernova, no sfx, Next: [AD1a]","D3D-8","I tune it out as I busy myself with my normal routine. Cleaning waiting more cleaning and more waiting. ","Je m'efforce d'ignorer la sonnerie en m'occupant des tâches quotidiennes. Nettoyer, s'ennuyer, balayer, s'ennuyer encore et toujours. "
"No Sc, msc: Supernova, sfx: Door_Chime,Door_Open, Next: [AD1]","AD1a","-door opens and chimes-","- La porte s'ouvre et le carillon sonne. -"
"Sc: Aiyana, msc: Supernova, sfx: ALYANA1, Next: [D3D-9]","AD1","Oh wow. You’re actually open. ","Ouah ! Je pensais pas que ce serait encore ouvert ! "
"No Sc, msc: Supernova, no sfx, Next: [D3D-10]","D3D-9","My head whips up from where I was brooming from the already pristine floors.","Mon regard se détache du sol immaculé que je balayais à nouveau."
"No Sc, msc: Supernova, no sfx, Next: [DD3-2]","D3D-10","Xey holds a phone in xeir hand.","Xåel se tient devant moi, un téléphone à la main."
"Sc: Dmi, msc: Supernova, no sfx, Next: [D3D-11]","DD3-2"," Oh hey. Uh what are you doing here? "," Oh, bonjour. Euh… que faites-vous ici ? "
"No Sc, msc: Supernova, no sfx, Next: [D3D-12]","D3D-11","The person walks towards the counter. I walk behind it just as I usually would.","La personne s'approche du comptoir. Je me dirige de l'autre côté, comme d'habitude."
"No Sc, msc: Supernova, sfx: Smoke_Detector_Beep_2, Next: [AD2]","D3D-12","Xey pause as xey look up at the chirping smoke alarm. I watch the gears turn as xey decide to ignore it.","L'air pensif, xåel fixe du regard le détecteur de fumée qui continue de sonner. Après un instant de réflexion, xåel décide de l'ignorer. "
"Sc: Aiyana, msc: Supernova, sfx: ALYANA2, Next: [DD3-3]","AD2"," I wanted to see if I can get a snack or something. My phone said this place was open. I wanted to grab something before going back home to Earth. "," Je voulais voir si je pouvais trouver un truc à me mettre sous la dent. J'ai vu sur mon téléphone que vous étiez ouvert, donc je pensais prendre un encas avant de revenir chez moi, sur Terre. "
"Sc: Dmi, msc: Supernova, no sfx, Next: [D3D-13]","DD3-3"," Earth?"," Sur Terre ?"
"No Sc, msc: Supernova, no sfx, Next: [AD3]","D3D-13","Earth isn’t a planet you hear too often when it came to human inhabitants. Despite the supernova, Earth has already been deemed unfavorable for living compared to anywhere else.","Les humains ne parlent plus vraiment de la planète bleue ces temps-ci. Sans parler de la supernova, elle était déjà considérée comme inhabitable depuis bien longtemps."
"Sc: Aiyana, msc: Supernova, sfx: ALYANA3, Next: [AD4]","AD3"," Yeah some people actually still live there. "," Ouais, la planète n'est pas aussi déserte que l'on pense. "
"Sc: Aiyana, msc: Supernova, sfx: ALYANA1, Next: [D3D-14]","AD4"," and by some people I mean me."," Enfin, si on compte la seule personne qui y vit encore. C'est-à-dire moi."
"No Sc, msc: Supernova, no sfx, Next: [DD3-4]","D3D-14","I chuckle.","Je lâche un petit rire."
"Sc: Dmi, msc: Supernova, no sfx, Next: [AD5]","DD3-4"," Well what are you looking for? I can help you pick out something. "," Eh bien, vous avez une envie en particulier ? Je peux vous aider à choisir, si vous voulez. "
"Sc: Aiyana, msc: Supernova, sfx: ALYANA3, Next: [AD6]","AD5","Well to be honest…I don’t really care. What do you think is good? ","Pour être honnête avec vous… Je n'ai aucune préférence. Qu'est-ce que vous me conseillez ? "
"Sc: Aiyana, msc: Supernova, sfx: Alyana_Short, Next: [AD6b]","AD6","I’ll take anything.","Je prendrai n'importe quoi."
"No Sc, msc: Supernova, no sfx, Next: [TDP10-1]","AD6b","Select an item in the shop","Sélectionnez un article du magasin."
"No Sc, msc: Supernova, no sfx, Next: [TDP10-1]","AD6b-Option-1","",""
"No Sc, msc: Supernova, no sfx, Next: [TDP10-1]AD6b-Option-2","AD6b-Option-2","",""
"Sc: Aiyana, msc: Supernova, sfx: ALYANA1, Next: [TDP10-2]","TDP10-1","Hmm don’t think I’ve tried this before. ","Hmm… Je n'ai pas le souvenir d'avoir goûté ce genre de chose. "
"Sc: Aiyana, msc: Supernova, sfx: Alyana_Short, Next: [TDP10-3]","TDP10-2"," How many luncos is it?"," Ça coûte combien ?"
"Sc: Dmi, msc: Supernova, no sfx, Next: [TDP10-4]","TDP10-3","I’d be crazy to make this company richer by charging you.","Ce serait de la folie de vous faire payer pour engraisser cette entreprise."
"Sc: Aiyana, msc: Supernova, sfx: Alyana_Short, Next: [TDP10-4a]","TDP10-4"," Just checking."," Ça ne coûtait rien de demander."
"Sc: Aiyana, msc: Supernova, sfx: ALYANA1, Next: [TDP10-5]","TDP10-4a"," So what possessed you to clock in when you could be at home or better yet at the Space Port on your way out of here? "," Mais pourquoi donc pointer à votre poste alors que vous auriez pu rester chez vous ? Ou vous rendre au port spatial pour partir d'ici ? "
"Sc: Dmi, msc: Supernova, no sfx, Next: [TDP10-6]","TDP10-5"," Just a coward who thinks working at a gas station is more comfortable than confronting my problems head-on."," Je suis juste une poule mouillée qui préfère bosser dans une station-service plutôt que de faire face à ses responsabilités."
"Sc: Dmi, msc: Supernova, no sfx, Next: [TDP10-7]","TDP10-6"," What about you?"," Et vous ?"
"No Sc, msc: Supernova, no sfx, Next: [TDP10-8]","TDP10-7","Xey let out a bitter laugh.","Xåel lâche un rire amer."
"Sc: Aiyana, msc: Supernova, sfx: Alyana_Short, Next: [TDP10-9]","TDP10-8"," I stayed behind."," J'ai décidé de rester."
"Sc: Aiyana, msc: Supernova, sfx: ALYANA2, Next: [TDP10-10]","TDP10-9"," You might think it's stupid but I want to stay with the Earth in its final moments. "," Ça va peut-être vous paraître stupide, mais je souhaite rester sur Terre jusqu'à la fin de ses jours. "
"Sc: Aiyana, msc: Supernova, sfx: ALYANA1, Next: [TDP10-11]","TDP10-10","Everyone left it behind and I just don’t want to do the same. I did too much for that floating rock in space. I tried my best. ","Tout le monde est parti, mais je n'ai pas envie d'abandonner cette planète. J'ai fait trop de choses pour cette pauvre pierre qui flotte dans l'espace. J'ai fait de mon mieux. "
"Sc: Dmi, msc: Supernova, no sfx, Next: [TDP10-12]","TDP10-11","You’re just going to get sent to hell with it?","Donc vous allez partir en enfer avec elle ?"
"Sc: Aiyana, msc: Supernova, sfx: ALYANA2, Next: [TDP10-13]","TDP10-12"," That does make it sound cooler when you say it like that."," Dit comme ça, c'est beaucoup plus classe !"
"Sc: Dmi, msc: Supernova, no sfx, Next: [TDP10-14]","TDP10-13","I don’t really think it's stupid.","C'est loin d'être stupide, si vous voulez mon avis."
"Sc: Dmi, msc: Supernova, no sfx, Next: [TDP10-15]","TDP10-14","What's your name? Might as well ask while we’re here.","Comment vous vous appelez ? J'en profite tant qu'on y est."
"Sc: Aiyana, msc: Supernova, sfx: ALYANA3, Next: [TDP10-16]","TDP10-15"," It's Aiyana. Nothing special to it."," Je m'appelle Aiyana. Tout simplement."
"No Sc, msc: Supernova, no sfx, Next: [TDP10-17]","TDP10-16","Xey look at my name tag. I see as xeir eyes look back down to double check.","Xåel jette un œil à mon nom inscrit sur le badge. Une première fois, puis une seconde."
"Sc: Aiyana, msc: Supernova, sfx: Alyana_Short, Next: [TDP10-18]","TDP10-17"," Thanks for the free stuff Dmi. "," Merci pour l'encas gratuit, Dmi. "
"Sc: Dmi, msc: Supernova, no sfx, Next: [TDP10-19]","TDP10-18"," It's no problem. Just enjoy it. Thanks for being my last customer."," Pas de souci. Faites-vous plaisir. C'est ma façon de vous remercier en tant qu'ultime client·e. "
"Sc: Aiyana, msc: Supernova, sfx: ALYANA1, Next: [TDP10-20]","TDP10-19","For what it's worth I think they deserve to know. There isn’t much time left. ","Si vous voulez mon avis, je pense que vous devriez lui dire la vérité. Il ne vous reste plus beaucoup de temps. "
"Sc: Aiyana, msc: Supernova, sfx: ALYANA3, Next: [TDP10-21]","TDP10-20","I don’t think anyone should go out with regrets.","Personne ne devrait partir avec des regrets."
"No Sc, msc: Supernova, no sfx, Next: [TDP10-22]","TDP10-21","Xey go over to the door.","Xåel se dirige vers la sortie."
"Sc: Aiyana, msc: Supernova, sfx: ALYANA2, Next: [TDP10-22b]","TDP10-22","Also take out the batteries in that smoke alarm. You don’t have to be in hell already jeez. ","Au fait, pensez à retirer les piles du détecteur de fumée. Pas besoin de vivre un enfer avant d'y être ! "
"No Sc, msc: Supernova, sfx: Door_Chime,Door_Close, Next: [D3D-15a]","TDP10-22b","-door opens and closes with a chime-","- Le carillon sonne et la porte se referme. -"
"No Sc, msc: Supernova, no sfx, Next: [D3D-15]","D3D-15a","I grab my broom and give the smoke alarm a solid SMACK.","Je prends mon balai et je donne un coup sec au détecteur de fumée. BAM !"
"No Sc, msc: Supernova, no sfx, Next: [D3D-16]","D3D-15","The thing falls to the ground. Aiyana was right about how annoying the noise is when you’re not ignoring it.","L'appareil tombe au sol. Aiyana avait raison, le bruit est insoutenable quand on arrête de l'ignorer."
"No Sc, msc: Supernova, no sfx, Next: [D3D-16b]","D3D-16","Time passes.","Les minutes passent."
"No Sc, msc: Supernova, sfx: Text_1, Next: [PON-1,POP-1]","D3D-16b","-phone chimes-","- son de notification -"
"No Sc, msc: Supernova, sfx: Text_1, Next: [PON-1,POP-1]","D3D-16b-Option-1","",""
"No Sc, msc: Supernova, sfx: Text_1, Next: [PON-1,POP-1]D3D-16b-Option-2","D3D-16b-Option-2","",""
"No Sc, msc: BracingForImpact, no sfx, Next: [PON-2]","PON-1","It's Cassiopeia.","C'est Cassiopée."
"No Sc, msc: BracingForImpact, no sfx, Next: [PON-3]","PON-2","I pick up my phone but put it back down.","Je prends mon téléphone avant de le reposer."
"Sc: Dmi, msc: BracingForImpact, no sfx, Next: [PON-4]","PON-3"," Sorry Cassie. Just focus on getting out of here."," Je suis désolæ, Cassie. Concentre-toi plutôt sur ton départ."
"No Sc, msc: BracingForImpact, no sfx, Next: [PON-5]","PON-4","A sinking feeling forms in my stomach as I realize she stopped because its time for her to make her space jump.","Mon estomac se noue lorsque je réalise qu'elle ne m'enverra plus de messages. C'est l'heure de son saut dans l'hyperespace."
"No Sc, msc: BracingForImpact, no sfx, Next: [PON-6]","PON-5","She gave up.","Elle a lâché l'affaire."
"No Sc, msc: BracingForImpact, no sfx, Next: [PON-7]","PON-6","I thought I could handle this.","Je pensais pouvoir tenir le coup."
"No Sc, msc: BracingForImpact, no sfx, Next: [PON-8]","PON-7","I thought I would be fine.","Je pensais pouvoir l'accepter."
"No Sc, msc: BracingForImpact, no sfx, Next: [PON-9]","PON-8","Maybe it would have been better to just tell her. She must have cared if she wanted to speak to me so badly.","J'aurais peut-être mieux fait de lui dire. Elle devait s'inquiéter pour moi si elle voulait absolument me parler."
"No Sc, msc: BracingForImpact, no sfx, Next: [PON-10]","PON-9","I pull up a chair next to the window and take a seat.","Je tire une chaise près de la fenêtre et je m'assois."
"No Sc, msc: Supernova, no sfx, Next: [PON-11]","PON-10","Cosmic Fuel the place to fill to your heart’s content… ","Voyagez le cœur léger avec Cosmic Fuel, qu'ils disaient… "
"No Sc, msc: Supernova, no sfx, Next: [PON-12]","PON-11","Now it is the place where my heart feels the most empty. ","Mais le voyage touche à sa fin, et j'ai le cœur lourd. "
"No Sc, msc: BracingForImpact, no sfx","PON-12","I’m an idiot.","Je suis tellement stupide."
"No Sc, msc: Supernova, no sfx, Next: [POP-2]","POP-1","It's time to stop beating around the bush.","Bon, faut que j'arrête de tourner autour du pot."
"Sc: Cassiopeia, on phone, msc: Supernova, sfx: Text_4_vibrate, Next: [POP-3]","POP-2","Dmi you’re actually scaring me. Why aren’t you answering? ","Dmi, tu me fais vraiment peur, là. Pourquoi tu me réponds pas ? "
"Sc: Dmi, on phone, msc: Supernova, no sfx, Next: [POP-4]","POP-3","I can’t go to the Space Port.","Je peux pas aller au port spatial."
"No Sc, msc: Supernova, no sfx, Next: [POP-5]","POP-4","Silence.","Un silence s'installe."
"Sc: Cassiopeia, on phone, msc: Supernova, sfx: Text_4_vibrate, Next: [POP-6]","POP-5"," Are u at home?"," T'es chez toi, là ?"
"Sc: Dmi, on phone, msc: Supernova, no sfx, Next: [POP-7]","POP-6"," No."," Non."
"No Sc, msc: Supernova, no sfx, Next: [POP-8]","POP-7","Silence.","Un silence s'installe."
"Sc: Cassiopeia, on phone, msc: Supernova, sfx: Text_4_vibrate, Next: [POP-9]","POP-8"," Give me a few minutes."," Donne-moi quelques minutes."
"Sc: Dmi, on phone, msc: Supernova, no sfx, Next: [POP-10]","POP-9"," What",""
"No Sc, msc: Supernova, no sfx, Next: [POP-11]","POP-10","Cassiopeia stops replying.","Cassiopée ne répond plus."
"No Sc, msc: Supernova, no sfx, Next: [POP-12]","POP-11","I stare at my phone before typing a few more replies.","Mon regard se fige sur mon téléphone. Puis j'envoie d'autres messages."
"No Sc, msc: Supernova, no sfx, Next: [POP-13]","POP-12","Nothing.","Il n'est rien."
"No Sc, msc: Supernova, no sfx, Next: [POP-14]","POP-13","Is she mad at me? I know this has gotta take the prize for one of the worst things to ever tell someone.","Elle m'en veut, c'est ça ? Je crois bien avoir gagné le trophée de la pire phrase à dire à quelqu'un."
"No Sc, msc: Supernova, no sfx, Next: [POP-15]","POP-14","Crap.","Et merde."
"No Sc, msc: Supernova, no sfx, Next: [POP-16]","POP-15","I should have just come clean earlier. Of course she’s not going to take this well. WHO WOULD? ","J'aurais dû tout lui dire dès le début. C'était sûr qu'elle allait mal le prendre. Qui le prendrait bien ??? "
"No Sc, msc: Supernova, no sfx, Next: [POP-16b]","POP-16","I place my face in my hands and groan. For some reason the entire universe has been shooting me signs to just come clean and here I am a few hours from Doomsday and I just-- ","Je tiens ma tête entre mes mains et lâche un grognement. L'univers tout entier n'a pas arrêté de m'envoyer des signes pour que je sois honnête, mais non, je suis là, à quelques heures de l'apocalypse et… "
"No Sc, msc: Supernova, sfx: Door_Chime,Door_Open, Next: [POP-17]","POP-16b","-door opens and chimes-","- La porte s'ouvre et le carillon sonne. -"
"Sc: Dmi, msc: Supernova, no sfx, Next: [POP-18]","POP-17"," Huh?"," « Hein ? »"
"No Sc, msc: BracingForImpact, no sfx, Next: [POP-19]","POP-18","Every atom in my body freezes as I look at the panting figure standing in the doorway.","Je sens mon corps tout entier se figer à la vue de la personne qui, à bout de souffle, se tient à l'entrée."
"Sc: Dmi, msc: BracingForImpact, no sfx, Next: [POP-20]","POP-19","C-Cassiopeia…?","C-Cassiopée… ?"
"Sc: Cassiopeia, msc: BracingForImpact, sfx: CASS1, Next: [POP-21]","POP-20","You don’t know how hard it was for me to get here in the time I had left.","T'imagines pas à quel point c'était chaud pour moi d'arriver ici à temps !"
"No Sc, msc: BracingForImpact, no sfx, Next: [POP-22]","POP-21","She punches me immediately.","Et sans attendre, elle me donne un coup de poing."
"Sc: Dmi, msc: BracingForImpact, no sfx, Next: [POP-23]","POP-22"," Ow! Cassie!"," Aïe ! Cassie !"
"No Sc, msc: BracingForImpact, no sfx, Next: [POP-24]","POP-23","She punches me again.","Elle enchaîne avec un autre coup de poing."
"Sc: Cassiopeia, msc: BracingForImpact, sfx: CASS2, Next: [POP-25]","POP-24","Don’t “Ow” me! YOU WOULD PICK NOW OUT OF ALL TIMES TO TELL ME YOU WEREN’T ABLE TO GET CLEARED FOR A SPACE JUMP?","Il n'y a pas de « Aïe » qui tienne ! C'EST MAINTENANT QUE TU ME DIS QUE T'AVAIS PAS LES MOYENS DE TE PAYER UN SAUT HYPERSPATIAL ?"
"No Sc, msc: BracingForImpact, no sfx, Next: [POP-26]","POP-25","She’s fuming understandably so. ","Elle est furax. Et à juste titre. "
"Sc: Dmi, msc: BracingForImpact, no sfx, Next: [POP-27]","POP-26","I’m sorry! I didn’t want you to worry about me!","Je suis désolæ ! Je ne voulais pas que tu t'inquiètes pour moi !"
"Sc: Dmi, msc: BracingForImpact, no sfx, Next: [POP-28]","POP-27","Also things just weren’t the best. I…didn’t see how things would get better even if I found a way to go. ","Et c'était compliqué pour moi ces temps-ci… Même si j'avais trouvé le moyen de m'en sortir, je doute fort que les choses aillent mieux par la suite. "
"No Sc, msc: BracingForImpact, no sfx, Next: [POP-29]","POP-28","Cassiopeia relaxes.","Cassiopée retrouve son calme."
"Sc: Cassiopeia, msc: BracingForImpact, sfx: Cassie_Short, Next: [POP-30]","POP-29"," Is anyone else here?"," Est-ce qu'il y a d'autres personnes dans le coin ?"
"Sc: Dmi, msc: BracingForImpact, no sfx, Next: [POP-31]","POP-30"," It's just me."," Non, il n'y a que nous deux."
"Sc: Cassiopeia, msc: BracingForImpact, sfx: CASS4, Next: [POP-32]","POP-31"," Do you guys sell Chai here?"," Vous servez du thé chai ici ?"
"No Sc, msc: BracingForImpact, no sfx, Next: [POP-33a]","POP-32","Chai has always been Cassiopeia’s choice for an end-of-the-world drink. We’ve had too many late-night “What-if?” conversations for me to not remember.","Cass m'a toujours dit qu'elle se boirait un thé chai avant la fin du monde. Pas étonnant que je m'en souvienne, on a passé tellement de temps à imaginer toutes sortes de scénarios tard le soir…"
"Sc: Dmi, msc: BracingForImpact, sfx: , Next: [POP-33]","POP-33a","I’ll get that for you.","Je m'en occupe."
"Sc: Cassiopeia, msc: BracingForImpact, sfx: Cassie_Short, Next: [POP-34]","POP-33"," Thanks Dmi."," Merci, Dmi."
"No Sc, msc: BracingForImpact, no sfx, Next: [POP-35]","POP-34","I change the settings of the hot drink machine to Chai and watch as the warm drink pours into the cup.","Je change l'option de la machine à café pour faire du thé, et je regarde la boisson chaude couler dans le gobelet."
"No Sc, msc: BracingForImpact, no sfx, Next: [POP-36]","POP-35","I place the cup down on the counter in front of me and push it toward her.","Je pose ensuite le gobelet sur le comptoir devant moi avant de le glisser vers elle."
"Sc: Cassiopeia, msc: BracingForImpact, sfx: Cassie_Short, Next: [POP-37]","POP-36"," Dmi come. "," Dmi, viens avec moi. "
"No Sc, msc: BracingForImpact, no sfx, Next: [POP-38]","POP-37","She moves over to the window with her Chai in hand. I grab my chair and an extra from behind the counter and drag them over to her.","Elle se dirige vers la fenêtre, son thé chai à la main. J'attrape ma chaise, puis une autre se trouvant derrière le comptoir et je les traîne jusqu'à elle."
"No Sc, msc: BracingForImpact, no sfx, Next: [POP-38b]","POP-38","She takes a long sip of her drink before sitting down.","Elle prend une longue gorgée de sa boisson, puis elle s'assoit."
"No Sc, msc: BracingForImpact, sfx: Smoke_Detector_Beep_2, Next: [POP-39]","POP-38b","-smoke alarm chirps-","- Le détecteur de fumée se déclenche. -"
"No Sc, msc: BracingForImpact, no sfx, Next: [POP-40]","POP-39","Cassiopeia searches for the sound. I grab a nearby broom.","Cassiopée regarde autour d'elle pour voir d'où vient le son. J'attrape le premier balai qui me tombe sous la main."
"Sc: Dmi, msc: BracingForImpact, no sfx, Next: [POP-41]","POP-40"," Give me a second."," Une seconde, j'arrive."
"No Sc, msc: BracingForImpact, no sfx, Next: [POP-42]","POP-41","I land a solid SMACK at the smoke alarm and watch as it falls to pieces.","BAM ! Je donne un coup sec au détecteur de fumée, et je le regarde tomber en morceaux."
"No Sc, msc: BracingForImpact, no sfx, Next: [POP-43]","POP-42","Cassiopeia doesn’t say a word as I bring myself next to her.","Je retourne auprès de Cassiopée, qui n'a pas dit un mot depuis que je me suis levæ."
"Sc: Cassiopeia, msc: BracingForImpact, sfx: Cassie_Short, Next: [POP-44]","POP-43","As I was saying…","Donc, je disais…"
"Sc: Cassiopeia, msc: BracingForImpact, sfx: CASS4, Next: [POP-45]","POP-44"," Did you ever think about what happens after the supernova if you never told me?"," Tu ne t'es jamais demandé dans quel état j'aurais été si tu ne m'avais rien dit avant la supernova ?"
"Sc: Dmi, msc: BracingForImpact, no sfx, Next: [POP-46]","POP-45","You’d carry on without me. Probably. Cassie you’re not even going to make it back in time! ","Tu aurais continué de vivre sans moi. Enfin, je crois. Cassie, tu ne vas même pas pouvoir revenir au port à temps ! "
"No Sc, msc: BracingForImpact, no sfx, Next: [POP-47]","POP-46","Cassiopeia doesn’t answer. She takes another sip of her cheap gas station Chai.","Cassiopée ne réagit pas. Elle sirote tranquillement son thé chai bas de gamme du Cosmic Fuel."
"Sc: Cassiopeia, msc: BracingForImpact, sfx: CASS3, Next: [POP-48]","POP-47","Nice try. Dmi you’re one of the most important people to me. ","Bien tenté. Mais t'es l'une des personnes les plus importantes à mes yeux. "
"Sc: Cassiopeia, msc: BracingForImpact, sfx: CASS1, Next: [POP-49]","POP-48","I’m here because I want to be here with you!","Si je suis là, c'est parce que j'ai envie d'être à tes côtés !"
"Sc: Dmi, msc: BracingForImpact, no sfx, Next: [POP-50]","POP-49"," Cass--"," Cass…"
"Sc: Cassiopeia, msc: BracingForImpact, sfx: CASS2, Next: [POP-51]","POP-50"," You have been giving me the slip for days and I knew something was up!"," T'as pas arrêté de m'éviter ces derniers jours, je me doutais bien que tu me cachais quelque chose !"
"No Sc, msc: BracingForImpact, no sfx, Next: [POP-52]","POP-51","Tears well up in my eyes. I can’t help it.","Les larmes me montent aux yeux. Cette fois, c'est plus fort que moi."
"Sc: Cassiopeia, msc: BracingForImpact, sfx: Cassie_Short, Next: [POP-53]","POP-52","Dmi? Come on…","Dmi ? Oh, viens par là…"
"No Sc, msc: BracingForImpact, no sfx, Next: [POP-54]","POP-53","She takes me into her arms before she wipes at my tears. She holds my face in her hands. I can’t pinpoint the emotion I see in her face.","Elle me prend dans ses bras et, mon visage entre ses mains, elle essuie mes larmes. Je la dévisage, mais j'ai du mal à deviner ce qu'elle ressent."
"No Sc, msc: BracingForImpact, no sfx, Next: [POP-55]","POP-54","Was it pity?","Était-ce de la pitié ?"
"Sc: Cassiopeia, msc: BracingForImpact, sfx: CASS1, Next: [POP-56]","POP-55","I want to be here with you. Don’t cry.","Ne pleure pas. Je veux rester là, avec toi."
"No Sc, msc: BracingForImpact, no sfx, Next: [POP-57]","POP-56","…love? Was that it?","Ou alors était-ce… de l'amour ?"
"Sc: Dmi, msc: BracingForImpact, no sfx, Next: [POP-58]","POP-57"," I wish we had more time. I wish we could have done more things together or had a chance to just live in another galaxy. Or at least you should be able to leave-- "," Si seulement on avait eu plus de temps. Si seulement on avait pu faire plus de choses ensemble, ou trouvé le moyen de vivre dans une autre galaxie. Mais surtout, tu aurais dû partir… "
"No Sc, msc: BracingForImpact, no sfx, Next: [POP-59]","POP-58","Cassiopeia wipes at my tears some more. I see her own tears threaten to fall.","Cassiopée essuie de nouveau mes larmes. Elle est presque sur le point de pleurer à son tour."
"Sc: Cassiopeia, msc: BracingForImpact, sfx: CASS3, Next: [POP-60]","POP-59","I don’t want to leave without you.","Je ne veux pas partir sans toi."
"No Sc, msc: BracingForImpact, no sfx, Next: [POP-60b]","POP-60","I wipe at my own tears.","J'essuie mes propres larmes."
"No Sc, msc: BracingForImpact, sfx: Text_1, Next: [TPOP-1]","POP-60b","-phone chimes-","- son de notification -"
"No Sc, on phone, msc: BracingForImpact, no sfx, Next: [POP-61]","TPOP-1","SUPERNOVA IMMINENT. EVACUATE IMMEDIATELY.","SUPERNOVA IMMINENTE. VEUILLEZ ÉVACUER LES LIEUX DE TOUTE URGENCE."
" ""added missing string""","TPOP-2","!!! DEIMOS MOON WARNING !!!","!!! DÉIMOS-ALERTE !!!"
"Sc: Dmi, msc: BracingForImpact, no sfx, Next: [POP-62]","POP-61","A little late for that isn’t it?","C'est un peu tard pour ça, non ?"
"No Sc, msc: BracingForImpact, no sfx, Next: [POP-63]","POP-62","I scoot my chair closer to Cassiopeia. She’s a beacon in this time where I thought I would be alone.","Je rapproche ma chaise de Cassiopée. Elle est comme un phare dans l'obscurité qui me rappelle que je ne suis pas seul·e."
"No Sc, msc: BracingForImpact, no sfx, Next: [POP-64]","POP-63","I didn’t think I would be ready for this. I still don’t think I am.","Je n'ai jamais pensé être prêt·e pour ce moment. Et même maintenant, je ne le suis toujours pas."
"No Sc, msc: BracingForImpact, no sfx, Next: [POP-65]","POP-64","Cassiopeia takes my hand and smiles as she gives it a squeeze.","Cassiopée me prend la main et la serre doucement, le sourire aux lèvres."
"No Sc, msc: BracingForImpact, no sfx, Next: [POP-66]","POP-65","Okay…","OK…"
"No Sc, msc: BracingForImpact, no sfx, Next: [POP-67]","POP-66","Alright…","Ça va aller…"
"Sc: Dmi, msc: BracingForImpact, no sfx, Next: [POP-68]","POP-67","Thank you Cassie. ","Merci, Cassie. "
"No Sc, msc: BracingForImpact, no sfx, Next: [POP-69]","POP-68","She chuckles somehow she’s still smug even now. ","Elle lâche un petit rire et me regarde d'un air satisfait, malgré tout. "
"Sc: Cassiopeia, msc: BracingForImpact, sfx: Cassie_Short, Next: [POP-70]","POP-69"," I love you too Dmi. "," Moi aussi, je t'aime. "
"No Sc, msc: BracingForImpact, no sfx, Next: [POP-71]","POP-70","I return her laugh as our world goes white.","Je ris à mon tour, et le monde autour de nous devient blanc."
"No Sc, msc: BracingForImpact, no sfx","POP-71","I was never really alone.","Je n'ai jamais été seul·e."
