"location","context","source","target"
"O1","No Sc, msc: SupernovaAlt, no sfx, Next: [O2]","The Solar System. We all know it well. Home to an indescribable number of lifeforms across each planet.","O Sistema Solar. Todes conhecem ele bem. É o lar de incontáveis formas de vida espalhadas por todos os planetas."
"O2","No Sc, msc: SupernovaAlt, no sfx, Next: [O3]","That doesn’t matter much anymore. The Solar System is reaching its end and our Sun is reaching the end of its days. From Mercury to Uranus (Justice for Pluto) people are evacuating to escape the incoming supernova.","Isso não importa tanto agora. O Sistema Solar tá chegando ao seu fim e nosso Sol tá com seus dias contados. De Mercúrio a Urano (Força, Plutão), pessoas tem evacuando pra escapar da supernova que tá chegando. "
"O3","No Sc, msc: SupernovaAlt, no sfx, Next: [O4]","and I’m clocking in.","e eu tô batendo o ponto."
"O4","No Sc, msc: SupernovaAlt, no sfx, Next: [O5a]","It's a slow day. Not that it wasn’t expected or anything. A lot of people have evacuated already, or they just want to spend their money elsewhere besides our dingy gas station. ","Tá um dia sossegado. Não que isso não seja esperado. Muita gente já evacuou, ou só querem gastar seu dinheiro em qualquer lugar que não seja o nosso posto fuleiro. "
"O5a","No Sc, msc: SupernovaAlt, sfx: Text_1, Next: [O5b]","-phone chimes-","-celular apita-"
"O5b","No Sc, msc: SupernovaAlt, sfx: , Next: [T1]","Crap.","Merda."
"T1","Sc: Cassiopeia, on phone, msc: SupernovaAlt, sfx: Pocket_Swoosh_1, Next: [TDN1-1,TDP1-1]","Hey, did you finish packing?","Ei, você terminou de fazer as malas?"
"T1-Option-1","Sc: Cassiopeia, on phone, msc: SupernovaAlt, sfx: Pocket_Swoosh_1, Next: [TDN1-1,TDP1-1]","Yeah. (Lie)","Terminei. (Mentir)"
"T1-Option-2","Sc: Cassiopeia, on phone, msc: SupernovaAlt, sfx: Pocket_Swoosh_1, Next: [TDN1-1,TDP1-1]","No, I’m at work right now.","Não, tô no trampo agora."
"TDN1-1","Sc: Dmi, on phone, msc: SupernovaAlt, no sfx, Next: [TDN1-2]","Yeah. Just handling some things right now.","Sim. Só tô resolvendo umas coisas agora."
"TDN1-2","Sc: Cassiopeia, on phone, msc: SupernovaAlt, sfx: Text_4_vibrate, Next: [TDN1-3]","Are you home? I can swing by your place to help.","Você tá em casa? Eu posso passar aí pra te ajudar."
"TDN1-3","Sc: Dmi, on phone, msc: SupernovaAlt, no sfx, Next: [ROD1-1]","No, its fine. I’m at work. The grind doesn’t stop.","Não, tá de boa. Tô no trampo. Não tenho sossego."
"TDP1-1","Sc: Dmi, on phone, msc: SupernovaAlt, no sfx, Next: [TDP1-2]","I’m on the grind right now. I’ll see about that later.","Tô na correria agora. Vou ver isso depois."
"TDP1-2","Sc: Cassiopeia, on phone, msc: SupernovaAlt, sfx: Text_4_vibrate, Next: [TDP1-3]","Dmi the SUN is gonna explode!?!?!?!","Dmi, o SOL vai explodir!?!?!?"
"TDP1-3","Sc: Dmi, on phone, msc: SupernovaAlt, no sfx, Next: [ROD1-1]","Yeah, and my account is gonna overdraft.","Aham, e a minha conta vai negativar."
"ROD1-1","Sc: Rob, msc: SupernovaAlt, sfx: Rob_Short, Next: [D1D-1]","Dmi!","Dmi!"
"D1D-1","No Sc, msc: SupernovaAlt, sfx: PhoneHangUp, Next: [DD1-1]","I jump from my seat and slam my phone onto the side of the counter.","Eu pulo da cadeira e enfio meu celular no canto do balção."
"DD1-1","Sc: Dmi, msc: SupernovaAlt, no sfx, Next: [D1D-2]","I wasn’t on my phone!","Eu não tava no celular!"
"D1D-2","No Sc, msc: SupernovaAlt, sfx: RobHuff2, Next: [ROD1-2]","Rob huffs.","Rob bufa."
"ROD1-2","Sc: Rob, msc: SupernovaAlt, sfx: ROB2, Next: [FOD1-1]","I’m not your mother. I’m heading out, but I’m gonna leave Flubber with you.","Eu não sou tua mãe. Eu tô de saida, mas vou deixar a Flubber com você."
"FOD1-1","No Sc, msc: SupernovaAlt, sfx: FLUBBER1, Next: [DD1-2]","Flubber meows","Flubber mia."
"DD1-2","Sc: Dmi, msc: SupernovaAlt, no sfx, Next: [ROD1-3]","Come on, Rob. What am I? A cat-sitter? and on company time?","Qual é, Rob. Eu sou o quê? Babá de gato? e em horário de trabalho?"
"ROD1-3","Sc: Rob, msc: SupernovaAlt, sfx: ROB3, Next: [DD1-3]","Well, I’ll dock your pay if you don’t!","Olha, eu vou tirar do seu salário se você não cuidar dela!"
"DD1-3","Sc: Dmi, msc: SupernovaAlt, no sfx, Next: [ROD1-4]","Don’t you do that already?","Você já não faz isso?"
"ROD1-4","Sc: Rob, msc: SupernovaAlt, no sfx, Next: [DD1-4]","...","..."
"DD1-4","Sc: Dmi, msc: SupernovaAlt, no sfx, Next: [ROD1-5]","...","..."
"ROD1-5","Sc: Rob, msc: SupernovaAlt, sfx: Rob_Short, Next: [ROD1-6]","...anyways.","...enfim."
"ROD1-6","Sc: Rob, msc: SupernovaAlt, sfx: ROB3, Next: [ROD1-7]","I gotta help my mom pack, and Flubber likes to play in boxes.","Preciso ajudar minha mãe a fazer as malas, e a Flubber gosta de brincar com caixas."
"ROD1-7","Sc: Rob, msc: SupernovaAlt, sfx: ROB2, Next: [FD1-1]","Besides, she likes you anyway!","Sem contar que ela gosta de você!"
"FD1-1","Sc: Flubber, msc: SupernovaAlt, sfx: FLUBBER2, Next: [ROD1-8]","Meow","Miau"
"ROD1-8","Sc: Rob, msc: SupernovaAlt, sfx: Rob_Short, Next: [DD1-5]","See?","Viu?"
"DD1-5","Sc: Dmi, msc: SupernovaAlt, no sfx, Next: [ROD1-9]","Fine...","Tá bom..."
"ROD1-9","Sc: Rob, msc: SupernovaAlt, sfx: ROB1, Next: [ROD1-10]","Thanks! Thats why I always tell people we need more Dmis at Cosmic Fuel!","Valeu! Por isso que eu sempre falo que nós precisamos de mais Dmis na Astrobrás!"
"ROD1-10","No Sc, msc: SupernovaAlt, sfx: Door_Chime,Door_Close, Next: [D1D-3]","-door opens and chimes-","-porta abre e apita-"
"D1D-3","No Sc, msc: SupernovaAlt, no sfx, Next: [D1D-4]","Ugh, Rob’s always piling stuff on me like this.","Afe, o Rob sempre joga coisa pra cima de mim."
"D1D-4","No Sc, msc: SupernovaAlt, no sfx, Next: [CalderEnter]","I stare at my phone. I shouldn’t leave Cassie hanging…","Eu encaro meu celular. Eu não devia deixar a Cassie no vácuo..."
"CalderEnter","No Sc, msc: SupernovaAlt, sfx: Door_Chime,Door_Open, Next: [D1D-5]","-door opens and chimes-","-porta abre e apita-"
"D1D-5","No Sc, msc: SupernovaAlt, no sfx, Next: [D1D-6]","Cassiopeia’s got to wait.","A Cassiopeia vai ter que esperar."
"D1D-6","No Sc, msc: SupernovaAlt, no sfx, Next: [DD1-6]","The customer before me nods her head to the beat coming from her headphones. He sizes up the shelves. Almost looks like he has the intention of cleaning out our stock.","A cliente balança a cabeça conforme a batida do seu fone. Ele analisa as prateleiras. Parece até que quer esvaziar nosso estoque. "
"DD1-6","Sc: Dmi, msc: SupernovaAlt, no sfx, Next: [CAD-1]","Uh, do you need anything?","Hm, precisa de alguma coisa?"
"CAD-1","Sc: Calder, msc: SupernovaAlt, sfx: Calder_Short, Next: [D1D-7]","What!?","O quê?!"
"D1D-7","No Sc, msc: SupernovaAlt, no sfx, Next: [DD1-7]","What type of music is that? R&B? Retro R&B?","Que tipo de música é essa? R&B? R&B retrô?"
"DD1-7","Sc: Dmi, msc: SupernovaAlt, no sfx, Next: [CAD-2]","DO YOU NEED ANYTHING?","VOCÊ PRECISA DE ALGUMA COISA?"
"CAD-2","Sc: Calder, msc: SupernovaAlt, sfx: CALDER2, Next: [DD1-8]","DO I WHAT? I’M NOT GOOD AT READING LIPS!","EU O QUÊ? SOU PÉSSIMA EM LER LÁBIOS!"
"DD1-8","Sc: Dmi, msc: SupernovaAlt, no sfx, Next: [CAD-3]","TURN IT DOWN!","ABAIXA O VOLUME!"
"CAD-3","Sc: Calder, msc: SupernovaAlt, sfx: Calder_Short, Next: [D1D-8]","Oh!","Ah!"
"D1D-8","No Sc, msc: SupernovaAlt, no sfx, Next: [CAD-4]","She adjusts the volume of her headphones.","Ela ajusta o volume do seu fone."
"CAD-4","Sc: Calder, msc: SupernovaAlt, sfx: CALDER1, Next: [CAD-5]","Sorry, I sometimes forget to just turn off the music.","Foi mal, as vezes eu esqueço de pausar a música."
"CAD-5","Sc: Calder, msc: SupernovaAlt, sfx: CALDER3, Next: [DD1-9a,DD1-11a]","Do you have a Doomsday sale going on?","Vocês tem um desconto de Fim dos Tempos rolando?"
"CAD-5-Option-1","Sc: Calder, msc: SupernovaAlt, sfx: CALDER3, Next: [DD1-9a,DD1-11a]","Doomsday Sale?","Desconto de Fim dos Tempos?"
"CAD-5-Option-2","Sc: Calder, msc: SupernovaAlt, sfx: CALDER3, Next: [DD1-9a,DD1-11a]","Sure, if you just take it.","Claro, é só você levar."
"DD1-9a","Sc: Dmi, msc: SupernovaAlt, no sfx, Next: [DD1-9b]","Doomsday Sale?","Desconto de Fim dos Tempos?"
"DD1-9b","Sc: Dmi, msc: SupernovaAlt, no sfx, Next: [CAD-6]","We’re supposed to have one?","Era pra gente ter um?"
"CAD-6","Sc: Calder, msc: SupernovaAlt, sfx: CALDER2, Next: [D1D-9]","Well, why not? I looked it up on Froogle.","Ué, por que não? Dei uma olhada sobre no Froogle."
"D1D-9","No Sc, msc: SupernovaAlt, no sfx, Next: [DD1-10]","I sigh. She’s one of those customers.","Eu suspiro. Ela é uma daquelas clientes."
"DD1-10","Sc: Dmi, msc: SupernovaAlt, no sfx, Next: [CAD-9]","Sorry, there are no Doomsday promotions going on. If you cash in with your Cosmic membership that’ll take a few luncos off.","Desculpa, não tem nenhuma promoção de Fim dos Tempos acontecendo. Se você usar sua fidelidade Cosmic, você vai ganhar alguns luncos de desconto."
"DD1-11a","Sc: Dmi, msc: SupernovaAlt, no sfx, Next: [DD1-11b]","Sure, if you just take it.","Claro, é só você levar."
"DD1-11b","Sc: Dmi, msc: SupernovaAlt, no sfx, Next: [D1D-10]","It’ll be 100% off then.","O desconto vai ser de 100% então."
"D1D-10","No Sc, msc: SupernovaAlt, no sfx, Next: [CAD-7]","Calder’s eyes widen.","Calder arregala os olhos."
"CAD-7","Sc: Calder, msc: SupernovaAlt, sfx: CALDER1, Next: [D1D-11]","Really? I can just take it?","Sério? É só levar?"
"D1D-11","No Sc, msc: SupernovaAlt, no sfx, Next: [DD1-12]","Excitement spreads across his face.","A alegria toma conta de seu rosto."
"DD1-12","Sc: Dmi, msc: SupernovaAlt, no sfx, Next: [D1D-12]","No.","Não."
"D1D-12","No Sc, msc: SupernovaAlt, no sfx, Next: [CAD-8]","Her smile fades.","Seu sorriso some."
"CAD-8","Sc: Calder, msc: SupernovaAlt, sfx: Calder_Short, Next: [D1D-13]","Aww man.","Poxa, cara."
"D1D-13","No Sc, msc: SupernovaAlt, sfx: Calder_Grunt3, Next: [CAD-9]","He huffs.","Ele bufa."
"CAD-9","Sc: Calder, msc: SupernovaAlt, sfx: CALDER1, Next: [DD1-13]","Alright then, can I put 400 Luncos on pump 2, and what type of fizzy drinks do you have? You’ve gotta have a 2-for-1 deal here.","Beleza então, posso colocar 400 Luncos no tanque 2, e quais tipos de bebidas com gás você tem? Tem que ter pelo menos um desconto de 2-por-1 aqui."
"DD1-13","Sc: Dmi, msc: SupernovaAlt, no sfx, Next: [CalderShopChoice]","Hold on, I think I have something in mind.","Espera, acho que tenho algo em mente."
"CalderShopChoice","No Sc, msc: SupernovaAlt, no sfx, Next: [TDP2-1,TDN2-1]","Select an item in the shop","Selecione um item na loja."
"CalderShopChoice-Option-1","No Sc, msc: SupernovaAlt, no sfx, Next: [TDP2-1,TDN2-1]","",""
"CalderShopChoice-Option-2","No Sc, msc: SupernovaAlt, no sfx, Next: [TDP2-1,TDN2-1]CalderShopChoice-Option-2","",""
"TDP2-1","No Sc, msc: SupernovaAlt, no sfx, Next: [TDP2-2]","Her eyes light up from the soda in my hand.","Os olhos dela brilham ao ver o refrigerante na minha mão."
"TDP2-2","Sc: Calder, msc: SupernovaAlt, sfx: CALDER1, Next: [TDP2-3]","You guys carry Deia Deia Soda!? I have a coupon for those!","Vocês tem Refri Deia Deia!? Eu tenho um cupom pra eles!"
"TDP2-3","No Sc, msc: SupernovaAlt, no sfx, Next: [TDP2-4]","He pulls out a comically large coupon book and flips through the pages. She passes a coupon with a picture of Deia Deia Soda.","Ele pega um livro de cupons gigantesco e folheia as páginas. Ela me entrega um cupom com uma imagem do Refri Deia Deia."
"TDP2-4","Sc: Dmi, msc: SupernovaAlt, no sfx, Next: [TDP2-5a]","Huh. I guess you do. I’ll ring you up.","Eita. E não é que tem mesmo? Vou passar aqui."
"TDP2-5a","No Sc, msc: SupernovaAlt, sfx: CashRegister, Next: [TDP2-5]","-register chimes-","-a caixa registradora apita-"
"TDP2-5","Sc: Calder, msc: SupernovaAlt, sfx: CALDER3, Next: [TDP2-6a]","Thanks!","Brigada!"
"TDP2-6a","No Sc, msc: SupernovaAlt, sfx: Door_Chime,Door_Close, Next: [TDP2-6]","-door chimes and closes-","-a porta apita e fecha-"
"TDP2-6","No Sc, msc: SupernovaAlt, no sfx, Next: [D1D-14a]","The candle-headed alien makes his way out of the gas station. I catch a glimpse of a snazzy-looking ship outside. She’s got good taste.","O alienígena cabeça-de-vela vai embora. Vejo de relance uma nave descoladíssima lá fora. Ela tem bom gosto."
"D1D-14a","No Sc, msc: SupernovaAlt, sfx: FLUBBER1, Next: [D1D-14]","Flubber meows","Flubber mia."
"TDN2-1","Sc: Calder, msc: SupernovaAlt, sfx: CALDER1, Next: [TDN2-2]","Uh, this isn’t what I was really looking for.","Ugh, não era isso que eu tava procurando."
"TDN2-2","Sc: Calder, msc: SupernovaAlt, sfx: CALDER3, Next: [TDN2-3]","I’ve gotta go! I almost forgot there is a sale on 5D glasses on Uranus!","Tenho que ir! Eu quase esqueci de tem um desconto de óculos 5D rolando em Urano!"
"TDN2-3","No Sc, msc: SupernovaAlt, sfx: Door_Chime,Door_Close, Next: [D1D-14]","He bolts out of the gas station.","Ele sai em disparada do posto de combustível."
"D1D-14","No Sc, msc: SupernovaAlt, no sfx, Next: [D1D-15]","Flubber stares, unblinking.","Flubber encara, sem piscar."
"D1D-15","No Sc, msc: SupernovaAlt, no sfx, Next: [ZD1a]","She usually does that when she’s happy!","Ela costuma fazer isso quando tá feliz!"
"ZD1a","No Sc, msc: SupernovaAlt, sfx: Door_Chime,Door_Open, Next: [D1D-16]","-door opens and chimes-","-porta abre e apita-"
"D1D-16","No Sc, msc: SupernovaAlt, no sfx, Next: [ZD1]","The cloudy person who enters the gas station yawns loudly. Her badge twinkles under the industrial lights.","Uma pessoa nuviosa entra na loja e boceja alto. Seu crachá cintila, refletindo as luzes industriais."
"ZD1","Sc: Zerua, msc: SupernovaAlt, sfx: ZERUA_SLEEPY1, Next: [ZD1b]","I’m starting a new job outside of the solar system. Do you have Zolkan Coffee perchance?","Estou começando um novo emprego fora do sistema solar. Você teria Café Zolkano?"
"ZD1b","No Sc, msc: SupernovaAlt, sfx: , Next: [TDP3-1,TDN3-1]","Select an item in the shop","Selecione um item na loja."
"ZD1b-Option-1","No Sc, msc: SupernovaAlt, sfx: , Next: [TDP3-1,TDN3-1]","",""
"ZD1b-Option-2","No Sc, msc: SupernovaAlt, sfx: , Next: [TDP3-1,TDN3-1]ZD1b-Option-2","",""
"TDP3-1","Sc: Zerua, msc: SupernovaAlt, sfx: ZERUA_SLEEPY2, Next: [TDP3-2]","Oh, my stars! Thank you!","Ah, santas estrelas! Obrigada!"
"TDP3-2","No Sc, msc: SupernovaAlt, no sfx, Next: [TDP3-3]","Before the drink sits for more than a nanosecond, it takes a long sip. I don’t think I’ve ever seen anyone down hot coffee that fast before…","No mesmo nanossegundo em que a bebida encosta no balcão, ili bebe tudo com um só gole. Acho que eu nunca vi alguém descer um copo inteiro de café quente tão rápido assim..."
"TDP3-3","Sc: Zerua, msc: SupernovaAlt, sfx: Zerua_Short, Next: [TDP3-4]","Ah, that's better.","Ah, agora sim."
"TDP3-4","No Sc, msc: SupernovaAlt, no sfx, Next: [TDP3-5]","I eye their badge and rattle my brain for a topic of conversation.","Olho pro seu crachá e vasculho o meu cérebro pra tentar puxar assunto."
"TDP3-5","Sc: Dmi, msc: SupernovaAlt, no sfx, Next: [TDP3-6]","Are you a clouditech? I think I’ve seen a badge like that before.","Você é uma nuvitecta? Acho que já vi um crachá assim antes."
"TDP3-6","No Sc, msc: SupernovaAlt, no sfx, Next: [TDP3-7]","It lets out a big smile. It's as if they’ve been waiting for anyone to ask them all day.","Ili dá um sorriso de ponta a ponta. É como se ili tivesse esperando alguém fazer essa pergunta o dia todo."
"TDP3-7","Sc: Zerua, msc: SupernovaAlt, sfx: ZERUA_AWAKE2, Next: [TDP3-8]","Yes! I’m starting a new job architecting artificial clouds! I’ve been looking for a job forever.","Sim! Eu estou começando um novo emprego arquitetando nuvens artificiais! Venho procurando um emprego há uma eternidade!"
"TDP3-8","No Sc, msc: SupernovaAlt, no sfx, Next: [TDP3-9]","She waves her finger above her to-go cup. A mini cloud forms above their cup. Bits of snow sprinkle down. She smiles proudly.","Com um aceno do dedo indicador, ela cria uma mini nuvem acima de seu copo pra viagem. Pedacinhos de neve caem. Ela sorri, orgulhosa. "
"TDP3-9","No Sc, msc: SupernovaAlt, no sfx, Next: [TDP3-10]","I smile too.","Eu sorrio também."
"TDP3-10","Sc: Dmi, msc: SupernovaAlt, no sfx, Next: [TDP3-11]","I hope your first day is all you want it to be.","Espero que seu primeiro dia seja tudo o que você deseja."
"TDP3-11","Sc: Zerua, msc: SupernovaAlt, sfx: ZERUA_AWAKE1,CashRegister, Next: [TDP3-11b]"," Thank you! Please stay safe leaving the solar system soon! Tallyho!"," Obrigada! Por favor fique segure quando for sair do sistema solar em breve! Tchau-tchau!"
"TDP3-11b","No Sc, msc: SupernovaAlt, sfx: Door_Chime,Door_Close, Next: [D1D-17a]","-door chimes and closes-","-a porta apita e fecha-"
"TDN3-1","Sc: Zerua, msc: SupernovaAlt, sfx: ZERUA_SLEEPY1, Next: [TDN3-2]","This isn’t quite what I’m looking for…","Isso não é bem o que eu estava procurando..."
"TDN3-2","No Sc, msc: SupernovaAlt, no sfx, Next: [TDN3-3]","They pull out their phone and notice the time. It seems to wake her up a little, but not much.","Elu puxa o celular e vê a hora. Isso parece acordar ela um pouco, mas não muito."
"TDN3-3","Sc: Zerua, msc: SupernovaAlt, sfx: ZERUA_AWAKE3, Next: [TDN3-4]","Oh! Look at the time. I’ll just figure out a way to stay up when I get there! Tallyho, gas station employee!","Ah! Olha só a hora. Eu dou um jeito de ficar acordade quando chegar lá! Tchau-tchau, funcionárie do posto!"
"TDN3-4","Sc: Dmi, msc: SupernovaAlt, no sfx, Next: [TDN3-4b]"," I have a nametag--"," Eu tenho um crachá..."
"TDN3-4b","No Sc, msc: SupernovaAlt, sfx: Door_Chime,Door_Close, Next: [D1D-17a]TDN3-4b","-door chimes and closes-","-a porta apita e fecha-"
"D1D-17a","No Sc, msc: SupernovaAlt, sfx: FLUBBER2, Next: [D1D-17]","Flubber meows","Flubber mia."
"D1D-17","No Sc, msc: SupernovaAlt, sfx: Flubber_Burp, Next: [D1D-18]","Flubber floats and burps. I smile and give her a pat on the head.","Flubber flutua e arrota. Eu sorrio e acaricio a cabeça dela."
"D1D-18","No Sc, msc: SupernovaAlt, no sfx, Next: [D1D-19]","She looks proud of herself.","Ela parece orgulhosa de si mesma."
"D1D-19","No Sc, msc: SupernovaAlt, sfx: Boom_2, Next: [DD1-14]","I jump up from my seat as I hear a boom come from outside.","Eu pulo da minha cadeira quando ouço um estrondo vindo do lado de fora."
"DD1-14","Sc: Dmi, msc: SupernovaAlt, no sfx, Next: [8D-1a]"," What the hell--!?"," O que que foi isso...!?"
"8.0D-1a","No Sc, msc: SupernovaAlt, sfx: Door_Chime,Door_Open, Next: [8D-1]","-door opens and chimes-","-porta abre e apita-"
"8.0D-1","Sc: 8008, msc: SupernovaAlt, sfx: 80008_Short, Next: [DD1-15]","Sup.","Eae?"
"DD1-15","Sc: Dmi, msc: SupernovaAlt, no sfx, Next: [D1D-20]","Uh, sup? What was that?","Uhh, eae? O que que foi aquilo?"
"D1D-20","No Sc, msc: SupernovaAlt, no sfx, Next: [8D-2]","He ignores me and his eyes- er...screen look up.","Ele me ignora e seus olhos- erm... tela olham pra cima."
"8.0D-2","Sc: 8008, msc: SupernovaAlt, sfx: 80008_2, Next: [DD1-16]","What was what?","O que foi o quê?"
"DD1-16","Sc: Dmi, msc: SupernovaAlt, no sfx, Next: [8D-3]","The boom?","O estrondo?"
"8.0D-3","Sc: 8008, msc: SupernovaAlt, sfx: 80008_Short, Next: [DD1-17]","What boom?","Que estrondo?"
"DD1-17","Sc: Dmi, msc: SupernovaAlt, no sfx, Next: [DD1-18]","The-- okay.","O... beleza."
"DD1-18","Sc: Dmi, msc: SupernovaAlt, no sfx, Next: [D1D-21]","Do you need something?","Você precisa de algo?"
"D1D-21","No Sc, msc: SupernovaAlt, sfx: 80008_hum2, Next: [8D-4]","A low hum comes from his circuits. He’s thinking.","Um zunido baixo sai de seus circuitos. Ele tá pensando."
"8.0D-4","Sc: 8008, msc: SupernovaAlt, sfx: 80008_1, Next: [D1D-22]","You sell any Arinator brand stuff here? That one made by that smoking cyborg from outta the solar system?","Vocês vendem alguma coisa da marca Arinator aqui? A marca daquela ciborgue sexy de fora do sistema solar?"
"D1D-22","No Sc, msc: SupernovaAlt, no sfx, Next: [DD1-19]","I’ve heard of Arinator probably. Cassiopeia’s a big fan of singers. Though something was kind of funny about this guy’s desperation. ","Eu provavelmente já ouvi falar da Arinator. Cassiopeia gosta muito de cantores. Mas tem alguma coisa engraçada no desespero desse cara. "
"DD1-19","Sc: Dmi, msc: SupernovaAlt, no sfx, Next: [8D-5]","I mean, I can check to see what we got.","Bom, eu posso dar uma olhadinha no que temos."
"8.0D-5","Sc: 8008, msc: SupernovaAlt, sfx: 80008_3, Next: [8D-5b]","Sweet! I’ll also be putting 700 luncos on pump 2.","Show! Eu também vou colocar 700 luncos na bomba 2."
"8.0D-5b","No Sc, msc: SupernovaAlt, sfx: , Next: [TDP4-1,TDN4-1]","Select an item in the shop","Selecione um item na loja."
"8D-5b-Option-1","No Sc, msc: SupernovaAlt, sfx: , Next: [TDP4-1,TDN4-1]","",""
"8D-5b-Option-2","No Sc, msc: SupernovaAlt, sfx: , Next: [TDP4-1,TDN4-1]8D-5b-Option-2","",""
"TDP4-1","Sc: 8008, msc: SupernovaAlt, sfx: 80008_1, Next: [TDP4-5]","Yes! Arinator’s limited edition Mint choco paste? I thought this was sold out everywhere!","Isso! A pasta de dente de edição limitada da Arinator sabor chocomenta? Eu achava que tava esgotada em todo lugar!"
"TDP4-5","Sc: Dmi, msc: SupernovaAlt, no sfx, Next: [TDP4-6]","I mean, it's mint chocolate toothpaste isn’t it?","Tipo, é pasta de dente de chocomenta, né?"
"TDP4-6","Sc: Dmi, msc: SupernovaAlt, no sfx, Next: [TDP4-7]","I don’t think anyone is in a rush to buy that.","Eu não acho que ninguém tá correndo pra comprar isso."
"TDP4-7","Sc: 8008, msc: SupernovaAlt, sfx: 80008_2,CashRegister, Next: [TDP4-7b]","You just don’t understand the intricacies of something like this! Anything she endorses is a godsend!","Você simplesmente não faz ideia do quão complexo isso aqui é! Tudo que ela indica é divino!"
"TDP4-7b","No Sc, msc: SupernovaAlt, sfx: Door_Close,Door_Chime, Next: [TDP4-8]","-door chimes and closes-","-a porta apita e fecha-"
"TDP4-8","No Sc, msc: SupernovaAlt, no sfx, Next: [TDP4-9]","He wipes his face (screen?). Then blasts off with his bang of Arinator branded toothpaste in hand.","Ele limpa seu rosto (tela?). E decola com seu tubão de pasta de dente Arinator na mão."
"TDP4-9","No Sc, msc: SupernovaAlt, no sfx, Next: [D1D-24a]","Glad he found what he wanted.","Que bom que ele achou o que queria."
"TDN4-1","Sc: 8008, msc: SupernovaAlt, sfx: 80008_Short, Next: [TDN4-2]","Bro.","Mano."
"TDN4-2","Sc: 8008, msc: SupernovaAlt, sfx: 80008_3, Next: [TDN4-3]"," This is NOT Arinator. She only has her face on the cover of all her products dude."," Essa NÃO é a Arinator. Ela tem o rosto dela na frente de todos os produtos dela, cara."
"TDN4-3","No Sc, msc: SupernovaAlt, no sfx, Next: [TDN4-4]","His facial screen switches to a video of a cyborg woman performing a song on stage. Her fans are screaming their lungs out.","Sua tela facial muda pra um vídeo de uma ciborgue cantando uma música no palco. Seus fãs tão se acabando de gritar."
"TDN4-4","Sc: 8008, msc: SupernovaAlt, sfx: 80008_1, Next: [TDN4-5]","See? You don’t recognize her?","Viu? Você não sabe quem ela é?"
"TDN4-5","Sc: Dmi, msc: SupernovaAlt, no sfx, Next: [TDN4-6]","Oh, well...I don’t think I really know her stuff.","Ah, olha... eu não manjo muito do trabalho dela."
"TDN4-6","Sc: 8008, msc: SupernovaAlt, sfx: 80008_2, Next: [TDN4-6b]","Fine...I’ll just get gas.","Tá... Só vou colocar combustível."
"TDN4-6b","No Sc, msc: SupernovaAlt, sfx: Door_Chime,Door_Close, Next: [TDN4-7]","-door chimes and closes-","-a porta apita e fecha-"
"TDN4-7","No Sc, msc: SupernovaAlt, no sfx, Next: [TDN4-8]","I stare out the window and watch as 8008 picks up a gas pump and guzzles it straight from the nozzle. His screen shows a sad face with a tear. He then blasts off into space.","Eu olho pela janela e vejo o 8008 pegar uma mangueira de combustível e beber direto do bico. Sua tela mostra um rosto triste com uma lágrima. E logo depois, ele decola pro espaço."
"TDN4-8","No Sc, msc: SupernovaAlt, no sfx, Next: [D1D-24a]","Poor guy.","Tadinho."
"D1D-24a","No Sc, msc: SupernovaAlt, sfx: Door_Chime,Door_Open, Next: [D1D-24]","-door opens and chimes-","-porta abre e apita-"
"D1D-24","No Sc, msc: SupernovaAlt, no sfx, Next: [CRD1]","An old man enters the gas station. He seems to have some kind of air of caution around him. The way he whips his head around makes him look like he is expecting an attack at any moment.","Um velho entra no posto de combustível. Ele parece meio cauteloso. O jeito que mexe sua cabeça de um lado pro outro dá a impressão de que ele tá esperando ser atacado a qualquer momento."
"CRD1","Sc: Crust, msc: SupernovaAlt, sfx: Crust_Short, Next: [DD1-20]","Salutations, Martian.","Saudações, Marciane."
"DD1-20","Sc: Dmi, msc: SupernovaAlt, no sfx, Next: [CRD2]","Uh, hello? Do you need something, sir?","Hm, oi? Você precisa de algo, senhor?"
"CRD2","Sc: Crust, msc: SupernovaAlt, sfx: CRUST2, Next: [D1D-25]","Yes, I actually have a list here…","Sim, eu tenho uma lista aqui..."
"D1D-25","No Sc, msc: SupernovaAlt, no sfx, Next: [CRD3]","He pulls out a tiny holosheet and starts to read off of it.","Ele pega um papel holográfico pequeno e começa a ler."
"CRD3","Sc: Crust, msc: SupernovaAlt, sfx: CRUST3, Next: [DD1-21]","I’m looking for duct tape, five laser blasters, a medkit, a flaming katana--","Tô procurando silver tape, cinco armas laser, um kit médico, uma katana flamejante..."
"DD1-21","Sc: Dmi, msc: SupernovaAlt, no sfx, Next: [D1D-26]","Sir, this is a gas station.","Senhor, isso é um posto de combustível."
"D1D-26","No Sc, msc: SupernovaAlt, no sfx, Next: [CRD4]","He stares blankly at me.","Ele me encara sem expressão."
"CRD4","Sc: Crust, msc: SupernovaAlt, sfx: CRUST1, Next: [DD1-22]","...Can I at least get the katana?","Posso levar uma katana pelo menos...?"
"DD1-22","Sc: Dmi, msc: SupernovaAlt, no sfx, Next: [D1D-27]"," What do you even need a Katana for?!"," Posso saber pra que que você precisa de uma katana?!"
"D1D-27","No Sc, msc: SupernovaAlt, sfx: Crust_Laugh, Next: [CRD5]","The man lets out a hearty laugh. He slaps his rocky chest. Pebbles fall off him.","O homem dá uma risada calorosa. Ele dá um tapa em seu peito rochoso. Pedregulhos caem dele."
"CRD5","Sc: Crust, msc: SupernovaAlt, sfx: CRUST2, Next: [CRD6]","Doomsday is in just three days! While you’re in here wasting away working MINIMUM wage!","O Fim dos Tempos é só daqui a três dias! E enquanto isso você tá aqui definhando, trabalhando por um salário MÍNIMO!"
"CRD6","Sc: Crust, msc: SupernovaAlt, sfx: CRUST1, Next: [DD1-23]","I, Crust, from Mercury, will look at this burning ball of hell gas, and say…","Eu, Crust, de Mercúrio, vou olhar pra essa bola de gás flamejante dos infernos e dizer..."
"DD1-23","Sc: Dmi, msc: SupernovaAlt, no sfx, Next: [CRD7]","…","…"
"CRD7","Sc: Crust, msc: SupernovaAlt, sfx: Crust_Short, Next: [D1D-28]","No.","Não."
"D1D-28","No Sc, msc: SupernovaAlt, no sfx, Next: [DD1-24]","He smiles widely.","Ele dá um sorriso largo."
"DD1-24","Sc: Dmi, msc: SupernovaAlt, no sfx, Next: [CRD8]","Sir, I don’t think you will survive a supernova.","Senhor, eu não acho que você sobreviveria a uma supernova."
"CRD8","Sc: Crust, msc: SupernovaAlt, sfx: CRUST2, Next: [CRD9]","I will. Born from the crust of Mercury, I can survive anything.","Eu vou. Nasci da crosta de Mercúrio, eu consigo sobreviver a qualquer coisa."
"CRD9","Sc: Crust, msc: SupernovaAlt, sfx: CRUST1, Next: [D1D-29]","Besides didn’t you hear? The supernova is a cover-up by the intergalactic association--","E você não ficou sabendo? A supernova é uma tentativa da associação intergalática de encobrir..."
"D1D-29","No Sc, msc: SupernovaAlt, no sfx, Next: [DD1-25]","Oh, brother. ","Ah, lá vem. "
"DD1-25","Sc: Dmi, msc: SupernovaAlt, no sfx, Next: [CRD10]","How about this Crust? I can help you get something that can help you out in your…","Vamos fazer assim, Crust. Eu posso te ajudar a comprar algo para o seu..."
"CRD10","Sc: Crust, msc: SupernovaAlt, sfx: CRUST2, Next: [DD1-26]","My supernova bunker.","Meu abrigo contra supernova."
"DD1-26","Sc: Dmi, msc: SupernovaAlt, no sfx, Next: [DD1-27]","Your supernova bunker.","O seu abrigo contra supernova."
"DD1-27","Sc: Dmi, msc: SupernovaAlt, no sfx, Next: [DD1-27b]"," Alright... a nonperishable snack will be good."," Tá bom... um lanche não perecível seria bom."
"DD1-27b","No Sc, msc: SupernovaAlt, no sfx, Next: [TDP5-1,TDN5-1]","Select an item in the shop","Selecione um item na loja."
"DD1-27b-Option-1","No Sc, msc: SupernovaAlt, no sfx, Next: [TDP5-1,TDN5-1]","",""
"DD1-27b-Option-2","No Sc, msc: SupernovaAlt, no sfx, Next: [TDP5-1,TDN5-1]DD1-27b-Option-2","",""
"TDP5-1","Sc: Crust, msc: SupernovaAlt, sfx: CRUST3, Next: [TDP5-2]","Jerky! You’re thinking like a true survivor kid! This is great!","Carne seca! Você tá pensando como ume sobrevivente de verdade, jovem! Isso aqui tá bom demais!"
"TDP5-2","Sc: Dmi, msc: SupernovaAlt, no sfx, Next: [TDP5-3]","Heh, thanks. I just remembered it from a TV show called Survivorz.","Hehe, valeu. Lembrei disso daquele programa de TV, Sobreviventez."
"TDP5-3","No Sc, msc: SupernovaAlt, no sfx, Next: [TDP5-4]","Before you could even ring it up the man opens the bag and starts eating the jerky.","Antes mesmo de você passar a carne seca no caixa, o homem abre a embalagem e começa a comer."
"TDP5-4","Sc: Crust, msc: SupernovaAlt, sfx: CRUST1, Next: [TDP5-5]","Hm, you got somewhere to go kid? I can formally invite you to my bunker if ya want.","Hm, você tem pra onde ir, jovem? Eu posso te convidar formalmente pro meu abrigo se quiser."
"TDP5-5","Sc: Dmi, msc: SupernovaAlt, no sfx, Next: [TDP5-6]","Oh, nah. I’ll be here.","Ah, nem. Eu vou ficar por aqui mesmo."
"TDP5-6","No Sc, msc: SupernovaAlt, no sfx, Next: [TDP5-7]","Crust chokes on a piece of jerky and coughs. He bumps his chest a few times.","Crust engasga com um pedaço de carne seca e tosse. Ele bate no peito algumas vezes."
"TDP5-7","Sc: Crust, msc: SupernovaAlt, sfx: CRUST2, Next: [TDP5-8]","Why? Don’t you got someone special to go home to?","Por quê? Você não tem alguém especial te esperando em casa?"
"TDP5-8","Sc: Crust, msc: SupernovaAlt, sfx: CRUST1, Next: [TDP5-9]","I’d expect you young’uns to hightail it outta here.","Achei que vocês, jovens, já iam picar a mula."
"TDP5-9","No Sc, msc: SupernovaAlt, no sfx, Next: [TDP5-10]","A familiar face flashes in my mind. My normal bored expression cracks.","Um rosto familiar passa pela minha mente. Minha expressão entediada de costume se quebra."
"TDP5-10","Sc: Dmi, msc: SupernovaAlt, no sfx, Next: [TDP5-11]","She’ll be fine without me. Besides, I like to be kept busy.","Ela vai ficar bem sem mim. E eu também gosto de me ocupar."
"TDP5-11","No Sc, msc: SupernovaAlt, no sfx, Next: [TDP5-11b]","Crust doesn’t speak. I listen to his chewing. He rummages in his pocket to give me his luncos.","Crust não diz nada. Eu ouço ele mastigar. Ele vasculha seu bolso pra me dar seus luncos."
"TDP5-11b","No Sc, msc: SupernovaAlt, sfx: CashRegister, Next: [TDP5-12]","-cash register chime-","-caixa registradora apita-"
"TDP5-12","Sc: Crust, msc: SupernovaAlt, sfx: CRUST1, Next: [TDP5-13]","Don’t be too sure about that kid. Don’t choose for others how important you are to them.","Não tenha tanta certeza disso, jovem. Não decida pelas pessoas o quão importante você é para elas."
"TDP5-13","Sc: Crust, msc: SupernovaAlt, sfx: CRUST2, Next: [TDP5-14]","I’m gonna be fine when things go down, but you won’t. Talk to who you’re thinking bout.","Eu vou ficar bem quando a coisa apertar, mas você não vai. Vai falar com quem você está pensando."
"TDP5-14","No Sc, msc: SupernovaAlt, no sfx, Next: [TDP5-15]","I don’t answer. It's a bit surprising I feel I am getting life advice from this apocalyptic junkie of some sort.","Eu não respondo. É um pouco estranho sentir que estou recebendo conselhos de vida de um maluco apocalíptico."
"TDP5-15","No Sc, msc: SupernovaAlt, no sfx, Next: [TDP5-16]","He smiles and waves at me before leaving. I watch the small bits of rock fall to the ground.","Ele sorri e acena para mim antes de sair. Eu observo pedrinhas cairem no chão."
"TDP5-16","No Sc, msc: SupernovaAlt, no sfx, Next: [D1D-30a]","I’ll be cleaning that up.","Eu vou ter que limpar aquilo."
"TDN5-1","Sc: Crust, msc: SupernovaAlt, sfx: CRUST2, Next: [TDN5-2]","Sorry kid, but I don’t really think something like this is going to be much use in my bunker.","Desculpa jovem, mas eu não acho que algo assim vai ser muito útil no meu abrigo."
"TDN5-2","Sc: Crust, msc: SupernovaAlt, sfx: CRUST1, Next: [TDN5-3]","You sure you don’t have blasters in the back?","Tem certeza que você não tem armas laser no estoque?"
"TDN5-3","Sc: Dmi, msc: SupernovaAlt, no sfx, Next: [TDN5-4]","We’re still just a gas station, sir.","Nós somos só um posto de combustível, senhor."
"TDN5-4","Sc: Crust, msc: SupernovaAlt, sfx: Crust_Short, Next: [TDN5-5]"," Alright."," Tá bom."
"TDN5-5","Sc: Crust, msc: SupernovaAlt, sfx: CRUST2, Next: [D1D-30a]","Stay safe, kid. I gotta go prep my bunker some more.","Fique bem, jovem. Tenho que ir melhorar o meu abrigo um pouco mais."
"D1D-30a","No Sc, msc: SupernovaAlt, sfx: Door_Chime,Door_Close, Next: [D1D-30]","-door chimes and closes-","-a porta apita e fecha-"
"D1D-30","No Sc, msc: SupernovaAlt, no sfx, Next: [D1D-31]","It's almost closing time…","Tá quase na hora de fechar..."
"D1D-31","No Sc, msc: SupernovaAlt, no sfx, Next: [D1D-31b]","Flubber lounges in her usual spot. I smile and scratch under her chin.","Flubber tá largada no seu lugar de costume. Eu sorrio e coço debaixo do queixo dela."
"D1D-31b","No Sc, msc: SupernovaAlt, sfx: FLUBBER2, Next: [DD1-28]","Flubber Meows","Flubber mia."
"DD1-28","Sc: Dmi, msc: SupernovaAlt, no sfx, Next: [DD1-28b]","We had a good day didn’t we?","A gente teve um bom dia, né?"
"DD1-28b","No Sc, msc: SupernovaAlt, sfx: Text_1, Next: [D1D-32]","-phone chimes-","-celular apita-"
"D1D-32","No Sc, msc: SupernovaAlt, no sfx, Next: [T2]","I facepalm as I remember I never messaged Cassiopeia back.","Eu bato a mão na testa quando lembro que não respondi a Cassiopeia."
"T2","Sc: Cassiopeia, on phone, msc: SupernovaAlt, sfx: Pocket_Swoosh_1, Next: [T3]","Dmi? Are u ghosting me?","Dmi? Vc tá me deixando no vácuo?"
"T3","Sc: Cassiopeia, on phone, msc: SupernovaAlt, sfx: Text_4_vibrate, Next: [TDP6-1,TDN6-1]","Not cool! im worried about u!","Mó mancada! tô preocupada com vc!"
"T3-Option-1","Sc: Cassiopeia, on phone, msc: SupernovaAlt, sfx: Text_4_vibrate, Next: [TDP6-1,TDN6-1]","Sorry, got caught up.","Foi mal, dia cheio."
"T3-Option-2","Sc: Cassiopeia, on phone, msc: SupernovaAlt, sfx: Text_4_vibrate, Next: [TDP6-1,TDN6-1]","You don’t need to keep messaging.","Você não precisa falar mais comigo."
"TDP6-1","Sc: Dmi, on phone, msc: SupernovaAlt, no sfx, Next: [TDP6-2]","Lot more customers on this route than i thought we would ","Teve bem mais clientes nessa rota do que eu achei que teria. "
"TDP6-2","Sc: Cassiopeia, on phone, msc: SupernovaAlt, sfx: Text_4_vibrate, Next: [TDP6-3]","its a good time to roadtrip when the solar system is getting wiped ya know??","Nada como viajar quando o sistema solar tá prestes a ir pro saco, né??"
"TDP6-3","Sc: Dmi, on phone, msc: SupernovaAlt, no sfx, Next: [TDP6-4]","More like I met a rock dude named Crust who wanted to buy a katana to defend himself from the imminent supernova. ","Na real conheci um cara de pedra chamado Crust que queria comprar uma katana pra se defender da supernova que tá vindo aí. "
"TDP6-4","Sc: Cassiopeia, on phone, msc: SupernovaAlt, sfx: Text_4_vibrate, Next: [TDP6-5]","What? Stop lying to me. xD Ur job isn’t that interesting","Quê? Para de inventar. xD Teu trabalho não é tão interessante assim."
"TDP6-5","Sc: Dmi, on phone, msc: SupernovaAlt, no sfx, Next: [TDP6-6]","U know how Mars is, we’re weirdo central.","Cê sabe como Marte é, aqui é a central da galera esquisitona."
"TDP6-6","Sc: Cassiopeia, on phone, msc: SupernovaAlt, sfx: Text_4_vibrate, Next: [D1D-33]","thats true. U live there","verdade. vc mora aí."
"D1D-33","No Sc, msc: SupernovaAlt, no sfx, Next: [D1D-34]","I chuckle. That was a good one actually.","Eu rio. Essa até que foi boa."
"D1D-34","No Sc, msc: SupernovaAlt, no sfx, Next: [T4]","We chat with each other and for a second it feels like the world isn’t coming to an end soon.","Nós conversamos mais um pouco e, por um momento, é quase como se o mundo não fosse acabar em breve."
"TDN6-1","Sc: Dmi, on phone, msc: SupernovaAlt, no sfx, Next: [TDN6-2]","I’ll just get back to u when i get back to u.","eu te dou um retorno quando eu te dar um retorno."
"TDN6-2","Sc: Cassiopeia, on phone, msc: SupernovaAlt, sfx: Text_4_vibrate, Next: [TDN6-3]","Ouch, remind me to never be worried about u again :/","pô, me lembra de nunca mais me preocupar com vc :/"
"TDN6-3","Sc: Dmi, on phone, msc: SupernovaAlt, no sfx, Next: [TDN6-4]","Nah, I didn’t mean it like that. I’m just busy.","Nãoo, não foi isso que eu quis dizer. Só tô ocupade."
"TDN6-4","Sc: Cassiopeia, on phone, msc: SupernovaAlt, sfx: Text_4_vibrate, Next: [D1D-35]","Yeah, yeah I get it.","Tá, tá. Já entendi."
"D1D-35","No Sc, msc: SupernovaAlt, no sfx, Next: [T4]","I could’ve handled that a bit better.","Eu podia ter falado isso de um jeito melhor."
"T4","Sc: Cassiopeia, on phone, msc: SupernovaAlt, sfx: Text_4_vibrate, Next: [T5]","Are u sure ur not calling off tomorrow? I know the money isn’t good enough at Cosmic Fuel where u need to work a day before Doomsday. :/","Tem certeza que vai trampar amanhã? eu sei que o salário da Astrobrás não é lá essas coisas, já que vc precisa trabalhar um dia antes do Fim dos Tempos. :/"
"T5","Sc: Dmi, on phone, msc: SupernovaAlt, sfx: Text_4_vibrate, Next: [T6]","Maybe I LIKE working for a megacorp.","Talvez eu GOSTE de trabalhar pra uma megacorporação."
"T6","Sc: Cassiopeia, on phone, msc: SupernovaAlt, sfx: Text_4_vibrate, Next: [T7]","shut up","cala boca"
"T7","Sc: Dmi, on phone, msc: SupernovaAlt, no sfx, Next: [D1D-36]","ok ","ok "
"D1D-36","No Sc, msc: SupernovaAlt, no sfx, Next: [D1D-37]","I should clock out for the day","Hora de bater o ponto e vazar"
"D1D-37","No Sc, msc: SupernovaAlt, no sfx, Next: [D1D-38]","I say goodbye to Flubber. She for some reason is a lot better at closing than I am. I never know what she does when we leave her alone.","Eu dou tchau pra Flubber. Por algum motivo, ela é bem melhor em fechar a loja do que eu. Não tenho a menor ideia do que ela faz quando deixamos ela sozinha."
"D1D-38","No Sc, msc: SupernovaAlt, no sfx, Next: [D1D-39]","I don’t really know why I’m coming back in tomorrow. I should be packing with Cassie. We may not be able to do anything fancy like a space jump but…","Eu nem sei por que vou voltar amanhã. Eu devia tá fazendo as malas com a Cassie. Pode ser que a gente não consiga fazer nada chique como um salto especial, mas..."
"D1D-39","No Sc, msc: SupernovaAlt, no sfx, Next: [D1D-40]","…","…"
"D1D-40","No Sc, msc: SupernovaAlt, no sfx, Next: [D1D-40b]","I need some sleep for tomorrow.","Eu preciso dormir pra amanhã."
"D1D-40b","No Sc, msc: SupernovaAlt, sfx: Door_Open,Door_Chime,Door_Close, Next: [Day2Transition]","-door opens and closes with a chime-","-porta abre e fecha com um apito-"
"Day2Transition","No Sc, msc: SupernovaAlt, no sfx, Next: [D2D-1]","DAY 2","DIA 2"
"D2D-1","No Sc, msc: Supernova, no sfx, Next: [ROD2-1]","I jab my fingers against the screen of my phone the little avatar hops up and down in an effort to dodge the man-eating kale.","Bato o dedo na tela do celular e o bonequinho pula, tentando desviar do repolho comedor de gente."
"ROD2-1","Sc: Rob, msc: Supernova, sfx: Rob_Short, Next: [D2D-2]","Dmi!","Dmi!"
"D2D-2","No Sc, msc: Supernova, no sfx, Next: [DD2-1]","I yelp and nearly drop my phone. I catch it just before it slips out of my fingers and glare at the slime man in front of me.","Eu solto um grito e quase derrubo o celular. Agarro ele no ar e encaro o homem-gosma na minha frente."
"DD2-1","Sc: Dmi, msc: Supernova, no sfx, Next: [D2D-3]","You’ve seriously got to stop doing that!","Na moral, você precisa parar de fazer isso!"
"D2D-3","No Sc, msc: Supernova, sfx: Rob_Laugh, Next: [ROD2-2]","Rob bursts into laughter.","Rob gargalha alto."
"ROD2-2","Sc: Rob, msc: Supernova, sfx: ROB3, Next: [DD2-2]","It’s just too funny. Look you got goosebumps on your goosebumps! ","Não dá, não me aguento. Olha, até o seu cabelo ficou arrepiado! "
"DD2-2","Sc: Dmi, msc: Supernova, no sfx, Next: [ROD2-3]","whatever how’s packing? ","Tá, que seja. E as malas? "
"ROD2-3","Sc: Rob, msc: Supernova, sfx: ROB2, Next: [D2D-4]","We’ll be done by tonight. Then we leave tomorrow morning in time for our space jump outta here.","Até hoje de noite vão estar prontas. Amanhã saímos cedo pra pegar o pulo espacial e cair fora daqui."
"D2D-4","No Sc, msc: Supernova, no sfx, Next: [D2D-5]","Ah a space jump. That's everyone’s ticket outta the solar system to go wherever they’re going next. ","Ah, um pulo espacial. É a saída pra fugir do sistema solar e seguir a vida em qualquer outro lugar. "
"D2D-5","No Sc, msc: Supernova, no sfx, Next: [D2D-6]","They are ways outta here without one but the trip is pretty grueling.","Tem outros jeitos de sair daqui, mas a viagem é bem puxada."
"D2D-6","No Sc, msc: Supernova, no sfx, Next: [ROD2-4]","Not to mention the luncos to afford a space jump is insane.","Sem contar que um pulo espacial custa uma fortuna."
"ROD2-4","Sc: Rob, msc: Supernova, sfx: ROB1, Next: [ROD2-5]","I’ll come pick up Flubber at the end of the day.","Eu volto pra buscar a Flubber no final do dia."
"ROD2-5","Sc: Rob, msc: Supernova, sfx: ROB3, Next: [D2D-7]","Also smile a little today! Use that slogan of ours to brighten their days. ","Ah é, tenta sorrir um pouco hoje! Usa esse nosso slogan pra alegrar o dia dos clientes. "
"D2D-7","No Sc, msc: Supernova, no sfx, Next: [DD2-3]","Ugh.","Argh."
"DD2-3","Sc: Dmi, msc: Supernova, no sfx, Next: [ROD2-6]","I’ll try.","Vou tentar."
"ROD2-6","Sc: Rob, msc: Supernova, sfx: ROB2, Next: [FD2-1]","Great! I’ll see you later. Be nice to Flubber!","Ótimo! Até mais tarde. Cuide bem da Flubber!"
"FD2-1","Sc: Flubber, msc: Supernova, sfx: FLUBBER1, Next: [DD2-4]","Mreoww…","Mraauu..."
"DD2-4","Sc: Dmi, msc: Supernova, no sfx, Next: [DD2-4b]","We’re pals aren’t we Flubber? ","Você é parceiro, né, Flubber? "
"DD2-4b","No Sc, msc: Supernova, sfx: Door_Chime,Door_Close, Next: [D2D-8]","-door chimes and closes-","-a porta apita e fecha-"
"D2D-8","No Sc, msc: Supernova, no sfx, Next: [D2D-9a]","Flubber gives me a slow blink.","Flubber pisca devagar."
"D2D-9a","No Sc, msc: Supernova, sfx: Door_Chime,Door_Open, Next: [D2D-9]","-door opens and chimes-","-porta abre e apita-"
"D2D-9","No Sc, msc: Supernova, no sfx, Next: [DD2-5]","A two-headed beastman enters. They don’t say a word. I yawn and start spouting the “Cosmic Fuel welcome”.","Um homem-besta de duas cabeças entra. Nenhuma delas diz nada. Eu bocejo e começo a recitar as ""boas-vindas da Astrobrás""."
"DD2-5","Sc: Dmi, msc: Supernova, no sfx, Next: [D2D-10]","Welcome to Cosmic Fuel. Fill to your heart’s content that’s the Cosmic Fuel way. ","Bem-vindos à Astrobrás. Enchemos o seu tanque e o seu coração. "
"D2D-10","No Sc, msc: Supernova, no sfx, Next: [D2D-11]","The beastmen frantically grab items and stuff them into a bag.","O homem-besta vai pegando produtos das prateleiras e enfiando em uma sacola como se não houvesse amanhã."
"D2D-11","No Sc, msc: Supernova, no sfx, Next: [DD2-6]","Well that’s not at all what I meant. ","Não foi isso que eu quis dizer. "
"DD2-6","Sc: Dmi, msc: Supernova, no sfx, Next: [D2D-12]","You guys using cash or credit?","É no dinheiro ou no cartão?"
"D2D-12","No Sc, msc: Supernova, no sfx, Next: [ROM1]","The more dimwitted looking one whispers to the sharper one and they stalk forward.","O que parece ser o mais burro dos dois sussurra no ouvido do outro, e eles se aproximam de mim com uma postura ameaçadora."
"ROM1","Sc: Romulus, msc: Supernova, sfx: ROMULUS1, Next: [D2D-13]","This is a stick up! Open the register!","Isso é um assalto! Abre o caixa!"
"D2D-13","No Sc, msc: Supernova, no sfx, Next: [REM1]","The dimwitted-looking beast-man pulls out a stick from his pocket and points at me.","O com cara de burro puxa um sapato de salto do bolso e aponta pra mim."
"REM1","Sc: Remus, msc: Supernova, sfx: REMUS1, Next: [ROM2]","and give us those Saturn dogs behind you!","e vamos levar esses Dogões de Saturno atrás de você também!"
"ROM2","Sc: Romulus, msc: Supernova, sfx: Romulus_Short, Next: [D2D-14]","Yeah! And--","É! e..."
"D2D-14","No Sc, msc: Supernova, no sfx, Next: [REM2]","The sharp-eyed beastman glares at his brother.","O mais esperto fuzila o irmão com o olhar."
"REM2","Sc: Remus, msc: Supernova, sfx: REMUS2, Next: [ROM3]","Sorry Romulus stickups make me hungry. ","Foi mal, Rômulo, assaltos me dão fome. "
"ROM3","Sc: Romulus, msc: Supernova, sfx: ROMULUS3, Next: [REM3]","You’re worse than a chihuahua. When I said we’re doing a stickup I didn’t mean to put a literal stickup! ","Você é pior que um chihuahua. Quando eu falei ""assalto"", não quis dizer que precisava trazer um salto! "
"REM3","Sc: Remus, msc: Supernova, sfx: REMUS2, Next: [ROM4]","Oh did I mess up again? Are we not getting Saturn dogs? ","Hã? Eu dei bola fora de novo? Não vamos ganhar Dogões de Saturno? "
"ROM4","Sc: Romulus, msc: Supernova, sfx: ROMULUS2, Next: [D2D-15]","No you didn’t mess up Remus. Let’s get you that hot dog. No no let’s get you two of them. How about that? ","Não, você não deu bola fora, Remo. Vamos pegar o seu cachorro quente. Aliás, vamos pegar DOIS só pra você. Que tal? "
"D2D-15","No Sc, msc: Supernova, sfx: Remus_Howl, Next: [D2D-15b]","Remus howls with excitement.","Remo uiva de alegria."
"D2D-15b","No Sc, msc: Supernova, no sfx, Next: [TDP7-1,TDN7-1]","Select an item in the shop","Selecione um item na loja."
"D2D-15b-Option-1","No Sc, msc: Supernova, no sfx, Next: [TDP7-1,TDN7-1]","",""
"D2D-15b-Option-2","No Sc, msc: Supernova, no sfx, Next: [TDP7-1,TDN7-1]D2D-15b-Option-2","",""
"TDP7-1","No Sc, msc: Supernova, no sfx, Next: [TDP7-2]","I slide two Saturn dogs to the pair. Remus helps himself and scarfs it down.","Eu entrego dois Dogões de Saturno pros irmãos. Remo engole o dele em uma mordida."
"TDP7-2","Sc: Romulus, msc: Supernova, sfx: ROMULUS1, Next: [TDP7-3]","and now the register--","e agora o caixa..."
"TDP7-3","Sc: Remus, msc: Supernova, sfx: REMUS1, Next: [TDP7-4]","Rom… they were so nice and gave us a Saturn dog. Do we have to?","Rô... elu foi tão legal de dar um Dogão de Saturno pra gente. Precisamos mesmo fazer isso?"
"TDP7-4","Sc: Romulus, msc: Supernova, sfx: ROMULUS3, Next: [TDP7-5]","Of course! We came all this way just to--","Claro que sim! A gente veio até aqui só pra..."
"TDP7-5","Sc: Remus, msc: Supernova, sfx: Remus_Short, Next: [TDP7-6]","To steal?","Roubar?"
"TDP7-6","No Sc, msc: Supernova, no sfx, Next: [TDP7-7]","Romulus stutters in shock.","Rômulo gagueja, chocado."
"TDP7-7","No Sc, msc: Supernova, no sfx, Next: [TDP7-8]","Remus doesn’t look too different from a kicked puppy.","Remo parece um filhotinho que levou um chute."
"TDP7-8","Sc: Remus, msc: Supernova, sfx: REMUS1, Next: [TDP7-9]","Mom always told us stealing was bad. We should pay!","A mamãe sempre falou que roubar é feio. Vamos pagar!"
"TDP7-9","Sc: Dmi, msc: Supernova, no sfx, Next: [TDP7-10]","I don’t really care either way to be honest… ","Sinceramente, eu nem me importo... "
"TDP7-10","No Sc, msc: Supernova, no sfx, Next: [TDP7-11]","The two ignore me. I can practically hear the galaxy’s smallest violin play for the two.","Os dois me ignoram. Quanto drama... até os anéis de Saturno estão se comovendo por eles."
"TDP7-11","Sc: Romulus, msc: Supernova, sfx: ROMULUS2, Next: [TDP7-12]","You’re right Rem… I can’t do it. I wanted to be the tough guy so bad… everything is going to get blown to smithereens!","Tem razão, Rê... Não consigo. Eu queria tanto ser um cara durão... a galáxia inteira vai virar pipoca!"
"TDP7-12","Sc: Romulus, msc: Supernova, sfx: ROMULUS1, Next: [TDP7-13]","I just wanted to do something cool!","Eu só queria fazer algo radical!"
"TDP7-13","Sc: Romulus, msc: Supernova, sfx: ROMULUS3, Next: [TDP7-14]","Will you ever forgive me?","Será que você consegue me perdoar?"
"TDP7-14","Sc: Remus, msc: Supernova, sfx: REMUS2, Next: [TDP7-15]","You’re the best big brother ever! Of course I will! ","Você é o melhor irmão do mundo! Claro que eu te perdoo! "
"TDP7-15","No Sc, msc: Supernova, no sfx, Next: [TDP7-16]","The two beastmen burst into tears.","Os dois homens-besta caem em prantos."
"TDP7-16","No Sc, msc: Supernova, no sfx, Next: [TDP7-17]","I just stand there watching the two go through a whole movie scene together.","Eu só assisto os dois vivendo uma cena de filme juntos."
"TDP7-17","No Sc, msc: Supernova, no sfx, Next: [TDP7-18]","Romulus sets a pile of luncos on the counter.","Rômulo coloca uma pilha de luncos no balcão."
"TDP7-18","Sc: Romulus, msc: Supernova, sfx: ROMULUS1, Next: [D2D-16a]","Keep the change. We’re sorry for bothering you.","Pode ficar com o troco. Desculpe pelo incômodo."
"TDN7-1","No Sc, msc: Supernova, no sfx, Next: [TDN7-2]","Romulus grits his teeth.","Rômulo range os dentes."
"TDN7-2","Sc: Romulus, msc: Supernova, sfx: ROMULUS1, Next: [TDN7-3]","Is this some kind of joke? We asked for Saturn dogs!","Tá tirando uma com a nossa cara? Nós pedimos Dogões de Saturno!"
"TDN7-3","Sc: Dmi, msc: Supernova, no sfx, Next: [TDN7-4]","I know.","Eu sei."
"TDN7-4","Sc: Romulus, msc: Supernova, sfx: ROMULUS2, Next: [TDN7-5]","Why give us this?","Por que você nos deu isso?"
"TDN7-5","Sc: Dmi, msc: Supernova, no sfx, Next: [TDN7-6]","You’re already helping yourself to the shelves. Why don’t you get them yourself?","Vocês já tão esvaziando as prateleiras mesmo. Por que não pega você mesmo?"
"TDN7-6","Sc: Romulus, msc: Supernova, sfx: Romulus_Short, Next: [TDN7-7]","I--","Eu..."
"TDN7-7","Sc: Remus, msc: Supernova, sfx: REMUS1, Next: [TDN7-8]","Aww…I think they’re mad at us Rom. ","Ahh... acho que elu se irritou com a gente, Rô. "
"TDN7-8","Sc: Remus, msc: Supernova, sfx: REMUS2, Next: [TDN7-9]","I told you we shouldn’t steal.","Falei pra você que a gente não devia roubar."
"TDN7-9","Sc: Romulus, msc: Supernova, sfx: ROMULUS1, Next: [TDN7-10]","STOP TAKING ME AS A FOOL REM!","PARA DE ME FAZER DE BOBO, RÊ!"
"TDN7-10","Sc: Dmi, msc: Supernova, no sfx, Next: [TDN7-11]","Hey! He’s not taking you as a fool.","Ei! Ele não tá te fazendo de bobo."
"TDN7-11","No Sc, msc: Supernova, no sfx, Next: [TDN7-12]","Romulus’ eyes shine with a hopeful look.","Os olhos de Rômulo brilham, esperançosos."
"TDN7-12","Sc: Dmi, msc: Supernova, no sfx, Next: [TDN7-13]","I’m taking you as a fool too.","Você já é bobo sem a ajuda de ninguém."
"TDN7-13","No Sc, msc: Supernova, no sfx, Next: [TDN7-14]","Romulus drops the bag on the ground. He looks close to tears.","Rômulo derruba a sacola no chão. Ele parece estar prestes a chorar."
"TDN7-14","Sc: Romulus, msc: Supernova, sfx: ROMULUS2, Next: [D2D-16a]","Remus…lets just go.","Remo... vamos embora."
"D2D-16a","No Sc, msc: Supernova, sfx: Door_Chime,Door_Close, Next: [D2D-16]","-door chimes and closes-","-a porta apita e fecha-"
"D2D-16","No Sc, msc: Supernova, no sfx, Next: [T8]","I reach for my phone. Cassiopeia’s not going to believe this.","Pego meu celular. Cassiopeia não vai acreditar nisso."
"T8","Sc: Dmi, on phone, msc: Supernova, sfx: Pocket_Swoosh_2, Next: [T9]","Sorry i didnt get to you yet. I was getting robbed.","Foi mal não responder antes. Rolou um assalto aqui."
"T9","Sc: Cassiopeia, on phone, msc: Supernova, sfx: Text_4_vibrate, Next: [T10]","WHAT?","QUÊ?"
"T10","Sc: Dmi, on phone, msc: Supernova, no sfx, Next: [T11]","chill they didnt take anything. They were two beastmen but they didnt seem to be following their own plan. ","relaxa eles não levaram nada. Eram dois homens-besta, mas não conseguiram nem de seguir o próprio plano. "
"T11","Sc: Dmi, on phone, msc: Supernova, no sfx, Next: [T12]","I didnt care much it's not like it's my gas station. i Think i hurt their feelings.","Tô nem aí sabe, o posto não é meu. acho que eu magoei eles."
"T12","Sc: Dmi, on phone, msc: Supernova, no sfx, Next: [T13]","u could say they were all bark and no bite.","é como dizem, cão que late não morde."
"T13","Sc: Cassiopeia, on phone, msc: Supernova, sfx: Text_4_vibrate, Next: [T14]","did u just…ugh.","é sério que você... argh."
"T14","Sc: Cassiopeia, on phone, msc: Supernova, sfx: Text_4_vibrate, Next: [T15]","im going to ignore that for my own sanity.","vou deixar essa passar pelo meu próprio bem."
"T15","Sc: Cassiopeia, on phone, msc: Supernova, sfx: Text_4_vibrate, Next: [D2D-17]","like holy stars im so glad nothing happened. I dont even understand why u have to work there so close to doomsday…","tipo, caramba que bom que nada de ruim aconteceu. nem sei por que você precisa trabalhar na véspera do fim dos tempos..."
"D2D-17","No Sc, msc: Supernova, no sfx, Next: [D2D-18]","I could tell where she was getting at. A day before the supernova and I still had no means of getting any tickets for a space jump.","Eu entendo aonde ela quer chegar. Um dia antes da supernova e eu ainda não tenho como conseguir uma passagem pra um pulo espacial."
"D2D-18","No Sc, msc: Supernova, no sfx, Next: [T16]","I drum my fingers on the desk and think of my next reply.","Bato os dedos na mesa e penso na minha próxima resposta."
"T16","Sc: Dmi, on phone, msc: Supernova, no sfx, Next: [T17]","Weird question but what if we just couldn’t talk anymore? ","Pergunta aleatória, mas e se não desse mais pra gente conversar? "
"T17","Sc: Cassiopeia, on phone, msc: Supernova, sfx: Text_4_vibrate, Next: [TDP8-1,TDN8-1]","what type of question is that :(","que tipo de pergunta é essa? :("
"T17-Option-1","Sc: Cassiopeia, on phone, msc: Supernova, sfx: Text_4_vibrate, Next: [TDP8-1,TDN8-1]","Just curious…","Curiosidade..."
"T17-Option-2","Sc: Cassiopeia, on phone, msc: Supernova, sfx: Text_4_vibrate, Next: [TDP8-1,TDN8-1]","You ask me dumb questions all the time.","Você vive me fazendo pergunta idiota."
"TDP8-1","Sc: Dmi, on phone, msc: Supernova, no sfx, Next: [TDP8-2]","its not every day people leave their planet in droves for the impending death of the sun.","não é todo dia que as pessoas saem do planeta aos bandos pra escapar da morte inevitável do sol."
"TDP8-2","Sc: Cassiopeia, on phone, msc: Supernova, sfx: Text_4_vibrate, Next: [TDP8-3]","Well I’d miss the hell out of you. ","Olha, eu morreria de saudades de você. "
"TDP8-3","Sc: Dmi, on phone, msc: Supernova, no sfx, Next: [TDP8-4]","…Really?","...sério?"
"TDP8-4","Sc: Cassiopeia, on phone, msc: Supernova, sfx: Text_4_vibrate, Next: [TDP8-5]","Duh? What makes you think I check up on you all the time?","Dã? Por que você acha que eu mando mensagem toda hora?"
"TDP8-5","Sc: Dmi, on phone, msc: Supernova, no sfx, Next: [TDP8-6]","…I don’t know.","...não sei."
"TDP8-6","Sc: Dmi, on phone, msc: Supernova, no sfx, Next: [TDP8-7]","I kind of feel like I’ve been dragging you down… with me being sad all the time.","Eu sinto que tô sendo um peso pra você... por ficar triste o tempo todo."
"TDP8-7","Sc: Cassiopeia, on phone, msc: Supernova, sfx: Text_4_vibrate, Next: [TDP8-8]","what? We all get sad. We’re together till the end. Nothing will ever change that.","quê? Todo mundo fica triste. Eu tô do teu lado até o fim. Nada vai mudar isso."
"TDP8-8","Sc: Dmi, on phone, msc: Supernova, no sfx, Next: [TDP8-9]","Thank you. For always caring.","Valeu. Por sempre se importar comigo."
"TDP8-9","Sc: Cassiopeia, on phone, msc: Supernova, sfx: Text_4_vibrate, Next: [TDP8-10a]","Of course. I have to go :( I’m getting called away but I always have your back! ","Imagina. Tenho que ir :( tem gente me chamando, mas conta comigo sempre, viu!? "
"TDP8-10a","No Sc, msc: Supernova, sfx: Door_Chime,Door_Open, Next: [TDP8-10]","-door opens and chimes-","-porta abre e apita-"
"TDP8-10","No Sc, msc: Supernova, no sfx, Next: [TDP8-11]","I find myself smiling at my phone. I could’ve reread this line a couple hundred times.","Me pego sorrindo pro celular. Dava pra eu reler essa mensagem milhares de vezes."
"TDP8-11","No Sc, msc: Supernova, sfx: KKILI1, Next: [DD2-7]","That must be someone special you’re talking to.","Pelo jeito você tá falando com alguém especial."
"TDN8-1","Sc: Cassiopeia, on phone, msc: Supernova, sfx: Text_4_vibrate, Next: [TDN8-2]","...","..."
"TDN8-2","Sc: Cassiopeia, on phone, msc: Supernova, sfx: Text_4_vibrate, Next: [TDN8-3]","Wow that was harsh…","Nossa, isso foi pesado..."
"TDN8-3","No Sc, msc: Supernova, no sfx, Next: [TDN8-4]","I panic. Crap would it be bad to backtrack? ","Entro em pânico. Droga, como eu queria voltar atrás agora. "
"TDN8-4","Sc: Dmi, on phone, msc: Supernova, no sfx, Next: [TDN8-5]","Sorry, i didn’t mean that","Foi mal, não é isso que eu quis dizer"
"TDN8-5","Sc: Dmi, on phone, msc: Supernova, no sfx, Next: [TDN8-6]","i don’t think ur questions are stupid.","eu não acho as suas perguntas idiotas."
"TDN8-6","Sc: Cassiopeia, on phone, msc: Supernova, sfx: Text_4_vibrate, Next: [TDN8-7]",":/ you’re a jerk sometimes. u know that?",":/ você é um babaca às vezes. sabia disso?"
"TDN8-7","Sc: Dmi, on phone, msc: Supernova, no sfx, Next: [TDN8-8]","Yeah…I can see that right now. I’m really sorry.","É... eu vacilei mesmo. foi mal, de verdade."
"TDN8-8","Sc: Cassiopeia, on phone, msc: Supernova, sfx: Text_4_vibrate, Next: [TDN8-9]","Well to answer your question. Even though you’re a grade A jerk sometimes.","Olha, pra responder a sua pergunta. Mesmo que você seja super babaca de vez em quando."
"TDN8-9","Sc: Cassiopeia, on phone, msc: Supernova, sfx: Text_4_vibrate, Next: [TDN8-10]","I’d still miss seeing you.","Eu ainda sentiria sua falta."
"TDN8-10","Sc: Cassiopeia, on phone, msc: Supernova, sfx: Text_4_vibrate, Next: [TDN8-11]","I just wish you were a bit more honest with me.","Só queria que você não escondesse tanta coisa de mim."
"TDN8-11","Sc: Dmi, on phone, msc: Supernova, no sfx, Next: [TDN8-12]","What do you mean honest?","Como assim esconder?"
"TDN8-12","Sc: Cassiopeia, on phone, msc: Supernova, sfx: Text_4_vibrate, Next: [TDN8-13]","I know thats not the real reason why you’re asking me that.","Eu sei que não é por isso que você me perguntou aquilo."
"TDN8-13","Sc: Cassiopeia, on phone, msc: Supernova, sfx: Text_4_vibrate, Next: [TDN8-14]","I gotta go. I’ll talk to you later. Just stop acting so weird with me.","Preciso ir. Depois a gente conversa. Só para com essas conversinhas estranhas."
"TDN8-14","No Sc, msc: Supernova, no sfx, Next: [TDN8-14a]","I groan to myself.","Solto um resmungo."
"TDN8-14a","No Sc, msc: Supernova, sfx: Door_Chime,Door_Open, Next: [TDN8-15]","-door opens and chimes-","-porta abre e apita-"
"TDN8-15","Sc: Dmi, msc: Supernova, no sfx, Next: [TDN8-16]","Why did I say that? Out of every reason I could have given her?","Por que eu falei aquilo? De todos os motivos que eu poderia ter dado?"
"TDN8-16","Sc: Dmi, msc: Supernova, no sfx, Next: [TDN8-17]","Stupid! Stupid! Stupid!","Idiota! Idiota! Idiota!"
"TDN8-17","Sc: K'Kili the Destroyer, msc: Supernova, sfx: KKILI1, Next: [DD2-7]","It couldn’t be that stupid to be doing all that.","Não deve ter sido tão idiota a ponto de reagir desse jeito."
"DD2-7","Sc: Dmi, msc: Supernova, no sfx, Next: [DD2-8]","Whoa!","Eita!"
"DD2-8","Sc: Dmi, msc: Supernova, no sfx, Next: [D2D-19]","Sorry it’s slow today. So uh I’ve been on my phone a bit more. ","Desculpa, é que o movimento tá fraco hoje... ai acabo ficando mais no celular. "
"D2D-19","No Sc, msc: Supernova, no sfx, Next: [D2D-20]","I take in the woman. From the ringlets across her body she seems to be a shapeshifter. ","Tiro um momento pra assimilar a mulher na minha frente. Pelo padrão das manchas, ela parece ser uma transmorfa. "
"D2D-20","No Sc, msc: Supernova, no sfx, Next: [D2D-21]","Something feels awfully familiar about her like I’ve seen her somewhere before.","Algo nela não me é estranho, como se eu já tivesse visto ela em algum lugar."
"D2D-21","No Sc, msc: Supernova, no sfx, Next: [KD1]","She doesn’t seem to notice the interest she has a knowing smile as her attention still seems on me and my phone. ","Ela parece não perceber a minha curiosidade. O sorriso astuto dela mostra que a atenção dela tá em mim e no meu celular. "
"KD1","Sc: K'Kili the Destroyer, msc: Supernova, sfx: KKILI2, Next: [DD2-9]","They must sound important to you. Just relax I’m sure you’re lovely to speak to. ","Pelo jeito é alguém importante pra você. Relaxa, deve ser um prazer trocar uma ideia contigo. "
"DD2-9","Sc: Dmi, msc: Supernova, no sfx, Next: [D2D-22]","It depends on the day.","Depende do dia."
"D2D-22","No Sc, msc: Supernova, no sfx, Next: [KD2]","She laughs.","Ela ri."
"KD2","Sc: K'Kili the Destroyer, msc: Supernova, sfx: KKILI3, Next: [D2D-23]","Hit me with it. What’s got you stressed?","Manda brasa. O que te aflige?"
"D2D-23","No Sc, msc: Supernova, no sfx, Next: [D2D-24]","I think for a second. Do I actually want to just spill my guts out to this complete stranger?","Eu penso por um segundo. Será que eu quero desabafar com alguém que eu nunca vi na vida?"
"D2D-24","No Sc, msc: Supernova, no sfx, Next: [D2D-25]","…","…"
"D2D-25","No Sc, msc: Supernova, no sfx, Next: [DD2-10]","Actually yeah. I can’t pay for a therapist anyways. Why not. ","Na real, quero sim. Não tenho grana pra terapia mesmo. Por que não? "
"DD2-10","Sc: Dmi, msc: Supernova, no sfx, Next: [D2D-26]","I don’t know how to tell her I don’t qualify for a space jump so I’m going to be stuck here.","Não sei como dizer pra ela que eu não me qualifico pra um pulo espacial e não tenho como sair daqui."
"D2D-26","No Sc, msc: Supernova, no sfx, Next: [DD2-11]","The not-therapist nods as she listens to me.","A não-psicóloga balança a cabeça enquanto escuta, me encorajando a continuar."
"DD2-11","Sc: Dmi, msc: Supernova, no sfx, Next: [KD3]","I’ve been trying to just carry on but I think she knows something is wrong. ","Eu tô tentando seguir normalmente, mas acho que ela sabe que tem algo errado. "
"KD3","Sc: K'Kili the Destroyer, msc: Supernova, sfx: KKILI2, Next: [D2D-27]","Well you’re going to traumatize the stars outta her when she finds out you’re gonna be space dust and you never warned her. ","Olha, você vai traumatizar ela pra valer quando ela descobrir que você virou poeira espacial sem nem avisar. "
"D2D-27","No Sc, msc: Supernova, no sfx, Next: [D2D-28]","I choke. When she puts it that way…","Sinto um nó na garganta. Quando ela fala desse jeito..."
"D2D-28","No Sc, msc: Supernova, no sfx, Next: [DD2-12]","I try to search for a way to back out despite this being my fault we’re having this very personal conversation at a gas station counter.","Tento achar um jeito de mudar de assunto, apesar de ser culpa minha que estamos tendo uma conversa tão íntima no balcão de um posto de combustível. "
"DD2-12","Sc: Dmi, msc: Supernova, no sfx, Next: [KD4]","Is there something in particular you’re looking for or…? ","Tem alguma coisa específica que você quer, ou...? "
"KD4","Sc: K'Kili the Destroyer, msc: Supernova, sfx: KKILI1, Next: [D2D-29]","I see what you’re doing here.","Já saquei sua jogada."
"D2D-29","No Sc, msc: Supernova, no sfx, Next: [KD5]","She plays along though.","Mas ela vai na minha onda mesmo assim."
"KD5","Sc: K'Kili the Destroyer, msc: Supernova, sfx: KKILI3, Next: [KD6]","I’ll put 900 luncos on pump 5.","Vou querer 900 luncos na bomba 5."
"KD6","Sc: K'Kili the Destroyer, msc: Supernova, sfx: KKILI2, Next: [D2D-30]","And are any of those behind you good? Looking to get something for my wife back on our ship.","E esses lanches atrás de você, algum deles é bom? Minha esposa tá esperando na nave e quero levar alguma coisa pra ela."
"D2D-30","No Sc, msc: Supernova, no sfx, Next: [DD2-13]","She points to the hot food machines behind me and I shrug.","Ela aponta pras máquinas de comida quente atrás de mim e eu dou de ombros."
"DD2-13","Sc: Dmi, msc: Supernova, no sfx, Next: [DD2-14]","Nothing to write home about but I think they’re pretty good. ","Não são lá essas coisas, mas até que são bem gostosinhos, na minha opinião. "
"DD2-14","Sc: Dmi, msc: Supernova, no sfx, Next: [D2D-31]","Especially if you’re hungry.","Principalmente se você tiver com fome."
"D2D-31","No Sc, msc: Supernova, no sfx, Next: [KD7]","She lets out a hearty laugh.","Ela ri com gosto."
"KD7","Sc: K'Kili the Destroyer, msc: Supernova, sfx: KKILI1, Next: [KD8]","Oh man. I know that feeling when food is good just cuz you haven’t had anything. ","Sei bem como é. A fome é o melhor tempero. "
"KD8","Sc: K'Kili the Destroyer, msc: Supernova, sfx: KKILI3, Next: [KD8b]","Something with a good crunch to it seems like something my wife would like.","Acho que alguma coisa crocante ia cair bem pra minha esposa."
"KD8b","No Sc, msc: Supernova, no sfx, Next: [TDP9-1,TDN9-1]","Select an item in the shop","Selecione um item na loja."
"KD8b-Option-1","No Sc, msc: Supernova, no sfx, Next: [TDP9-1,TDN9-1]","",""
"KD8b-Option-2","No Sc, msc: Supernova, no sfx, Next: [TDP9-1,TDN9-1]KD8b-Option-2","",""
"TDP9-1","Sc: K'Kili the Destroyer, msc: Supernova, sfx: KKILI2, Next: [TDP9-2]","What are these called again? M’Ghooni Nachos?","Como é o nome disso mesmo? Nachos M'Ghooni?"
"TDP9-2","Sc: Dmi, msc: Supernova, no sfx, Next: [TDP9-3]","It's got a little kick to it. If your wife likes spice I’m sure she’d be into it.","É meio picante. Se a sua esposa gostar de pimenta, ela vai adorar."
"TDP9-3","Sc: K'Kili the Destroyer, msc: Supernova, sfx: KKILI3, Next: [TDP9-4]","I’m Martian. I can handle more than a little kick.","Eu sou de Marte. Uma pimentinha não é nada pra mim."
"TDP9-4","No Sc, msc: Supernova, no sfx, Next: [TDP9-5]","The alleged shapeshifter lifts up a chip and chomps down on it.","A provável transmorfa pega um nacho e manda ver."
"TDP9-5","Sc: K'Kili the Destroyer, msc: Supernova, sfx: KKILI2, Next: [TDP9-6]","Oh! That's a pretty solid nacho.","Ah! Até que são uns nachos de respeito."
"TDP9-6","Sc: Dmi, msc: Supernova, no sfx, Next: [TDP9-7]","Yeah my friend would usually call me to bring some back with me back when we were roommates. ","Pois é, minhe amigue vivia me ligando pedindo pra levar alguns pra casa quando a gente era colega de quarto. "
"TDP9-7","Sc: K'Kili the Destroyer, msc: Supernova, sfx: KKILI1, Next: [TDP9-8]","They’ve got good taste. Can you get one for me too?","Elu tem bom gosto. Me vê uma porção pra mim também?"
"TDP9-8","No Sc, msc: Supernova, no sfx, Next: [D2D-32]","I nod as I go over to the machine and get out a second batch of M’Ghooni Nachos.","Faço que sim com a cabeça e vou até a máquina fazer uma segunda porção de Nachos M'Ghooni."
"TDN9-1","No Sc, msc: Supernova, no sfx, Next: [TDN9-2]","K’Kili inspects the food presented to her.","K'Kili inspeciona a comida recebida."
"TDN9-2","Sc: K'Kili the Destroyer, msc: Supernova, sfx: KKILI1, Next: [TDN9-3]","Hmm I don’t mean to be rude kid but I don’t think she’s going to like this. ","Hmm, não me leve a mal, mas acho que ela não vai gostar disso. "
"TDN9-3","Sc: K'Kili the Destroyer, msc: Supernova, sfx: KKILI2, Next: [TDN9-4]","I wouldn’t really call this crunchy either.","Também não acho que isso seja crocante."
"TDN9-4","Sc: Dmi, msc: Supernova, no sfx, Next: [TDN9-5]","You sure she might not like this better?","Tem certeza que ela não vai gostar mais disso?"
"TDN9-5","Sc: K'Kili the Destroyer, msc: Supernova, sfx: KKILI3, Next: [TDN9-6]","Pretty sure I’d know what she likes best.","Tenho sim, eu conheço os gostos dela."
"TDN9-6","No Sc, msc: Supernova, no sfx, Next: [TDN9-7]","I sigh. Seems my gas station munchies intuition failed me today.","Suspiro. Minha intuição lanchística de postos de combustível me deixou na mão hoje."
"TDN9-7","Sc: Dmi, msc: Supernova, no sfx, Next: [TDN9-8]","Sorry bout that.","Foi mal."
"TDN9-8","Sc: K'Kili the Destroyer, msc: Supernova, sfx: KKILI1, Next: [D2D-32]","It's fine. I’ll take the gas at least.","Não faz mal. Vai ser só o combustível então."
"D2D-32","No Sc, msc: Supernova, no sfx, Next: [KD9]","The woman grabs her wallet in her pocket.","A mulher tira a carteira do bolso."
"KD9","Sc: K'Kili the Destroyer, msc: Supernova, sfx: KKILI2, Next: [DD2-15]","You take cards don’t you? Or did that stop for Doomsday?","Você aceita cartão? Ou o sistema parou de funcionar por causa do Fim dos Tempos?"
"DD2-15","Sc: Dmi, msc: Supernova, no sfx, Next: [D2D-33]","Nothing stops at Cosmic Fuel for Doomsday.","Aqui na Astrobrás, nada para de funcionar, nem pro Fim dos Tempos."
"D2D-33","No Sc, msc: Supernova, no sfx, Next: [D2D-34]","The woman cooly passes a card to me. I grab for it and freeze as I realize she passed me an ID.","Ela me entrega um cartão. Eu congelo quando percebo que ela me deu um documento de identidade."
"D2D-34","No Sc, msc: Supernova, no sfx, Next: [D2D-35]","The name is one I remember very well as it was all over the Martian news. ","Reconheço esse nome muito bem, já que apareceu em todos os noticiários de Marte. "
"D2D-35","No Sc, msc: Supernova, no sfx, Next: [KD10]","Holy crap. This woman is like… an urban legend on Mars.","Puta merda. Essa mulher é tipo... uma lenda urbana em Marte."
"KD10","Sc: K'Kili the Destroyer, msc: Supernova, sfx: KKili_Short, Next: [D2D-36]","Did my card decline?","Meu cartão não passou?"
"D2D-36","No Sc, msc: Supernova, no sfx, Next: [KD11]","All six of her eyes widen as she realizes her debit card isn’t in my hand and she snatches it.","Ela arregala os seis olhos dela quando percebe que não tô segurando seu cartão de débito, e arranca o documento das minhas mãos."
"KD11","Sc: K'Kili the Destroyer, msc: Supernova, sfx: KKili_Short, Next: [D2D-37]","Wrong card! Wrong card!","Cartão errado! Cartão errado!"
"D2D-37","No Sc, msc: Supernova, no sfx, Next: [D2D-38]","K’Kili passes me the right card.","K'Kili me entrega o cartão certo."
"D2D-38","No Sc, msc: Supernova, no sfx, Next: [KD12]","We sit in awkward silence.","O silêncio entre a gente é palpável."
"KD12","Sc: K'Kili the Destroyer, msc: Supernova, sfx: KKILI1, Next: [KD12b]","Are you going to ring me up or…?","Você vai me denunciar ou...?"
"KD12b","No Sc, msc: Supernova, sfx: CashRegister, Next: [DD2-16]","-cash register noise-","-som da caixa registradora-"
"DD2-16","Sc: Dmi, msc: Supernova, no sfx, Next: [DD2-17]","Eh I work at a gas station. I’m sure I’ve probably served someone with jaded pasts tons of times before. ","Assim, eu trabalho num posto de combustível. Já devo ter atendido pessoas com um passado sombrio milhares de vezes. "
"DD2-17","Sc: Dmi, msc: Supernova, no sfx, Next: [D2D-39]","You’re not going to throw me in the nearest black hole and take my place aren’t you?","Você não vai me tacar no buraco negro mais próximo e assumir a minha identidade, ou vai?"
"D2D-39","No Sc, msc: Supernova, no sfx, Next: [KD13]","K’Kili laughs.","K'Kili ri."
"KD13","Sc: K'Kili the Destroyer, msc: Supernova, sfx: KKILI3, Next: [DD2-18]","Not at all. I didn’t really use my powers like that. I can’t really shapeshift anymore anyways.","Não mesmo. Não era bem assim que eu usava os meus poderes. E de qualquer forma, eu nem posso mais mudar de forma."
"DD2-18","Sc: Dmi, msc: Supernova, no sfx, Next: [D2D-40]","Oh?","Ah é?"
"D2D-40","No Sc, msc: Supernova, no sfx, Next: [KD14]","She points to her antenna.","Ela aponta pra própria antena."
"KD14","Sc: K'Kili the Destroyer, msc: Supernova, sfx: KKILI2, Next: [KD15]","My antenna is a little bent. So I can’t really do that anymore. ","A minha antena entortou. Por isso não consigo mais. "
"KD15","Sc: K'Kili the Destroyer, msc: Supernova, sfx: KKILI1, Next: [D2D-41]","I felt like my world was falling apart when it first happened but my wife has been so supportive. I mean I got injured trying to help her in the first place. ","Meu mundo virou de cabeça pra baixo quando isso aconteceu, mas a minha esposa tem me ajudado tanto. Bem, eu me machuquei tentando ajudar ela, pra início de conversa. "
"D2D-41","No Sc, msc: Supernova, no sfx, Next: [KD16]","K’Kili lifts up her hand to show her ring. I can see the admiration and pride coming from her.","K'Kili levanta a mão pra mostrar sua aliança. Consigo sentir o orgulho e a admiração exalando dela."
"KD16","Sc: K'Kili the Destroyer, msc: Supernova, sfx: KKILI3, Next: [DD2-19]","My wife means everything to me. A part of me is happy we can get away and start new somewhere else.","A minha esposa é tudo pra mim. Parte de mim agradece por ter uma segunda chance em um lugar novo."
"DD2-19","Sc: Dmi, msc: Supernova, no sfx, Next: [KD17]","Wow…she sounds so lucky to have you.","Uau... ela tem muita sorte de ter você."
"KD17","Sc: K'Kili the Destroyer, msc: Supernova, sfx: KKili_Short, Next: [D2D-42]","I’m the lucky one.","Quem tem sorte sou eu."
"D2D-42","No Sc, msc: Supernova, no sfx, Next: [KD18]","K’Kili reaches over and places a hand on my shoulder. She has a strong grip. She probably could pull me over the counter like this.","K'Kili estende o braço e coloca a mão no meu ombro. Consigo sentir a força dos dedos dela. Ela provavelmente conseguiria me puxar pro outro lado do balcão assim."
"KD18","Sc: K'Kili the Destroyer, msc: Supernova, sfx: KKILI1, Next: [KD19]","Listen kid. You don’t know me and I don’t know you too well but I feel like I should tell you… ","Olha, meu bem. Você não me conhece e eu também não te conheço muito bem, mas sinto que eu preciso te dizer isso... "
"KD19","Sc: K'Kili the Destroyer, msc: Supernova, sfx: KKILI2, Next: [KD20]","I don’t really know what your baggage is with whoever you’re talking to but be honest. I can tell they mean a lot to you. ","Eu não sei qual é a sua história com essa pessoa, mas fale a verdade. Eu consigo ver que elu é muito importante pra você. "
"KD20","Sc: K'Kili the Destroyer, msc: Supernova, sfx: KKILI3, Next: [DD2-20]","I need you to really think about what they mean to you. Don’t you want to see them?","Quero que você pense no quanto elu é importante pra você. Você não quer ver elu?"
"DD2-20","Sc: Dmi, msc: Supernova, no sfx, Next: [D2D-43]","I…can’t anyways… It's too late.","Eu... nem posso mesmo... é tarde demais."
"D2D-43","No Sc, msc: Supernova, no sfx, Next: [KD21]","K’Kili lets go of my shoulder.","K'Kili solta o meu ombro."
"KD21","Sc: K'Kili the Destroyer, msc: Supernova, sfx: KKILI1, Next: [DD2-21]","I know… Just talk to them.","Eu sei... Só fale com elu."
"DD2-21","Sc: Dmi, msc: Supernova, no sfx, Next: [KD22]","…I’ll try.","Vou tentar..."
"KD22","Sc: K'Kili the Destroyer, msc: Supernova, sfx: KKILI3, Next: [D2D-44]","It's all you can do right?","É o máximo que dá pra fazer, né?"
"D2D-44","No Sc, msc: Supernova, no sfx, Next: [KD23]","She squints at my name tag.","Ela aperta os olhos pra tentar ler o nome no meu crachá."
"KD23","Sc: K'Kili the Destroyer, msc: Supernova, sfx: KKILI2, Next: [D2D-45]","You seem like a good kid. I’ll leave a nice review for you on Welp.","Você é gente fina. Vou fazer uma avaliação positiva no Welp."
"D2D-45","No Sc, msc: Supernova, no sfx, Next: [D2D-45b]","The woman offers me a smile and walks out of the Cosmic Fuel with nachos in hand.","A mulher sorri pra mim e vai embora com os nachos na mão."
"D2D-45b","No Sc, msc: Supernova, sfx: Door_Chime,Door_Close, Next: [D2D-46]","-door chimes and closes-","-a porta apita e fecha-"
"D2D-46","No Sc, msc: Supernova, no sfx, Next: [D2D-47]","I don’t move. Never in my life did I think I would be getting a pep talk about relationships with a customer who just wanted to buy snacks.","Fico imóvel. Nunca pensei que ganharia conselhos amorosos de uma cliente que só veio comprar um lanche."
"D2D-47","No Sc, msc: Supernova, no sfx, Next: [D2D-48]","I should be on my way out of here. Maybe catching a ride outta here on a new planet but here I am. ","Eu já devia estar saindo daqui. Quem sabe pegando uma carona pra fora daqui, em outro planeta, mas aqui estou. "
"D2D-48","No Sc, msc: Supernova, no sfx, Next: [D2D-49]","Doomed.","No fundo do poço."
"D2D-49","No Sc, msc: Supernova, no sfx, Next: [D2D-50]","…","…"
"D2D-50","No Sc, msc: Supernova, no sfx, Next: [D2D-51]","Some time passes. I don’t get any more customers and I try to busy myself with the monotony of cleaning.","O tempo passa e nenhum outro cliente aparece. Tento me ocupar com uma limpeza monótona."
"D2D-51","No Sc, msc: Supernova, no sfx, Next: [D2D-52]","I think Flubber notices something is wrong cuz I find her wanting to brush up against me more as she tries to move off of her usual lounging spot.","Acho que a Flubber percebe que algo tá errado, porque ela sai do cantinho dela pra ficar se esfregando em mim mais do que o normal."
"D2D-52","No Sc, msc: Supernova, no sfx, Next: [D2D-53]","Rob eventually comes by. His usual cheery disposition fades as he picks up Flubber.","Rob chega no final do dia e leva a Flubber embora. A sua alegria de sempre parece ter se esvaído."
"D2D-53","No Sc, msc: Supernova, no sfx, Next: [D2D-54]","I think it finally hit him about what was going to happen.","Acho que ele finalmente se tocou do que vai acontecer."
"D2D-54","No Sc, msc: Supernova, no sfx, Next: [D2D-55]","…","…"
"D2D-55","No Sc, msc: Supernova, no sfx, Next: [D2D-55b]","I need to rest before tomorrow.","Preciso descansar pra amanhã."
"D2D-55b","No Sc, msc: Supernova, sfx: Door_Open,Door_Chime,Door_Close, Next: [Day3Transition]","-door opens and closes with a chime-","-porta abre e fecha com um apito-"
"Day3Transition","No Sc, msc: Supernova, no sfx, Next: [D3D-1]","DAY 3","DIA 3"
"D3D-1","No Sc, msc: Supernova, no sfx, Next: [D3D-2]","Doomsday.","Fim dos Tempos."
"D3D-2","No Sc, msc: Supernova, no sfx, Next: [D3D-3]","Feels a lot quieter than how I’d imagined it.","Parece bem mais calmo do que imaginava."
"D3D-3","No Sc, msc: Supernova, no sfx, Next: [D3D-4]","Well most people evacuated… it makes sense it's this quiet. ","Bom, quase todo mundo já evacuou... faz sentido tá tão calmo assim. "
"D3D-4","No Sc, msc: Supernova, no sfx, Next: [D3D-4b]","There’s no Flubber no Rob just me. ","Sem Flubber, sem Rob, só eu. "
"D3D-4b","No Sc, msc: Supernova, sfx: Text_1, Next: [T18]","-phone chimes-","-celular apita-"
"T18","Sc: Cassiopeia, on phone, msc: Supernova, sfx: Pocket_Swoosh_2, Next: [T19]","Dmi did you get my message about where to meet me at the Space Port? You haven’t been answering me since last night. ","Dmi, você recebeu minha mensagem sobre onde me achar no Espaçoporto? Você não me responde desde ontem à noite. "
"T19","Sc: Dmi, on phone, msc: Supernova, no sfx, Next: [T20]"," Sorry just been so busy. You know how it is. "," Foi mal, fiquei muito ocupade. Sabe como é. "
"T20","Sc: Cassiopeia, on phone, msc: Supernova, sfx: Text_4_vibrate, Next: [D3D-5]","What’s wrong with you? I would think this is a pretty big time to answer your messages! I mean we got the last space jumps of the day! ","Qual o seu problema? Eu diria que essa é uma ótima hora pra responder suas mensagens! Tipo, a gente tem que pegar os últimos saltos espaciais do dia!  "
"D3D-5","No Sc, msc: Supernova, no sfx, Next: [D3D-6]","For once I feel tears threaten to fall from my face as I stare at my phone.","Por um momento, lágrimas ameaçam a cair do meu rosto enquanto olho o celular."
"D3D-6","No Sc, msc: Supernova, no sfx, Next: [T21]","I wipe my face. Why am I such a loser? I don’t wanna weigh her down. I’m doing her a favor by not telling her!","Esfrego o rosto. Por que eu sou tão idiota? Não quero ser um peso pra ela... Tô fazendo um favor não contando nada."
"T21","Sc: Cassiopeia, on phone, msc: Supernova, no sfx, Next: [DD3-1a]"," Dmi?",""
"DD3-1a","No Sc, msc: Supernova, sfx: Smoke_Detector_Beep_2, Next: [DD3-1]","-smoke alarm chirps-","-detector de fumaça apita-"
"DD3-1","Sc: Dmi, msc: Supernova, no sfx, Next: [D3D-7]"," Really? Today of all days?"," Sério? Justo hoje?"
"D3D-7","No Sc, msc: Supernova, no sfx, Next: [D3D-8]","You’d think after all this time smoke alarms wouldn’t work the same way as they did hundreds of years ago.","Pensei que depois de todo esse tempo, detectores de fumaça não funcionariam do mesmo jeito que centenas de anos atrás."
"D3D-8","No Sc, msc: Supernova, no sfx, Next: [AD1a]","I tune it out as I busy myself with my normal routine. Cleaning waiting more cleaning and more waiting. ","Deixo ele pra lá e sigo com minha rotina normal. Limpar, esperar, limpar mais, e esperar mais. "
"AD1a","No Sc, msc: Supernova, sfx: Door_Chime,Door_Open, Next: [AD1]","-door opens and chimes-","-porta abre e apita-"
"AD1","Sc: Aiyana, msc: Supernova, sfx: ALYANA1, Next: [D3D-9]","Oh wow. You’re actually open. ","Uau. Estão abertos mesmo. "
"D3D-9","No Sc, msc: Supernova, no sfx, Next: [D3D-10]","My head whips up from where I was brooming from the already pristine floors.","Levanto a cabeça do chão já brilhante que eu varria."
"D3D-10","No Sc, msc: Supernova, no sfx, Next: [DD3-2]","Xey holds a phone in xeir hand.","Ile segura um celular na mão."
"DD3-2","Sc: Dmi, msc: Supernova, no sfx, Next: [D3D-11]"," Oh hey. Uh what are you doing here? "," Ah, oi. Hm, o que você tá fazendo aqui? "
"D3D-11","No Sc, msc: Supernova, no sfx, Next: [D3D-12]","The person walks towards the counter. I walk behind it just as I usually would.","A pessoa anda até o balcão. Vou para trás dele como faço de costume."
"D3D-12","No Sc, msc: Supernova, sfx: Smoke_Detector_Beep_2, Next: [AD2]","Xey pause as xey look up at the chirping smoke alarm. I watch the gears turn as xey decide to ignore it.","Ile para e olha o detector de fumaça apitando. Observo enquanto reflete sobre o que fazer, até que escolhe ignorar o barulho. "
"AD2","Sc: Aiyana, msc: Supernova, sfx: ALYANA2, Next: [DD3-3]"," I wanted to see if I can get a snack or something. My phone said this place was open. I wanted to grab something before going back home to Earth. "," Queria ver se consigo um lanchinho ou coisa do tipo. Meu celular disse que esse lugar estava aberto. Queria pegar algo antes de voltar pra casa, na Terra. "
"DD3-3","Sc: Dmi, msc: Supernova, no sfx, Next: [D3D-13]"," Earth?"," Terra?"
"D3D-13","No Sc, msc: Supernova, no sfx, Next: [AD3]","Earth isn’t a planet you hear too often when it came to human inhabitants. Despite the supernova, Earth has already been deemed unfavorable for living compared to anywhere else.","Terra não é um planeta que se ouve muito quando se trata de habitantes humanos. Apesar da supernova, a Terra já era considerada como inabitável, em comparação com outros lugares."
"AD3","Sc: Aiyana, msc: Supernova, sfx: ALYANA3, Next: [AD4]"," Yeah some people actually still live there. "," É, ainda tem gente que mora lá. "
"AD4","Sc: Aiyana, msc: Supernova, sfx: ALYANA1, Next: [D3D-14]"," and by some people I mean me."," E por gente, quero dizer eu."
"D3D-14","No Sc, msc: Supernova, no sfx, Next: [DD3-4]","I chuckle.","Solto uma risadinha."
"DD3-4","Sc: Dmi, msc: Supernova, no sfx, Next: [AD5]"," Well what are you looking for? I can help you pick out something. "," Então, o que tá procurando? Posso te ajudar a escolher algo. "
"AD5","Sc: Aiyana, msc: Supernova, sfx: ALYANA3, Next: [AD6]","Well to be honest…I don’t really care. What do you think is good? ","Sinceramente… não ligo muito. O que você acha que é bom? "
"AD6","Sc: Aiyana, msc: Supernova, sfx: Alyana_Short, Next: [AD6b]","I’ll take anything.","Aceito qualquer coisa."
"AD6b","No Sc, msc: Supernova, no sfx, Next: [TDP10-1]","Select an item in the shop","Selecione um item na loja."
"AD6b-Option-1","No Sc, msc: Supernova, no sfx, Next: [TDP10-1]","",""
"AD6b-Option-2","No Sc, msc: Supernova, no sfx, Next: [TDP10-1]AD6b-Option-2","",""
"TDP10-1","Sc: Aiyana, msc: Supernova, sfx: ALYANA1, Next: [TDP10-2]","Hmm don’t think I’ve tried this before. ","Hum, acho que nunca provei isso. "
"TDP10-2","Sc: Aiyana, msc: Supernova, sfx: Alyana_Short, Next: [TDP10-3]"," How many luncos is it?"," São quantos luncos?"
"TDP10-3","Sc: Dmi, msc: Supernova, no sfx, Next: [TDP10-4]","I’d be crazy to make this company richer by charging you.","Seria loucura te cobrar e deixar essa empresa mais rica do que já é."
"TDP10-4","Sc: Aiyana, msc: Supernova, sfx: Alyana_Short, Next: [TDP10-4a]"," Just checking."," Só checando."
"TDP10-4a","Sc: Aiyana, msc: Supernova, sfx: ALYANA1, Next: [TDP10-5]"," So what possessed you to clock in when you could be at home or better yet at the Space Port on your way out of here? "," Então, o que te deu na cabeça de bater o ponto quando podia estar em casa ou, melhor ainda, no Espaçoporto saindo daqui? "
"TDP10-5","Sc: Dmi, msc: Supernova, no sfx, Next: [TDP10-6]"," Just a coward who thinks working at a gas station is more comfortable than confronting my problems head-on."," Só alguém covarde que pensa que trabalhar num posto de combustível é mais confortável do que enfrentar meus problemas."
"TDP10-6","Sc: Dmi, msc: Supernova, no sfx, Next: [TDP10-7]"," What about you?"," E você?"
"TDP10-7","No Sc, msc: Supernova, no sfx, Next: [TDP10-8]","Xey let out a bitter laugh.","Ile solta uma risada amarga."
"TDP10-8","Sc: Aiyana, msc: Supernova, sfx: Alyana_Short, Next: [TDP10-9]"," I stayed behind."," Eu fiquei pra trás."
"TDP10-9","Sc: Aiyana, msc: Supernova, sfx: ALYANA2, Next: [TDP10-10]"," You might think it's stupid but I want to stay with the Earth in its final moments. "," Você pode achar estúpido, mas eu queria ficar com a Terra nos seus momentos finais. "
"TDP10-10","Sc: Aiyana, msc: Supernova, sfx: ALYANA1, Next: [TDP10-11]","Everyone left it behind and I just don’t want to do the same. I did too much for that floating rock in space. I tried my best. ","Todes a deixaram pra trás, e eu não quero fazer o mesmo. Eu fiz muito por aquela pedra flutuante no espaço. Dei o meu melhor. "
"TDP10-11","Sc: Dmi, msc: Supernova, no sfx, Next: [TDP10-12]","You’re just going to get sent to hell with it?","E aí você só vai se mandar pro inferno junto com ela?"
"TDP10-12","Sc: Aiyana, msc: Supernova, sfx: ALYANA2, Next: [TDP10-13]"," That does make it sound cooler when you say it like that."," Olha, quando você fala assim, soa bem mais legal."
"TDP10-13","Sc: Dmi, msc: Supernova, no sfx, Next: [TDP10-14]","I don’t really think it's stupid.","Não acho que isso seja estúpido."
"TDP10-14","Sc: Dmi, msc: Supernova, no sfx, Next: [TDP10-15]","What's your name? Might as well ask while we’re here.","Qual o seu nome? Melhor perguntar já que estamos aqui."
"TDP10-15","Sc: Aiyana, msc: Supernova, sfx: ALYANA3, Next: [TDP10-16]"," It's Aiyana. Nothing special to it."," É Aiyana. Ele não tem nada de especial."
"TDP10-16","No Sc, msc: Supernova, no sfx, Next: [TDP10-17]","Xey look at my name tag. I see as xeir eyes look back down to double check.","Ile olha meu crachá. Vejo os olhos dile olhando pra baixo de novo, pra confirmar."
"TDP10-17","Sc: Aiyana, msc: Supernova, sfx: Alyana_Short, Next: [TDP10-18]"," Thanks for the free stuff Dmi. "," Obrigade pelo brinde, Dmi.  "
"TDP10-18","Sc: Dmi, msc: Supernova, no sfx, Next: [TDP10-19]"," It's no problem. Just enjoy it. Thanks for being my last customer."," Não foi nada. Aproveite. Obrigade por ser minhe últime cliente."
"TDP10-19","Sc: Aiyana, msc: Supernova, sfx: ALYANA1, Next: [TDP10-20]","For what it's worth I think they deserve to know. There isn’t much time left. ","Só pra constar, acho que elu merece saber. Não resta muito tempo. "
"TDP10-20","Sc: Aiyana, msc: Supernova, sfx: ALYANA3, Next: [TDP10-21]","I don’t think anyone should go out with regrets.","Não acho que ninguém deva partir com arrependimentos."
"TDP10-21","No Sc, msc: Supernova, no sfx, Next: [TDP10-22]","Xey go over to the door.","Ile vai até a porta."
"TDP10-22","Sc: Aiyana, msc: Supernova, sfx: ALYANA2, Next: [TDP10-22b]","Also take out the batteries in that smoke alarm. You don’t have to be in hell already jeez. ","Outra coisa, tira as pilhas daquele detector de fumaça. Você não precisa já estar no inferno, credo. "
"TDP10-22b","No Sc, msc: Supernova, sfx: Door_Chime,Door_Close, Next: [D3D-15a]","-door opens and closes with a chime-","-porta abre e fecha com um apito-"
"D3D-15a","No Sc, msc: Supernova, no sfx, Next: [D3D-15]","I grab my broom and give the smoke alarm a solid SMACK.","Pego a vassoura e dou uma bela VASSOURADA no detector de fumaça."
"D3D-15","No Sc, msc: Supernova, no sfx, Next: [D3D-16]","The thing falls to the ground. Aiyana was right about how annoying the noise is when you’re not ignoring it.","O treco cai no chão. Aiayna tinha razão sobre como o barulho é irritante quando você não ignora ele."
"D3D-16","No Sc, msc: Supernova, no sfx, Next: [D3D-16b]","Time passes.","O tempo passa."
"D3D-16b","No Sc, msc: Supernova, sfx: Text_1, Next: [PON-1,POP-1]","-phone chimes-","-celular apita-"
"D3D-16b-Option-1","No Sc, msc: Supernova, sfx: Text_1, Next: [PON-1,POP-1]","",""
"D3D-16b-Option-2","No Sc, msc: Supernova, sfx: Text_1, Next: [PON-1,POP-1]D3D-16b-Option-2","",""
"PON-1","No Sc, msc: BracingForImpact, no sfx, Next: [PON-2]","It's Cassiopeia.","É a Cassiopeia."
"PON-2","No Sc, msc: BracingForImpact, no sfx, Next: [PON-3]","I pick up my phone but put it back down.","Eu pego meu celular, mas coloco ele pra baixo de novo."
"PON-3","Sc: Dmi, msc: BracingForImpact, no sfx, Next: [PON-4]"," Sorry Cassie. Just focus on getting out of here."," Desculpa, Cassie. Só foca em sair daqui."
"PON-4","No Sc, msc: BracingForImpact, no sfx, Next: [PON-5]","A sinking feeling forms in my stomach as I realize she stopped because its time for her to make her space jump.","Sinto meu coração apertando quando percebo que ela parou porque é hora do salto espacial dela."
"PON-5","No Sc, msc: BracingForImpact, no sfx, Next: [PON-6]","She gave up.","Ela desistiu."
"PON-6","No Sc, msc: BracingForImpact, no sfx, Next: [PON-7]","I thought I could handle this.","Achei que ia conseguir lidar com isso."
"PON-7","No Sc, msc: BracingForImpact, no sfx, Next: [PON-8]","I thought I would be fine.","Achei que ia ficar bem."
"PON-8","No Sc, msc: BracingForImpact, no sfx, Next: [PON-9]","Maybe it would have been better to just tell her. She must have cared if she wanted to speak to me so badly.","Talvez tivesse sido melhor só ter contado pra ela. Ela devia se importar, já que queria tanto falar comigo."
"PON-9","No Sc, msc: BracingForImpact, no sfx, Next: [PON-10]","I pull up a chair next to the window and take a seat.","Eu puxo uma cadeira até a janela e me sento."
"PON-10","No Sc, msc: Supernova, no sfx, Next: [PON-11]","Cosmic Fuel the place to fill to your heart’s content… ","Astrobrás, o lugar pra encher até seu coração… "
"PON-11","No Sc, msc: Supernova, no sfx, Next: [PON-12]","Now it is the place where my heart feels the most empty. ","Agora é o lugar onde meu coração se sente mais vazio. "
"PON-12","No Sc, msc: BracingForImpact, no sfx","I’m an idiot.","Sou muito idiota."
"POP-1","No Sc, msc: Supernova, no sfx, Next: [POP-2]","It's time to stop beating around the bush.","Tá na hora de parar com essa enrolação."
"POP-2","Sc: Cassiopeia, on phone, msc: Supernova, sfx: Text_4_vibrate, Next: [POP-3]","Dmi you’re actually scaring me. Why aren’t you answering? ","Dmi, você tá me assustando. Por que não responde? "
"POP-3","Sc: Dmi, on phone, msc: Supernova, no sfx, Next: [POP-4]","I can’t go to the Space Port.","Não consigo ir pro Espaçoporto."
"POP-4","No Sc, msc: Supernova, no sfx, Next: [POP-5]","Silence.","Silêncio."
"POP-5","Sc: Cassiopeia, on phone, msc: Supernova, sfx: Text_4_vibrate, Next: [POP-6]"," Are u at home?"," Vc tá em casa?"
"POP-6","Sc: Dmi, on phone, msc: Supernova, no sfx, Next: [POP-7]"," No."," Não."
"POP-7","No Sc, msc: Supernova, no sfx, Next: [POP-8]","Silence.","Silêncio."
"POP-8","Sc: Cassiopeia, on phone, msc: Supernova, sfx: Text_4_vibrate, Next: [POP-9]"," Give me a few minutes."," Me dá uns minutinhos."
"POP-9","Sc: Dmi, on phone, msc: Supernova, no sfx, Next: [POP-10]"," What"," Que foi?"
"POP-10","No Sc, msc: Supernova, no sfx, Next: [POP-11]","Cassiopeia stops replying.","Cassiopeia para de responder."
"POP-11","No Sc, msc: Supernova, no sfx, Next: [POP-12]","I stare at my phone before typing a few more replies.","Encaro meu celular antes de digitar mais algumas respostas."
"POP-12","No Sc, msc: Supernova, no sfx, Next: [POP-13]","Nothing.","Um nada."
"POP-13","No Sc, msc: Supernova, no sfx, Next: [POP-14]","Is she mad at me? I know this has gotta take the prize for one of the worst things to ever tell someone.","Ela ficou brava comigo? Eu sei que isso devia ganhar o prêmio de uma das piores coisas de se dizer pra alguém."
"POP-14","No Sc, msc: Supernova, no sfx, Next: [POP-15]","Crap.","Merda."
"POP-15","No Sc, msc: Supernova, no sfx, Next: [POP-16]","I should have just come clean earlier. Of course she’s not going to take this well. WHO WOULD? ","Eu devia ter desmbuchado antes. É claro que ela não vai reagir bem a isso. QUEM IRIA? "
"POP-16","No Sc, msc: Supernova, no sfx, Next: [POP-16b]","I place my face in my hands and groan. For some reason the entire universe has been shooting me signs to just come clean and here I am a few hours from Doomsday and I just-- ","Eu coloco minhas mãos no rosto e resmungo. Por algum motivo o universo inteiro tem me mandando sinais pra eu desembuchar logo, e eu aqui, a poucas horas do Fim dos Tempos e eu simplesmente... "
"POP-16b","No Sc, msc: Supernova, sfx: Door_Chime,Door_Open, Next: [POP-17]","-door opens and chimes-","-porta abre e apita-"
"POP-17","Sc: Dmi, msc: Supernova, no sfx, Next: [POP-18]"," Huh?"," Hã?"
"POP-18","No Sc, msc: BracingForImpact, no sfx, Next: [POP-19]","Every atom in my body freezes as I look at the panting figure standing in the doorway.","Todo átomo no meu corpo congela quando eu vejo a figura ofegante de pé na porta."
"POP-19","Sc: Dmi, msc: BracingForImpact, no sfx, Next: [POP-20]","C-Cassiopeia…?","C-Cassiopeia…?"
"POP-20","Sc: Cassiopeia, msc: BracingForImpact, sfx: CASS1, Next: [POP-21]","You don’t know how hard it was for me to get here in the time I had left.","Você não sabe como foi difícil pra mim chegar aqui no tempo que sobrou."
"POP-21","No Sc, msc: BracingForImpact, no sfx, Next: [POP-22]","She punches me immediately.","Ela me acerta um soco na mesma hora."
"POP-22","Sc: Dmi, msc: BracingForImpact, no sfx, Next: [POP-23]"," Ow! Cassie!"," Ai! Cassie!"
"POP-23","No Sc, msc: BracingForImpact, no sfx, Next: [POP-24]","She punches me again.","Ela me acerta outro soco."
"POP-24","Sc: Cassiopeia, msc: BracingForImpact, sfx: CASS2, Next: [POP-25]","Don’t “Ow” me! YOU WOULD PICK NOW OUT OF ALL TIMES TO TELL ME YOU WEREN’T ABLE TO GET CLEARED FOR A SPACE JUMP?","Que ""Ai"" o quê! SÉRIO MESMO QUE VOCÊ VEM ME DIZER SÓ AGORA QUE NÃO CONSEGUIU AUTORIZAÇÃO PRA UM SALTO ESPACIAL?"
"POP-25","No Sc, msc: BracingForImpact, no sfx, Next: [POP-26]","She’s fuming understandably so. ","Ela tá furiosa, o que dá pra entender. "
"POP-26","Sc: Dmi, msc: BracingForImpact, no sfx, Next: [POP-27]","I’m sorry! I didn’t want you to worry about me!","Desculpa! Não queria que se preocupasse comigo!"
"POP-27","Sc: Dmi, msc: BracingForImpact, no sfx, Next: [POP-28]","Also things just weren’t the best. I…didn’t see how things would get better even if I found a way to go. ","As coisas não tavam indo muito bem. Eu… simplesmente não conseguia ver as coisas melhorando, nem se eu achasse um jeito de ir. "
"POP-28","No Sc, msc: BracingForImpact, no sfx, Next: [POP-29]","Cassiopeia relaxes.","A Cassiopeia relaxa."
"POP-29","Sc: Cassiopeia, msc: BracingForImpact, sfx: Cassie_Short, Next: [POP-30]"," Is anyone else here?"," Tem mais alguém aqui?"
"POP-30","Sc: Dmi, msc: BracingForImpact, no sfx, Next: [POP-31]"," It's just me."," Só eu."
"POP-31","Sc: Cassiopeia, msc: BracingForImpact, sfx: CASS4, Next: [POP-32]"," Do you guys sell Chai here?"," Vocês vendem Chai aqui?"
"POP-32","No Sc, msc: BracingForImpact, no sfx, Next: [POP-33a]","Chai has always been Cassiopeia’s choice for an end-of-the-world drink. We’ve had too many late-night “What-if?” conversations for me to not remember.","Chai sempre foi a bebida de escolha de Cassiopeia pro fim do mundo. A gente teve muitas conversas de ""E se?"" pra eu não me lembrar."
"POP-33a","Sc: Dmi, msc: BracingForImpact, sfx: , Next: [POP-33]","I’ll get that for you.","Vou pegar um pra você."
"POP-33","Sc: Cassiopeia, msc: BracingForImpact, sfx: Cassie_Short, Next: [POP-34]"," Thanks Dmi."," Valeu, Dmi."
"POP-34","No Sc, msc: BracingForImpact, no sfx, Next: [POP-35]","I change the settings of the hot drink machine to Chai and watch as the warm drink pours into the cup.","Eu mudo as configurações da máquina de bebida quente pra Chai e vejo o líquido quente derramando no copo."
"POP-35","No Sc, msc: BracingForImpact, no sfx, Next: [POP-36]","I place the cup down on the counter in front of me and push it toward her.","Coloco o copo no balcão na minha frente e empurro na direção dela."
"POP-36","Sc: Cassiopeia, msc: BracingForImpact, sfx: Cassie_Short, Next: [POP-37]"," Dmi come. "," Dmi, vem cá. "
"POP-37","No Sc, msc: BracingForImpact, no sfx, Next: [POP-38]","She moves over to the window with her Chai in hand. I grab my chair and an extra from behind the counter and drag them over to her.","Ela anda até a janela com seu Chai na mão. Pego minha cadeira e mais uma de trás do balcão, e arrasto as duas até ela."
"POP-38","No Sc, msc: BracingForImpact, no sfx, Next: [POP-38b]","She takes a long sip of her drink before sitting down.","Ela toma um longo gole da bebida dela antes de sentar."
"POP-38b","No Sc, msc: BracingForImpact, sfx: Smoke_Detector_Beep_2, Next: [POP-39]","-smoke alarm chirps-","-detector de fumaça apita-"
"POP-39","No Sc, msc: BracingForImpact, no sfx, Next: [POP-40]","Cassiopeia searches for the sound. I grab a nearby broom.","Cassiopeia procura de onde vem o som. Eu pego uma vassoura perto de mim."
"POP-40","Sc: Dmi, msc: BracingForImpact, no sfx, Next: [POP-41]"," Give me a second."," Me dá um segundo."
"POP-41","No Sc, msc: BracingForImpact, no sfx, Next: [POP-42]","I land a solid SMACK at the smoke alarm and watch as it falls to pieces.","Dou uma bela VASSOURADA no detector de fumaça e vejo ele cair em pedaços."
"POP-42","No Sc, msc: BracingForImpact, no sfx, Next: [POP-43]","Cassiopeia doesn’t say a word as I bring myself next to her.","Cassiopeia não diz uma palavra enquanto eu me aproximo dela."
"POP-43","Sc: Cassiopeia, msc: BracingForImpact, sfx: Cassie_Short, Next: [POP-44]","As I was saying…","Como eu tava dizendo…"
"POP-44","Sc: Cassiopeia, msc: BracingForImpact, sfx: CASS4, Next: [POP-45]"," Did you ever think about what happens after the supernova if you never told me?"," Você já parou pra pensar no que ia acontecer depois da supernova se não tivesse me falado nada?"
"POP-45","Sc: Dmi, msc: BracingForImpact, no sfx, Next: [POP-46]","You’d carry on without me. Probably. Cassie you’re not even going to make it back in time! ","Você ia tocar a vida sem mim. Provavelmente. Cassie, você nem vai conseguir voltar a tempo! "
"POP-46","No Sc, msc: BracingForImpact, no sfx, Next: [POP-47]","Cassiopeia doesn’t answer. She takes another sip of her cheap gas station Chai.","Cassiopeia não responde. Ela toma mais um gole do seu Chai barato de posto."
"POP-47","Sc: Cassiopeia, msc: BracingForImpact, sfx: CASS3, Next: [POP-48]","Nice try. Dmi you’re one of the most important people to me. ","Boa tentativa. Dmi, você é uma das pessoas mais importantes pra mim. "
"POP-48","Sc: Cassiopeia, msc: BracingForImpact, sfx: CASS1, Next: [POP-49]","I’m here because I want to be here with you!","Eu tô aqui porque quero estar aqui contigo!"
"POP-49","Sc: Dmi, msc: BracingForImpact, no sfx, Next: [POP-50]"," Cass--"," Cass..."
"POP-50","Sc: Cassiopeia, msc: BracingForImpact, sfx: CASS2, Next: [POP-51]"," You have been giving me the slip for days and I knew something was up!"," Você anda me evitando faz dias e eu sabia que tinha alguma coisa errada!"
"POP-51","No Sc, msc: BracingForImpact, no sfx, Next: [POP-52]","Tears well up in my eyes. I can’t help it.","Lágrimas se acumulam nos meus olhos. Não consigo evitar."
"POP-52","Sc: Cassiopeia, msc: BracingForImpact, sfx: Cassie_Short, Next: [POP-53]","Dmi? Come on…","Dmi? Ei... "
"POP-53","No Sc, msc: BracingForImpact, no sfx, Next: [POP-54]","She takes me into her arms before she wipes at my tears. She holds my face in her hands. I can’t pinpoint the emotion I see in her face.","Ela me segura nos braços antes de enxugar minhas lágrimas. Ela segura meu rosto nas mãos. Não consigo identificar a emoção que vejo no rosto dela."
"POP-54","No Sc, msc: BracingForImpact, no sfx, Next: [POP-55]","Was it pity?","Será que era pena?"
"POP-55","Sc: Cassiopeia, msc: BracingForImpact, sfx: CASS1, Next: [POP-56]","I want to be here with you. Don’t cry.","Eu quero estar aqui contigo. Não chora."
"POP-56","No Sc, msc: BracingForImpact, no sfx, Next: [POP-57]","…love? Was that it?","Amor...? Será que era isso?"
"POP-57","Sc: Dmi, msc: BracingForImpact, no sfx, Next: [POP-58]"," I wish we had more time. I wish we could have done more things together or had a chance to just live in another galaxy. Or at least you should be able to leave-- "," Queria que a gente tivesse mais tempo. Que a gente tivesse feito mais coisas juntes… ou pudesse viver em outra galáxia. Ou pelo menos que você pudesse partir... "
"POP-58","No Sc, msc: BracingForImpact, no sfx, Next: [POP-59]","Cassiopeia wipes at my tears some more. I see her own tears threaten to fall.","Cassiopeia enxuga minhas lágrimas de novo. Vejo as lágrimas dela quase escapando."
"POP-59","Sc: Cassiopeia, msc: BracingForImpact, sfx: CASS3, Next: [POP-60]","I don’t want to leave without you.","Não quero partir sem você."
"POP-60","No Sc, msc: BracingForImpact, no sfx, Next: [POP-60b]","I wipe at my own tears.","Enxugo minhas próprias lágrimas."
"POP-60b","No Sc, msc: BracingForImpact, sfx: Text_1, Next: [TPOP-1]","-phone chimes-","-celular apita-"
"TPOP-1","No Sc, on phone, msc: BracingForImpact, no sfx, Next: [POP-61]","SUPERNOVA IMMINENT. EVACUATE IMMEDIATELY.","SUPERNOVA IMINENTE. EVACUE IMEDIATAMENTE."
"TPOP-2"," ""added missing string""","!!! DEIMOS MOON WARNING !!!","!!! ALERTA PARA DEIMOS !!!"
"POP-61","Sc: Dmi, msc: BracingForImpact, no sfx, Next: [POP-62]","A little late for that isn’t it?","Meio tarde pra isso, né?"
"POP-62","No Sc, msc: BracingForImpact, no sfx, Next: [POP-63]","I scoot my chair closer to Cassiopeia. She’s a beacon in this time where I thought I would be alone.","Arrasto minha cadeira pra mais perto de Cassiopeia. Quando achei que ficaria só, ela apareceu como uma luz."
"POP-63","No Sc, msc: BracingForImpact, no sfx, Next: [POP-64]","I didn’t think I would be ready for this. I still don’t think I am.","Não achei que ia estar preparade pra isso. Ainda não acho que tô."
"POP-64","No Sc, msc: BracingForImpact, no sfx, Next: [POP-65]","Cassiopeia takes my hand and smiles as she gives it a squeeze.","Cassiopeia pega minha mão e sorri enquanto aperta ela forte."
"POP-65","No Sc, msc: BracingForImpact, no sfx, Next: [POP-66]","Okay…","Tá..."
"POP-66","No Sc, msc: BracingForImpact, no sfx, Next: [POP-67]","Alright…","Beleza..."
"POP-67","Sc: Dmi, msc: BracingForImpact, no sfx, Next: [POP-68]","Thank you Cassie. ","Obrigade, Cassie. "
"POP-68","No Sc, msc: BracingForImpact, no sfx, Next: [POP-69]","She chuckles somehow she’s still smug even now. ","Ela dá uma risadinha. Mesmo numa hora dessas, ela continua toda convencida. "
"POP-69","Sc: Cassiopeia, msc: BracingForImpact, sfx: Cassie_Short, Next: [POP-70]"," I love you too Dmi. "," Também te amo, Dmi. "
"POP-70","No Sc, msc: BracingForImpact, no sfx, Next: [POP-71]","I return her laugh as our world goes white.","Eu rio com ela enquanto nosso mundo embranquece."
"POP-71","No Sc, msc: BracingForImpact, no sfx","I was never really alone.","Eu nunca estive só."
